2025-09-12 02:38:39 - [ACCESS] Usuario admin accedió a index.php
2025-09-12 02:39:10 - [ACCESS] Usuario admin accedió a index.php
2025-09-12 02:39:41 - [ACCESS] Usuario admin accedió a index.php
2025-09-12 02:40:12 - [ACCESS] Usuario admin accedió a index.php
2025-09-12 02:40:17 - [ACCESS] Usuario admin accedió a index.php
2025-09-12 02:40:29 - [ACCESS] Login exitoso para usuario: admin
2025-09-12 02:40:29 - [ACCESS] Usuario admin accedió a index.php
2025-09-12 02:40:34 - [ACCESS] Usuario admin accedió a estado.php
2025-09-12 02:40:55 - [ACCESS] Usuario admin accedió a index.php
2025-09-12 02:41:03 - [ACCESS] Usuario admin accedió a pqrs.php
2025-09-12 02:41:07 - [ACCESS] Usuario admin accedió a reportes.php
2025-09-12 02:41:16 - [ACCESS] Usuario admin accedió a usuarios.php
2025-09-12 02:41:16 - Error [8192]: round(): Passing null to parameter #1 ($num) of type int|float is deprecated en C:\xampp\htdocs\Desarrollos\pqrs\dashboard\usuarios.php línea 210
2025-09-12 02:41:16 - Error [8192]: round(): Passing null to parameter #1 ($num) of type int|float is deprecated en C:\xampp\htdocs\Desarrollos\pqrs\dashboard\usuarios.php línea 210
2025-09-12 02:41:16 - Error [8192]: round(): Passing null to parameter #1 ($num) of type int|float is deprecated en C:\xampp\htdocs\Desarrollos\pqrs\dashboard\usuarios.php línea 210
2025-09-12 02:41:16 - Error [8192]: round(): Passing null to parameter #1 ($num) of type int|float is deprecated en C:\xampp\htdocs\Desarrollos\pqrs\dashboard\usuarios.php línea 210
2025-09-12 02:41:16 - Error [8192]: round(): Passing null to parameter #1 ($num) of type int|float is deprecated en C:\xampp\htdocs\Desarrollos\pqrs\dashboard\usuarios.php línea 210
2025-09-12 02:41:50 - [ACCESS] Usuario admin accedió a estado.php
2025-09-12 02:42:42 - [ACCESS] Usuario admin accedió a index.php
2025-09-12 02:43:13 - [ACCESS] Usuario admin accedió a index.php
2025-09-12 02:43:44 - [ACCESS] Usuario admin accedió a index.php
2025-09-12 02:44:15 - [ACCESS] Usuario admin accedió a index.php
2025-09-12 02:44:46 - [ACCESS] Usuario admin accedió a index.php
2025-09-12 02:44:49 - [ACCESS] Usuario admin accedió a index.php
2025-09-12 02:44:59 - [ACCESS] Usuario admin accedió a pqrs.php
2025-09-12 02:45:10 - [ACCESS] Usuario admin accedió a reportes.php
2025-09-12 02:45:28 - [ACCESS] Usuario admin accedió a usuarios.php
2025-09-12 02:45:32 - [ACCESS] Usuario admin accedió a pqrs.php
2025-09-12 02:45:48 - [ACCESS] Usuario admin accedió a estado.php
2025-09-12 02:48:32 - [ACCESS] Usuario admin accedió a index.php
2025-09-12 02:49:03 - [ACCESS] Usuario admin accedió a index.php
2025-09-12 02:49:34 - [ACCESS] Usuario admin accedió a index.php
2025-09-12 02:50:05 - [ACCESS] Usuario admin accedió a index.php
2025-09-12 02:50:36 - [ACCESS] Usuario admin accedió a index.php
2025-09-12 02:51:07 - [ACCESS] Usuario admin accedió a index.php
2025-09-12 02:51:38 - [ACCESS] Usuario admin accedió a index.php
2025-09-12 02:52:09 - [ACCESS] Usuario admin accedió a index.php
2025-09-12 02:52:40 - [ACCESS] Usuario admin accedió a index.php
2025-09-12 02:53:11 - [ACCESS] Usuario admin accedió a index.php
2025-09-12 02:53:42 - [ACCESS] Usuario admin accedió a index.php
2025-09-12 02:54:13 - [ACCESS] Usuario admin accedió a index.php
2025-09-12 02:54:44 - [ACCESS] Usuario admin accedió a index.php
2025-09-12 02:55:15 - [ACCESS] Usuario admin accedió a index.php
2025-09-12 02:55:46 - [ACCESS] Usuario admin accedió a index.php
2025-09-12 02:56:17 - [ACCESS] Usuario admin accedió a index.php
2025-09-12 02:56:48 - [ACCESS] Usuario admin accedió a index.php
2025-09-12 02:57:19 - [ACCESS] Usuario admin accedió a index.php
2025-09-12 02:57:50 - [ACCESS] Usuario admin accedió a index.php
2025-09-12 02:58:21 - [ACCESS] Usuario admin accedió a index.php
2025-09-12 02:58:52 - [ACCESS] Usuario admin accedió a index.php
2025-09-12 02:59:23 - [ACCESS] Usuario admin accedió a index.php
2025-09-12 02:59:54 - [ACCESS] Usuario admin accedió a index.php
2025-09-12 03:00:25 - [ACCESS] Usuario admin accedió a index.php
2025-09-12 03:00:56 - [ACCESS] Usuario admin accedió a index.php
2025-09-12 03:01:27 - [ACCESS] Usuario admin accedió a index.php
2025-09-12 03:01:58 - [ACCESS] Usuario admin accedió a index.php
2025-09-12 03:02:29 - [ACCESS] Usuario admin accedió a index.php
2025-09-12 03:03:00 - [ACCESS] Usuario admin accedió a index.php
2025-09-12 03:03:31 - [ACCESS] Usuario admin accedió a index.php
2025-09-12 03:04:02 - [ACCESS] Usuario admin accedió a index.php
2025-09-12 03:04:33 - [ACCESS] Usuario admin accedió a index.php
2025-09-12 03:05:04 - [ACCESS] Usuario admin accedió a index.php
2025-09-12 03:05:35 - [ACCESS] Usuario admin accedió a index.php
2025-09-12 03:06:06 - [ACCESS] Usuario admin accedió a index.php
2025-09-12 03:06:37 - [ACCESS] Usuario admin accedió a index.php
2025-09-12 03:07:08 - [ACCESS] Usuario admin accedió a index.php
2025-09-12 03:07:39 - [ACCESS] Usuario admin accedió a index.php
2025-09-12 03:08:10 - [ACCESS] Usuario admin accedió a index.php
2025-09-12 03:08:41 - [ACCESS] Usuario admin accedió a index.php
2025-09-12 03:09:12 - [ACCESS] Usuario admin accedió a index.php
2025-09-12 03:09:43 - [ACCESS] Usuario admin accedió a index.php
2025-09-12 03:10:14 - [ACCESS] Usuario admin accedió a index.php
2025-09-12 03:10:45 - [ACCESS] Usuario admin accedió a index.php
2025-09-12 03:11:16 - [ACCESS] Usuario admin accedió a index.php
2025-09-12 03:11:47 - [ACCESS] Usuario admin accedió a index.php
2025-09-12 03:12:18 - [ACCESS] Usuario admin accedió a index.php
2025-09-12 03:12:49 - [ACCESS] Usuario admin accedió a index.php
2025-09-12 03:13:20 - [ACCESS] Usuario admin accedió a index.php
2025-09-12 03:13:51 - [ACCESS] Usuario admin accedió a index.php
2025-09-12 03:14:22 - [ACCESS] Usuario admin accedió a index.php
2025-09-12 03:14:53 - [ACCESS] Usuario admin accedió a index.php
2025-09-12 03:15:24 - [ACCESS] Usuario admin accedió a index.php
2025-09-12 03:15:55 - [ACCESS] Usuario admin accedió a index.php
2025-09-12 03:16:26 - [ACCESS] Usuario admin accedió a index.php
2025-09-12 03:16:57 - [ACCESS] Usuario admin accedió a index.php
2025-09-12 03:17:28 - [ACCESS] Usuario admin accedió a index.php
2025-09-12 03:17:59 - [ACCESS] Usuario admin accedió a index.php
2025-09-12 03:18:30 - [ACCESS] Usuario admin accedió a index.php
2025-09-12 03:19:01 - [ACCESS] Usuario admin accedió a index.php
2025-09-12 03:19:32 - [ACCESS] Usuario admin accedió a index.php
2025-09-12 03:20:03 - [ACCESS] Usuario admin accedió a index.php
2025-09-12 03:20:34 - [ACCESS] Usuario admin accedió a index.php
2025-09-12 03:21:05 - [ACCESS] Usuario admin accedió a index.php
2025-09-12 03:21:36 - [ACCESS] Usuario admin accedió a index.php
2025-09-12 03:22:07 - [ACCESS] Usuario admin accedió a index.php
2025-09-12 03:22:38 - [ACCESS] Usuario admin accedió a index.php
2025-09-12 03:23:09 - [ACCESS] Usuario admin accedió a index.php
2025-09-12 03:23:40 - [ACCESS] Usuario admin accedió a index.php
2025-09-12 03:24:11 - [ACCESS] Usuario admin accedió a index.php
2025-09-12 03:24:42 - [ACCESS] Usuario admin accedió a index.php
2025-09-12 03:25:13 - [ACCESS] Usuario admin accedió a index.php
2025-09-12 03:25:44 - [ACCESS] Usuario admin accedió a index.php
2025-09-12 03:26:15 - [ACCESS] Usuario admin accedió a index.php
2025-09-12 03:26:47 - [ACCESS] Usuario admin accedió a index.php
2025-09-12 03:27:18 - [ACCESS] Usuario admin accedió a index.php
2025-09-12 03:27:49 - [ACCESS] Usuario admin accedió a index.php
2025-09-12 03:28:20 - [ACCESS] Usuario admin accedió a index.php
2025-09-12 03:28:51 - [ACCESS] Usuario admin accedió a index.php
2025-09-12 03:29:22 - [ACCESS] Usuario admin accedió a index.php
2025-09-12 03:29:53 - [ACCESS] Usuario admin accedió a index.php
2025-09-12 03:30:24 - [ACCESS] Usuario admin accedió a index.php
2025-09-12 03:30:55 - [ACCESS] Usuario admin accedió a index.php
2025-09-12 03:31:26 - [ACCESS] Usuario admin accedió a index.php
2025-09-12 03:31:57 - [ACCESS] Usuario admin accedió a index.php
2025-09-12 03:32:28 - [ACCESS] Usuario admin accedió a index.php
2025-09-12 03:32:59 - [ACCESS] Usuario admin accedió a index.php
2025-09-12 03:33:30 - [ACCESS] Usuario admin accedió a index.php
2025-09-12 03:34:01 - [ACCESS] Usuario admin accedió a index.php
2025-09-12 03:34:32 - [ACCESS] Usuario admin accedió a index.php
2025-09-12 03:35:03 - [ACCESS] Usuario admin accedió a index.php
2025-09-12 03:35:34 - [ACCESS] Usuario admin accedió a index.php
2025-09-12 03:36:05 - [ACCESS] Usuario admin accedió a index.php
2025-09-12 03:36:36 - [ACCESS] Usuario admin accedió a index.php
2025-09-12 03:37:07 - [ACCESS] Usuario admin accedió a index.php
2025-09-12 03:37:38 - [ACCESS] Usuario admin accedió a index.php
2025-09-12 03:38:09 - [ACCESS] Usuario admin accedió a index.php
2025-09-12 03:38:40 - [ACCESS] Usuario admin accedió a index.php
2025-09-12 03:39:11 - [ACCESS] Usuario admin accedió a index.php
2025-09-12 03:39:42 - [ACCESS] Usuario admin accedió a index.php
2025-09-12 03:40:13 - [ACCESS] Usuario admin accedió a index.php
2025-09-12 03:40:44 - [ACCESS] Usuario admin accedió a index.php
2025-09-12 03:41:15 - [ACCESS] Usuario admin accedió a index.php
2025-09-12 03:41:46 - [ACCESS] Usuario admin accedió a index.php
2025-09-12 03:42:17 - [ACCESS] Usuario admin accedió a index.php
2025-09-12 03:42:48 - [ACCESS] Usuario admin accedió a index.php
2025-09-12 03:43:19 - [ACCESS] Usuario admin accedió a index.php
2025-09-12 03:43:50 - [ACCESS] Usuario admin accedió a index.php
2025-09-12 03:44:21 - [ACCESS] Usuario admin accedió a index.php
2025-09-12 03:44:52 - [ACCESS] Usuario admin accedió a index.php
2025-09-12 03:45:23 - [ACCESS] Usuario admin accedió a index.php
2025-09-12 03:45:54 - [ACCESS] Usuario admin accedió a index.php
2025-09-12 03:46:25 - [ACCESS] Usuario admin accedió a index.php
2025-09-12 03:46:56 - [ACCESS] Usuario admin accedió a index.php
2025-09-12 03:47:27 - [ACCESS] Usuario admin accedió a index.php
2025-09-12 03:47:58 - [ACCESS] Usuario admin accedió a index.php
2025-09-12 03:48:29 - [ACCESS] Usuario admin accedió a index.php
2025-09-12 03:49:00 - [ACCESS] Usuario admin accedió a index.php
2025-09-12 03:49:31 - [ACCESS] Usuario admin accedió a index.php
2025-09-12 03:50:02 - [ACCESS] Usuario admin accedió a index.php
2025-09-12 03:50:33 - [ACCESS] Usuario admin accedió a index.php
2025-09-12 03:51:04 - [ACCESS] Usuario admin accedió a index.php
2025-09-12 03:51:35 - [ACCESS] Usuario admin accedió a index.php
2025-09-12 03:52:06 - [ACCESS] Usuario admin accedió a index.php
2025-09-12 03:52:37 - [ACCESS] Usuario admin accedió a index.php
2025-09-12 03:53:08 - [ACCESS] Usuario admin accedió a index.php
2025-09-12 03:53:39 - [ACCESS] Usuario admin accedió a index.php
2025-09-12 03:54:10 - [ACCESS] Usuario admin accedió a index.php
2025-09-12 03:54:41 - [ACCESS] Usuario admin accedió a index.php
2025-09-12 03:55:12 - [ACCESS] Usuario admin accedió a index.php
2025-09-12 03:55:43 - [ACCESS] Usuario admin accedió a index.php
2025-09-12 03:56:14 - [ACCESS] Usuario admin accedió a index.php
2025-09-12 03:56:45 - [ACCESS] Usuario admin accedió a index.php
2025-09-12 03:57:16 - [ACCESS] Usuario admin accedió a index.php
2025-09-12 03:57:47 - [ACCESS] Usuario admin accedió a index.php
2025-09-12 03:58:18 - [ACCESS] Usuario admin accedió a index.php
2025-09-12 03:58:49 - [ACCESS] Usuario admin accedió a index.php
2025-09-12 03:59:20 - [ACCESS] Usuario admin accedió a index.php
2025-09-12 03:59:51 - [ACCESS] Usuario admin accedió a index.php
2025-09-12 04:00:22 - [ACCESS] Usuario admin accedió a index.php
2025-09-12 04:00:53 - [ACCESS] Usuario admin accedió a index.php
2025-09-12 04:01:24 - [ACCESS] Usuario admin accedió a index.php
2025-09-12 04:01:55 - [ACCESS] Usuario admin accedió a index.php
2025-09-12 04:02:26 - [ACCESS] Usuario admin accedió a index.php
2025-09-12 04:02:57 - [ACCESS] Usuario admin accedió a index.php
2025-09-12 04:03:29 - [ACCESS] Usuario admin accedió a index.php
2025-09-12 04:04:00 - [ACCESS] Usuario admin accedió a index.php
2025-09-12 04:04:31 - [ACCESS] Usuario admin accedió a index.php
2025-09-12 04:05:02 - [ACCESS] Usuario admin accedió a index.php
2025-09-12 04:05:33 - [ACCESS] Usuario admin accedió a index.php
2025-09-12 04:06:04 - [ACCESS] Usuario admin accedió a index.php
2025-09-12 04:06:35 - [ACCESS] Usuario admin accedió a index.php
2025-09-12 04:07:06 - [ACCESS] Usuario admin accedió a index.php
2025-09-12 04:07:37 - [ACCESS] Usuario admin accedió a index.php
2025-09-12 04:08:08 - [ACCESS] Usuario admin accedió a index.php
2025-09-12 04:08:39 - [ACCESS] Usuario admin accedió a index.php
2025-09-12 04:09:10 - [ACCESS] Usuario admin accedió a index.php
2025-09-12 04:09:41 - [ACCESS] Usuario admin accedió a index.php
2025-09-12 04:10:12 - [ACCESS] Usuario admin accedió a index.php
2025-09-12 04:10:44 - [ACCESS] Usuario admin accedió a index.php
2025-09-12 04:11:15 - [ACCESS] Usuario admin accedió a index.php
2025-09-12 04:11:46 - [ACCESS] Usuario admin accedió a index.php
2025-09-12 04:12:17 - [ACCESS] Usuario admin accedió a index.php
2025-09-12 04:12:49 - [ACCESS] Usuario admin accedió a index.php
2025-09-12 04:13:20 - [ACCESS] Usuario admin accedió a index.php
2025-09-12 04:13:52 - [ACCESS] Usuario admin accedió a index.php
2025-09-12 04:14:23 - [ACCESS] Usuario admin accedió a index.php
2025-09-12 04:14:54 - [ACCESS] Usuario admin accedió a index.php
2025-09-12 04:15:25 - [ACCESS] Usuario admin accedió a index.php
2025-09-12 04:15:56 - [ACCESS] Usuario admin accedió a index.php
2025-09-12 04:16:27 - [ACCESS] Usuario admin accedió a index.php
2025-09-12 04:16:59 - [ACCESS] Usuario admin accedió a index.php
2025-09-12 04:17:30 - [ACCESS] Usuario admin accedió a index.php
2025-09-12 04:18:01 - [ACCESS] Usuario admin accedió a index.php
2025-09-12 04:18:32 - [ACCESS] Usuario admin accedió a index.php
2025-09-12 04:19:03 - [ACCESS] Usuario admin accedió a index.php
2025-09-12 04:19:34 - [ACCESS] Usuario admin accedió a index.php
2025-09-12 04:20:06 - [ACCESS] Usuario admin accedió a index.php
2025-09-12 04:20:37 - [ACCESS] Usuario admin accedió a index.php
2025-09-12 04:21:09 - [ACCESS] Usuario admin accedió a index.php
2025-09-12 04:21:40 - [ACCESS] Usuario admin accedió a index.php
2025-09-12 04:22:11 - [ACCESS] Usuario admin accedió a index.php
2025-09-12 04:22:43 - [ACCESS] Usuario admin accedió a index.php
2025-09-12 04:23:10 - [ACCESS] Login exitoso para usuario: admin
2025-09-12 04:23:10 - [ACCESS] Usuario admin accedió a index.php
2025-09-12 04:23:41 - [ACCESS] Usuario admin accedió a index.php
2025-09-12 04:24:11 - [ACCESS] Usuario admin accedió a index.php
2025-09-12 04:24:42 - [ACCESS] Usuario admin accedió a index.php
2025-09-12 04:25:13 - [ACCESS] Usuario admin accedió a index.php
2025-09-12 04:25:16 - [ACCESS] Usuario admin accedió a pqrs.php
2025-09-12 04:26:02 - [ACCESS] Usuario admin accedió a pqrs.php
2025-09-12 04:27:48 - [ACCESS] Usuario admin accedió a reportes.php
2025-09-12 04:29:55 - [ACCESS] Usuario admin accedió a reportes.php
2025-09-12 04:29:58 - [ACCESS] Usuario admin accedió a usuarios.php
2025-09-12 04:33:36 - [ACCESS] Usuario admin accedió a estado.php
2025-09-12 16:00:09 - [ACCESS] Login exitoso para usuario: admin
2025-09-12 16:00:09 - [ACCESS] Usuario admin accedió a index.php
2025-09-12 16:00:13 - [ACCESS] Usuario admin accedió a pqrs.php
2025-09-12 16:00:25 - [ACCESS] Usuario admin accedió a reportes.php
2025-09-12 16:00:26 - [ACCESS] Usuario admin accedió a pqrs.php
2025-09-12 16:00:30 - [ACCESS] Usuario admin accedió a estado.php
2025-09-12 16:00:32 - [ACCESS] Usuario admin accedió a index.php
2025-09-12 16:01:03 - [ACCESS] Usuario admin accedió a index.php
2025-09-12 16:01:34 - [ACCESS] Usuario admin accedió a index.php
2025-09-12 16:02:05 - [ACCESS] Usuario admin accedió a index.php
2025-09-12 16:02:36 - [ACCESS] Usuario admin accedió a index.php
2025-09-12 16:03:07 - [ACCESS] Usuario admin accedió a index.php
2025-09-12 16:03:38 - [ACCESS] Usuario admin accedió a index.php
2025-09-12 16:03:39 - [ACCESS] Usuario admin accedió a pqrs.php
2025-09-12 16:03:55 - [ACCESS] Usuario admin accedió a pqrs.php
2025-09-12 16:03:59 - [ACCESS] Usuario admin accedió a reportes.php
2025-09-12 16:04:05 - [ACCESS] Usuario admin accedió a index.php
2025-09-12 16:04:36 - [ACCESS] Usuario admin accedió a index.php
2025-09-12 16:05:07 - [ACCESS] Usuario admin accedió a index.php
2025-09-12 16:05:38 - [ACCESS] Usuario admin accedió a index.php
2025-09-12 16:05:43 - [ACCESS] Usuario admin accedió a pqrs.php
2025-09-12 16:05:46 - [ACCESS] Usuario admin accedió a reportes.php
2025-09-12 16:05:54 - [ACCESS] Usuario admin accedió a usuarios.php
2025-09-12 16:06:02 - [ACCESS] Usuario admin accedió a pqrs.php
2025-09-12 16:06:13 - [ACCESS] Usuario admin accedió a index.php
2025-09-12 16:06:44 - [ACCESS] Usuario admin accedió a index.php
2025-09-12 16:07:15 - [ACCESS] Usuario admin accedió a index.php
2025-09-12 16:07:46 - [ACCESS] Usuario admin accedió a index.php
2025-09-12 16:08:17 - [ACCESS] Usuario admin accedió a index.php
2025-09-12 16:08:48 - [ACCESS] Usuario admin accedió a index.php
2025-09-12 16:09:19 - [ACCESS] Usuario admin accedió a index.php
2025-09-12 16:09:50 - [ACCESS] Usuario admin accedió a index.php
2025-09-12 16:10:21 - [ACCESS] Usuario admin accedió a index.php
2025-09-12 16:10:52 - [ACCESS] Usuario admin accedió a index.php
2025-09-12 16:11:23 - [ACCESS] Usuario admin accedió a index.php
2025-09-12 16:11:54 - [ACCESS] Usuario admin accedió a index.php
2025-09-12 16:12:25 - [ACCESS] Usuario admin accedió a index.php
2025-09-12 16:12:56 - [ACCESS] Usuario admin accedió a index.php
2025-09-12 16:13:27 - [ACCESS] Usuario admin accedió a index.php
2025-09-12 16:13:58 - [ACCESS] Usuario admin accedió a index.php
2025-09-12 16:14:29 - [ACCESS] Usuario admin accedió a index.php
2025-09-12 16:15:00 - [ACCESS] Usuario admin accedió a index.php
2025-09-12 16:15:31 - [ACCESS] Usuario admin accedió a index.php
2025-09-12 16:16:02 - [ACCESS] Usuario admin accedió a index.php
2025-09-12 16:16:33 - [ACCESS] Usuario admin accedió a index.php
2025-09-12 16:17:04 - [ACCESS] Usuario admin accedió a index.php
2025-09-12 16:17:35 - [ACCESS] Usuario admin accedió a index.php
2025-09-12 16:18:06 - [ACCESS] Usuario admin accedió a index.php
2025-09-12 16:18:37 - [ACCESS] Usuario admin accedió a index.php
2025-09-12 16:19:08 - [ACCESS] Usuario admin accedió a index.php
2025-09-12 16:19:39 - [ACCESS] Usuario admin accedió a index.php
2025-09-12 16:20:10 - [ACCESS] Usuario admin accedió a index.php
2025-09-12 16:20:41 - [ACCESS] Usuario admin accedió a index.php
2025-09-12 16:21:12 - [ACCESS] Usuario admin accedió a index.php
2025-09-12 16:21:43 - [ACCESS] Usuario admin accedió a index.php
2025-09-12 16:22:14 - [ACCESS] Usuario admin accedió a index.php
2025-09-12 16:22:45 - [ACCESS] Usuario admin accedió a index.php
2025-09-12 16:23:16 - [ACCESS] Usuario admin accedió a index.php
2025-09-12 16:23:47 - [ACCESS] Usuario admin accedió a index.php
2025-09-12 16:24:18 - [ACCESS] Usuario admin accedió a index.php
2025-09-12 16:24:49 - [ACCESS] Usuario admin accedió a index.php
2025-09-12 16:25:20 - [ACCESS] Usuario admin accedió a index.php
2025-09-12 16:25:51 - [ACCESS] Usuario admin accedió a index.php
2025-09-12 16:26:22 - [ACCESS] Usuario admin accedió a index.php
2025-09-12 16:26:54 - [ACCESS] Usuario admin accedió a index.php
2025-09-12 16:27:25 - [ACCESS] Usuario admin accedió a index.php
2025-09-12 16:27:56 - [ACCESS] Usuario admin accedió a index.php
2025-09-12 16:28:27 - [ACCESS] Usuario admin accedió a index.php
2025-09-12 16:28:58 - [ACCESS] Usuario admin accedió a index.php
2025-09-12 16:29:29 - [ACCESS] Usuario admin accedió a index.php
2025-09-12 16:30:00 - [ACCESS] Usuario admin accedió a index.php
2025-09-12 16:30:31 - [ACCESS] Usuario admin accedió a index.php
2025-09-12 16:31:02 - [ACCESS] Usuario admin accedió a index.php
2025-09-12 16:31:33 - [ACCESS] Usuario admin accedió a index.php
2025-09-12 16:32:04 - [ACCESS] Usuario admin accedió a index.php
2025-09-12 16:32:35 - [ACCESS] Usuario admin accedió a index.php
2025-09-12 16:33:06 - [ACCESS] Usuario admin accedió a index.php
2025-09-12 16:33:37 - [ACCESS] Usuario admin accedió a index.php
2025-09-12 16:34:08 - [ACCESS] Usuario admin accedió a index.php
2025-09-12 16:34:39 - [ACCESS] Usuario admin accedió a index.php
2025-09-12 16:35:10 - [ACCESS] Usuario admin accedió a index.php
2025-09-12 16:35:41 - [ACCESS] Usuario admin accedió a index.php
2025-09-12 16:36:12 - [ACCESS] Usuario admin accedió a index.php
2025-09-12 16:36:43 - [ACCESS] Usuario admin accedió a index.php
2025-09-12 16:37:04 - [ACCESS] Usuario admin accedió a index.php
2025-09-12 16:37:35 - [ACCESS] Usuario admin accedió a index.php
2025-09-12 16:38:06 - [ACCESS] Usuario admin accedió a index.php
2025-09-12 16:38:37 - [ACCESS] Usuario admin accedió a index.php
2025-09-12 16:39:08 - [ACCESS] Usuario admin accedió a index.php
2025-09-12 16:39:40 - [ACCESS] Usuario admin accedió a index.php
2025-09-12 16:40:11 - [ACCESS] Usuario admin accedió a index.php
2025-09-12 16:40:42 - [ACCESS] Usuario admin accedió a index.php
2025-09-12 16:41:13 - [ACCESS] Usuario admin accedió a index.php
2025-09-12 16:41:44 - [ACCESS] Usuario admin accedió a index.php
2025-09-12 16:42:15 - [ACCESS] Usuario admin accedió a index.php
2025-09-12 16:42:47 - [ACCESS] Usuario admin accedió a index.php
2025-09-12 16:43:18 - [ACCESS] Usuario admin accedió a index.php
2025-09-12 16:43:49 - [ACCESS] Usuario admin accedió a index.php
2025-09-12 16:44:20 - [ACCESS] Usuario admin accedió a index.php
2025-09-12 16:44:51 - [ACCESS] Usuario admin accedió a index.php
2025-09-12 16:45:22 - [ACCESS] Usuario admin accedió a index.php
2025-09-12 16:45:53 - [ACCESS] Usuario admin accedió a index.php
2025-09-12 16:46:24 - [ACCESS] Usuario admin accedió a index.php
2025-09-12 16:46:55 - [ACCESS] Usuario admin accedió a index.php
2025-09-12 16:47:26 - [ACCESS] Usuario admin accedió a index.php
2025-09-12 16:47:57 - [ACCESS] Usuario admin accedió a index.php
2025-09-12 16:48:28 - [ACCESS] Usuario admin accedió a index.php
2025-09-12 16:49:00 - [ACCESS] Usuario admin accedió a index.php
2025-09-12 16:49:32 - [ACCESS] Usuario admin accedió a index.php
2025-09-12 16:50:03 - [ACCESS] Usuario admin accedió a index.php
2025-09-12 16:50:34 - [ACCESS] Usuario admin accedió a index.php
2025-09-12 16:51:05 - [ACCESS] Usuario admin accedió a index.php
2025-09-12 16:51:36 - [ACCESS] Usuario admin accedió a index.php
2025-09-12 16:52:07 - [ACCESS] Usuario admin accedió a index.php
2025-09-12 16:52:38 - [ACCESS] Usuario admin accedió a index.php
2025-09-12 16:53:09 - [ACCESS] Usuario admin accedió a index.php
2025-09-12 16:53:40 - [ACCESS] Usuario admin accedió a index.php
2025-09-12 16:54:11 - [ACCESS] Usuario admin accedió a index.php
2025-09-12 16:54:42 - [ACCESS] Usuario admin accedió a index.php
2025-09-12 16:55:14 - [ACCESS] Usuario admin accedió a index.php
2025-09-12 16:55:45 - [ACCESS] Usuario admin accedió a index.php
2025-09-12 16:56:17 - [ACCESS] Usuario admin accedió a index.php
2025-09-12 16:56:48 - [ACCESS] Usuario admin accedió a index.php
2025-09-12 16:57:20 - [ACCESS] Usuario admin accedió a index.php
2025-09-12 16:57:51 - [ACCESS] Usuario admin accedió a index.php
2025-09-12 16:58:22 - [ACCESS] Usuario admin accedió a index.php
2025-09-12 16:58:53 - [ACCESS] Usuario admin accedió a index.php
2025-09-12 16:59:24 - [ACCESS] Usuario admin accedió a index.php
2025-09-12 16:59:55 - [ACCESS] Usuario admin accedió a index.php
2025-09-12 17:00:26 - [ACCESS] Usuario admin accedió a index.php
2025-09-12 17:00:57 - [ACCESS] Usuario admin accedió a index.php
2025-09-12 17:01:28 - [ACCESS] Usuario admin accedió a index.php
2025-09-12 17:01:59 - [ACCESS] Usuario admin accedió a index.php
2025-09-12 17:02:30 - [ACCESS] Usuario admin accedió a index.php
2025-09-12 17:03:01 - [ACCESS] Usuario admin accedió a index.php
2025-09-12 17:03:32 - [ACCESS] Usuario admin accedió a index.php
2025-09-12 17:04:03 - [ACCESS] Usuario admin accedió a index.php
2025-09-12 17:04:34 - [ACCESS] Usuario admin accedió a index.php
2025-09-12 17:05:05 - [ACCESS] Usuario admin accedió a index.php
2025-09-12 17:05:36 - [ACCESS] Usuario admin accedió a index.php
2025-09-12 17:06:07 - [ACCESS] Usuario admin accedió a index.php
2025-09-12 17:06:38 - [ACCESS] Usuario admin accedió a index.php
2025-09-12 17:07:09 - [ACCESS] Usuario admin accedió a index.php
2025-09-12 17:07:40 - [ACCESS] Usuario admin accedió a index.php
2025-09-12 17:08:11 - [ACCESS] Usuario admin accedió a index.php
2025-09-12 17:08:42 - [ACCESS] Usuario admin accedió a index.php
2025-09-12 17:09:13 - [ACCESS] Usuario admin accedió a index.php
2025-09-12 17:09:44 - [ACCESS] Usuario admin accedió a index.php
2025-09-12 17:10:16 - [ACCESS] Usuario admin accedió a index.php
2025-09-12 17:10:47 - [ACCESS] Usuario admin accedió a index.php
2025-09-12 17:11:18 - [ACCESS] Usuario admin accedió a index.php
2025-09-12 17:11:50 - [ACCESS] Usuario admin accedió a index.php
2025-09-12 17:12:22 - [ACCESS] Usuario admin accedió a index.php
2025-09-12 17:12:53 - [ACCESS] Usuario admin accedió a index.php
2025-09-12 17:13:25 - [ACCESS] Usuario admin accedió a index.php
2025-09-12 17:13:56 - [ACCESS] Usuario admin accedió a index.php
2025-09-12 17:14:27 - [ACCESS] Usuario admin accedió a index.php
2025-09-12 17:14:58 - [ACCESS] Usuario admin accedió a index.php
2025-09-12 17:15:29 - [ACCESS] Usuario admin accedió a index.php
2025-09-12 17:16:00 - [ACCESS] Usuario admin accedió a index.php
2025-09-12 17:16:31 - [ACCESS] Usuario admin accedió a index.php
2025-09-12 17:17:02 - [ACCESS] Usuario admin accedió a index.php
2025-09-12 17:17:33 - [ACCESS] Usuario admin accedió a index.php
2025-09-12 17:18:04 - [ACCESS] Usuario admin accedió a index.php
2025-09-12 17:18:35 - [ACCESS] Usuario admin accedió a index.php
2025-09-12 17:19:07 - [ACCESS] Usuario admin accedió a index.php
2025-09-12 17:19:38 - [ACCESS] Usuario admin accedió a index.php
2025-09-12 17:20:10 - [ACCESS] Usuario admin accedió a index.php
2025-09-12 17:20:41 - [ACCESS] Usuario admin accedió a index.php
2025-09-12 17:21:12 - [ACCESS] Usuario admin accedió a index.php
2025-09-12 17:21:43 - [ACCESS] Usuario admin accedió a index.php
2025-09-12 17:22:14 - [ACCESS] Usuario admin accedió a index.php
2025-09-12 17:22:45 - [ACCESS] Usuario admin accedió a index.php
2025-09-12 17:23:17 - [ACCESS] Usuario admin accedió a index.php
2025-09-12 17:23:48 - [ACCESS] Usuario admin accedió a index.php
2025-09-12 17:24:19 - [ACCESS] Usuario admin accedió a index.php
2025-09-12 17:24:51 - [ACCESS] Usuario admin accedió a index.php
2025-09-12 17:25:22 - [ACCESS] Usuario admin accedió a index.php
2025-09-12 17:25:54 - [ACCESS] Usuario admin accedió a index.php
2025-09-12 17:26:25 - [ACCESS] Usuario admin accedió a index.php
2025-09-12 17:26:57 - [ACCESS] Usuario admin accedió a index.php
2025-09-12 17:27:28 - [ACCESS] Usuario admin accedió a index.php
2025-09-12 17:27:59 - [ACCESS] Usuario admin accedió a index.php
2025-09-12 17:28:31 - [ACCESS] Usuario admin accedió a index.php
2025-09-12 17:29:03 - [ACCESS] Usuario admin accedió a index.php
2025-09-12 17:29:34 - [ACCESS] Usuario admin accedió a index.php
2025-09-12 17:30:05 - [ACCESS] Usuario admin accedió a index.php
2025-09-12 17:30:36 - [ACCESS] Usuario admin accedió a index.php
2025-09-12 17:31:07 - [ACCESS] Usuario admin accedió a index.php
2025-09-12 17:31:38 - [ACCESS] Usuario admin accedió a index.php
2025-09-12 17:32:09 - [ACCESS] Usuario admin accedió a index.php
2025-09-12 17:32:40 - [ACCESS] Usuario admin accedió a index.php
2025-09-12 17:33:12 - [ACCESS] Usuario admin accedió a index.php
2025-09-12 17:33:43 - [ACCESS] Usuario admin accedió a index.php
2025-09-12 17:34:14 - [ACCESS] Usuario admin accedió a index.php
2025-09-12 17:34:45 - [ACCESS] Usuario admin accedió a index.php
2025-09-12 17:35:17 - [ACCESS] Usuario admin accedió a index.php
2025-09-12 17:35:48 - [ACCESS] Usuario admin accedió a index.php
2025-09-15 15:16:55 - [ACCESS] Login exitoso para usuario: admin
2025-09-15 15:16:55 - [ACCESS] Usuario admin accedió a index.php
2025-09-15 15:17:02 - [ACCESS] Usuario admin accedió a pqrs.php
2025-09-15 15:17:08 - [ACCESS] Usuario admin accedió a reportes.php
2025-09-15 15:17:13 - [ACCESS] Usuario admin accedió a estado.php
2025-09-15 15:17:16 - [ACCESS] Usuario admin accedió a index.php
2025-09-15 15:17:47 - [ACCESS] Usuario admin accedió a index.php
2025-09-15 15:18:18 - [ACCESS] Usuario admin accedió a index.php
2025-09-15 15:18:49 - [ACCESS] Usuario admin accedió a index.php
2025-09-15 15:19:21 - [ACCESS] Usuario admin accedió a index.php
2025-09-15 15:19:52 - [ACCESS] Usuario admin accedió a index.php
2025-09-15 15:20:23 - [ACCESS] Usuario admin accedió a index.php
2025-09-15 15:20:54 - [ACCESS] Usuario admin accedió a index.php
2025-09-15 15:21:25 - [ACCESS] Usuario admin accedió a index.php
2025-09-15 15:21:56 - [ACCESS] Usuario admin accedió a index.php
2025-09-15 15:22:28 - [ACCESS] Usuario admin accedió a index.php
2025-09-15 15:22:59 - [ACCESS] Usuario admin accedió a index.php
2025-09-15 15:23:30 - [ACCESS] Usuario admin accedió a index.php
2025-09-15 15:24:01 - [ACCESS] Usuario admin accedió a index.php
2025-09-15 15:24:31 - [ACCESS] Usuario admin accedió a index.php
2025-09-15 15:25:03 - [ACCESS] Usuario admin accedió a index.php
2025-09-15 15:25:34 - [ACCESS] Usuario admin accedió a index.php
2025-09-15 15:26:05 - [ACCESS] Usuario admin accedió a index.php
2025-09-15 15:26:36 - [ACCESS] Usuario admin accedió a index.php
2025-09-15 15:27:07 - [ACCESS] Usuario admin accedió a index.php
2025-09-15 15:27:45 - [ACCESS] Usuario admin accedió a index.php
2025-09-15 15:28:16 - [ACCESS] Usuario admin accedió a index.php
2025-09-15 15:28:47 - [ACCESS] Usuario admin accedió a index.php
2025-09-15 15:29:18 - [ACCESS] Usuario admin accedió a index.php
2025-09-15 15:29:49 - [ACCESS] Usuario admin accedió a index.php
2025-09-15 15:30:20 - [ACCESS] Usuario admin accedió a index.php
2025-09-15 15:30:51 - [ACCESS] Usuario admin accedió a index.php
2025-09-15 15:31:22 - [ACCESS] Usuario admin accedió a index.php
2025-09-15 15:31:53 - [ACCESS] Usuario admin accedió a index.php
2025-09-15 15:32:24 - [ACCESS] Usuario admin accedió a index.php
2025-09-15 15:32:55 - [ACCESS] Usuario admin accedió a index.php
2025-09-15 15:33:26 - [ACCESS] Usuario admin accedió a index.php
2025-09-15 15:33:57 - [ACCESS] Usuario admin accedió a index.php
2025-09-15 15:34:29 - [ACCESS] Usuario admin accedió a index.php
2025-09-15 15:35:00 - [ACCESS] Usuario admin accedió a index.php
2025-09-15 15:35:31 - [ACCESS] Usuario admin accedió a index.php
2025-09-15 15:36:01 - [ACCESS] Usuario admin accedió a index.php
2025-09-15 15:42:03 - [ACCESS] Usuario admin accedió a index.php
2025-09-15 15:42:35 - [ACCESS] Usuario admin accedió a index.php
2025-09-15 15:43:06 - [ACCESS] Usuario admin accedió a index.php
2025-09-15 15:46:34 - [ACCESS] Usuario admin accedió a index.php
2025-09-15 16:07:33 - [ACCESS] Usuario admin accedió a index.php
[15-Sep-2025 16:07:33 Europe/Berlin] Sophía DB Error: Se ha intentado una operación de socket en una red no accesible
2025-09-15 16:08:54 - [ACCESS] Usuario admin accedió a index.php
2025-09-15 16:09:26 - [ACCESS] Usuario admin accedió a index.php
2025-09-15 16:09:56 - [ACCESS] Usuario admin accedió a index.php
2025-09-16 14:47:31 - [SECURITY] Intento de login fallido para usuario: admin
2025-09-16 14:47:39 - [ACCESS] Login exitoso para usuario: admin
2025-09-16 14:47:39 - [ACCESS] Usuario admin accedió a index.php
2025-09-16 14:48:02 - [ACCESS] Usuario admin accedió a index.php
2025-09-16 14:48:10 - [ACCESS] Usuario admin accedió a pqrs.php
2025-09-16 14:48:22 - [ACCESS] Usuario admin accedió a reportes.php
2025-09-16 14:48:35 - [ACCESS] Usuario admin accedió a usuarios.php
2025-09-16 14:48:41 - [ACCESS] Usuario admin accedió a estado.php
2025-09-16 14:48:49 - [ACCESS] Usuario admin accedió a index.php
2025-09-16 14:49:20 - [ACCESS] Usuario admin accedió a index.php
2025-09-16 14:49:38 - [ACCESS] Usuario admin accedió a index.php
2025-09-16 14:50:10 - [ACCESS] Usuario admin accedió a index.php
2025-09-16 14:50:20 - [ACCESS] Usuario admin accedió a pqrs.php
2025-09-16 14:52:58 - [ACCESS] Usuario admin accedió a index.php
2025-09-16 14:53:29 - [ACCESS] Usuario admin accedió a index.php
2025-09-16 14:54:00 - [ACCESS] Usuario admin accedió a index.php
2025-09-16 14:54:31 - [ACCESS] Usuario admin accedió a index.php
2025-09-16 14:54:56 - [ACCESS] Usuario admin accedió a index.php
2025-09-16 14:55:27 - [ACCESS] Usuario admin accedió a index.php
2025-09-16 14:55:58 - [ACCESS] Usuario admin accedió a index.php
2025-09-16 14:56:29 - [ACCESS] Usuario admin accedió a index.php
2025-09-16 14:57:00 - [ACCESS] Usuario admin accedió a index.php
2025-09-16 14:57:31 - [ACCESS] Usuario admin accedió a index.php
2025-09-16 15:05:15 - [ACCESS] Usuario admin accedió a index.php
2025-10-24 17:35:43 - [SECURITY] Intento de login fallido para usuario: admin
2025-10-24 17:35:47 - [SECURITY] Intento de login fallido para usuario: admin
2025-10-24 17:36:25 - [ACCESS] Login exitoso para usuario: admin
2025-10-24 17:36:25 - [ACCESS] Usuario admin accedió a index.php
2025-10-24 17:36:57 - [ACCESS] Usuario admin accedió a index.php
2025-10-24 17:37:28 - [ACCESS] Usuario admin accedió a index.php
2025-10-24 17:37:59 - [ACCESS] Usuario admin accedió a index.php
2025-10-24 17:38:30 - [ACCESS] Usuario admin accedió a index.php
2025-10-24 17:39:02 - [ACCESS] Usuario admin accedió a index.php
2025-10-24 17:39:34 - [ACCESS] Usuario admin accedió a index.php
2025-10-24 17:40:04 - [ACCESS] Usuario admin accedió a index.php
2025-10-24 17:40:35 - [ACCESS] Usuario admin accedió a index.php
2025-10-24 17:41:07 - [ACCESS] Usuario admin accedió a index.php
2025-10-24 17:41:07 - [ACCESS] Usuario admin accedió a index.php
2025-10-24 17:41:17 - [ACCESS] Usuario admin accedió a pqrs.php
2025-10-24 17:41:29 - [ACCESS] Usuario admin accedió a reportes.php
2025-10-24 17:41:38 - [ACCESS] Usuario admin accedió a festivos.php
2025-10-24 17:41:53 - [ACCESS] Usuario admin accedió a usuarios.php
2025-10-24 17:41:58 - [ACCESS] Usuario admin accedió a pqrs.php
2025-10-24 17:42:02 - [ACCESS] Usuario admin accedió a index.php
2025-10-24 17:42:33 - [ACCESS] Usuario admin accedió a index.php
2025-10-24 17:43:04 - [ACCESS] Usuario admin accedió a index.php
2025-10-24 17:43:35 - [ACCESS] Usuario admin accedió a index.php
2025-10-24 17:44:06 - [ACCESS] Usuario admin accedió a index.php
2025-10-24 17:44:37 - [ACCESS] Usuario admin accedió a index.php
2025-10-24 17:45:08 - [ACCESS] Usuario admin accedió a index.php
2025-10-24 17:45:39 - [ACCESS] Usuario admin accedió a index.php
2025-10-24 17:46:11 - [ACCESS] Usuario admin accedió a index.php
2025-10-24 17:46:42 - [ACCESS] Usuario admin accedió a index.php
2025-10-24 17:47:13 - [ACCESS] Usuario admin accedió a index.php
2025-10-24 17:47:44 - [ACCESS] Usuario admin accedió a index.php
2025-10-24 17:48:15 - [ACCESS] Usuario admin accedió a index.php
2025-10-24 17:48:46 - [ACCESS] Usuario admin accedió a index.php
2025-10-24 17:49:17 - [ACCESS] Usuario admin accedió a index.php
2025-10-24 17:49:48 - [ACCESS] Usuario admin accedió a index.php
2025-10-24 17:50:19 - [ACCESS] Usuario admin accedió a index.php
2025-10-24 17:50:51 - [ACCESS] Usuario admin accedió a index.php
2025-10-24 17:51:22 - [ACCESS] Usuario admin accedió a index.php
2025-10-24 17:51:53 - [ACCESS] Usuario admin accedió a index.php
2025-10-24 17:52:24 - [ACCESS] Usuario admin accedió a index.php
2025-10-24 17:52:55 - [ACCESS] Usuario admin accedió a index.php
2025-10-24 17:53:26 - [ACCESS] Usuario admin accedió a index.php
2025-10-24 17:53:57 - [ACCESS] Usuario admin accedió a index.php
2025-10-24 17:54:28 - [ACCESS] Usuario admin accedió a index.php
2025-10-24 17:54:59 - [ACCESS] Usuario admin accedió a index.php
2025-10-24 17:55:30 - [ACCESS] Usuario admin accedió a index.php
2025-10-24 17:56:02 - [ACCESS] Usuario admin accedió a index.php
2025-10-24 17:56:33 - [ACCESS] Usuario admin accedió a index.php
2025-10-24 17:57:04 - [ACCESS] Usuario admin accedió a index.php
2025-10-24 17:57:35 - [ACCESS] Usuario admin accedió a index.php
2025-10-24 17:58:06 - [ACCESS] Usuario admin accedió a index.php
2025-10-24 17:58:38 - [ACCESS] Usuario admin accedió a index.php
2025-10-24 17:59:09 - [ACCESS] Usuario admin accedió a index.php
2025-10-24 17:59:40 - [ACCESS] Usuario admin accedió a index.php
2025-10-24 18:00:11 - [ACCESS] Usuario admin accedió a index.php
2025-10-24 18:00:42 - [ACCESS] Usuario admin accedió a index.php
2025-10-24 18:01:13 - [ACCESS] Usuario admin accedió a index.php
2025-10-24 18:01:44 - [ACCESS] Usuario admin accedió a index.php
2025-10-24 18:02:15 - [ACCESS] Usuario admin accedió a index.php
2025-10-24 18:02:46 - [ACCESS] Usuario admin accedió a index.php
2025-10-24 18:03:17 - [ACCESS] Usuario admin accedió a index.php
2025-10-24 18:03:48 - [ACCESS] Usuario admin accedió a index.php
2025-10-24 18:04:19 - [ACCESS] Usuario admin accedió a index.php
2025-10-24 18:04:51 - [ACCESS] Usuario admin accedió a index.php
2025-10-24 18:05:23 - [ACCESS] Usuario admin accedió a index.php
2025-10-24 18:05:55 - [ACCESS] Usuario admin accedió a index.php
2025-10-24 18:06:26 - [ACCESS] Usuario admin accedió a index.php
2025-10-24 18:06:58 - [ACCESS] Usuario admin accedió a index.php
2025-10-24 18:07:30 - [ACCESS] Usuario admin accedió a index.php
2025-10-24 18:08:02 - [ACCESS] Usuario admin accedió a index.php
2025-10-24 18:08:33 - [ACCESS] Usuario admin accedió a index.php
2025-10-24 18:09:04 - [ACCESS] Usuario admin accedió a index.php
2025-10-24 18:09:36 - [ACCESS] Usuario admin accedió a index.php
2025-10-24 18:10:07 - [ACCESS] Usuario admin accedió a index.php
2025-10-24 18:10:38 - [ACCESS] Usuario admin accedió a index.php
2025-10-24 18:11:10 - [ACCESS] Usuario admin accedió a index.php
2025-10-24 18:11:42 - [ACCESS] Usuario admin accedió a index.php
2025-10-24 18:12:13 - [ACCESS] Usuario admin accedió a index.php
2025-10-24 18:12:44 - [ACCESS] Usuario admin accedió a index.php
2025-10-24 18:13:16 - [ACCESS] Usuario admin accedió a index.php
2025-10-24 18:13:47 - [ACCESS] Usuario admin accedió a index.php
2025-10-24 18:14:18 - [ACCESS] Usuario admin accedió a index.php
2025-10-24 18:14:50 - [ACCESS] Usuario admin accedió a index.php
2025-10-24 18:15:21 - [ACCESS] Usuario admin accedió a index.php
2025-10-24 18:15:52 - [ACCESS] Usuario admin accedió a index.php
2025-10-24 18:16:24 - [ACCESS] Usuario admin accedió a index.php
2025-10-24 18:16:55 - [ACCESS] Usuario admin accedió a index.php
2025-10-24 18:17:26 - [ACCESS] Usuario admin accedió a index.php
2025-10-24 18:17:58 - [ACCESS] Usuario admin accedió a index.php
2025-10-24 18:18:30 - [ACCESS] Usuario admin accedió a index.php
2025-10-24 18:19:02 - [ACCESS] Usuario admin accedió a index.php
2025-10-24 18:19:34 - [ACCESS] Usuario admin accedió a index.php
2025-10-24 18:20:05 - [ACCESS] Usuario admin accedió a index.php
2025-10-24 18:20:36 - [ACCESS] Usuario admin accedió a index.php
2025-10-24 18:21:08 - [ACCESS] Usuario admin accedió a index.php
2025-10-24 18:21:40 - [ACCESS] Usuario admin accedió a index.php
2025-10-24 18:22:12 - [ACCESS] Usuario admin accedió a index.php
2025-10-24 18:22:44 - [ACCESS] Usuario admin accedió a index.php
2025-10-24 18:23:15 - [ACCESS] Usuario admin accedió a index.php
2025-10-24 18:23:48 - [ACCESS] Usuario admin accedió a index.php
2025-10-24 18:24:20 - [ACCESS] Usuario admin accedió a index.php
2025-10-24 18:24:52 - [ACCESS] Usuario admin accedió a index.php
2025-10-24 18:25:24 - [ACCESS] Usuario admin accedió a index.php
2025-10-24 18:25:56 - [ACCESS] Usuario admin accedió a index.php
2025-10-24 18:26:28 - [ACCESS] Usuario admin accedió a index.php
2025-10-24 18:27:00 - [ACCESS] Usuario admin accedió a index.php
2025-10-24 18:27:31 - [ACCESS] Usuario admin accedió a index.php
2025-10-24 18:28:03 - [ACCESS] Usuario admin accedió a index.php
2025-10-24 18:28:35 - [ACCESS] Usuario admin accedió a index.php
2025-10-24 18:29:08 - [ACCESS] Usuario admin accedió a index.php
2025-10-24 18:29:40 - [ACCESS] Usuario admin accedió a index.php
2025-10-24 18:30:12 - [ACCESS] Usuario admin accedió a index.php
2025-10-24 18:30:44 - [ACCESS] Usuario admin accedió a index.php
2025-10-24 18:31:16 - [ACCESS] Usuario admin accedió a index.php
2025-10-24 18:31:48 - [ACCESS] Usuario admin accedió a index.php
2025-10-24 18:32:20 - [ACCESS] Usuario admin accedió a index.php
2025-10-24 18:32:52 - [ACCESS] Usuario admin accedió a index.php
2025-11-27 14:30:34 - [ACCESS] Login exitoso para usuario: admin
2025-11-27 14:30:34 - [ACCESS] Usuario admin accedió a index.php
2025-11-27 14:31:06 - [ACCESS] Usuario admin accedió a index.php
2025-11-27 14:31:37 - [ACCESS] Usuario admin accedió a index.php
2025-11-27 14:31:44 - [ACCESS] Usuario admin accedió a index.php
2025-11-27 14:31:59 - [ACCESS] Usuario admin accedió a pqrs.php
2025-11-27 14:32:03 - [ACCESS] Usuario admin accedió a reportes.php
2025-11-27 14:32:07 - [ACCESS] Usuario admin accedió a usuarios.php
2025-11-27 14:32:12 - [ACCESS] Usuario admin accedió a index.php
2025-11-27 14:32:43 - [ACCESS] Usuario admin accedió a index.php
2025-11-27 14:33:00 - [ACCESS] Usuario admin accedió a index.php
2025-11-27 14:33:31 - [ACCESS] Usuario admin accedió a index.php
2025-11-27 14:34:02 - [ACCESS] Usuario admin accedió a index.php
2025-11-27 14:34:33 - [ACCESS] Usuario admin accedió a index.php
2025-11-27 14:34:47 - [ACCESS] Usuario admin accedió a index.php
2025-11-27 14:35:19 - [ACCESS] Usuario admin accedió a index.php
2025-11-27 14:35:50 - [ACCESS] Usuario admin accedió a index.php
2025-11-27 13:36:33 - [ACCESS] Usuario admin accedió a index.php
2025-11-27 13:36:36 - [ACCESS] Usuario admin accedió a index.php
2025-11-27 13:37:08 - [ACCESS] Usuario admin accedió a index.php
2025-11-27 13:37:40 - [ACCESS] Usuario admin accedió a index.php
2025-11-27 13:38:12 - [ACCESS] Usuario admin accedió a index.php
2025-11-27 14:19:42 - [ACCESS] Login exitoso para usuario: admin
2025-11-27 14:19:42 - [ACCESS] Usuario admin accedió a index.php
2025-11-27 14:19:47 - [ACCESS] Usuario admin accedió a reportes.php
2025-11-27 14:19:56 - [ACCESS] Usuario admin accedió a pqrs.php
2025-11-27 14:19:58 - [ACCESS] Usuario admin accedió a reportes.php
2025-11-27 14:20:21 - [ACCESS] Usuario admin accedió a reportes.php
2025-11-27 14:20:32 - [ACCESS] Usuario admin accedió a reportes.php
2025-11-27 14:20:48 - [ACCESS] Usuario admin accedió a index.php
2025-11-27 14:20:57 - [ACCESS] Usuario admin accedió a pqrs.php
2025-11-27 14:21:03 - [ACCESS] Usuario admin accedió a pqrs.php
2025-11-27 14:21:04 - [ACCESS] Usuario admin accedió a pqrs.php
2025-11-27 14:21:07 - [ACCESS] Usuario admin accedió a reportes.php
2025-11-27 14:22:44 - [ACCESS] Usuario admin accedió a reportes.php
2025-11-27 14:22:51 - [ACCESS] Usuario admin accedió a pqrs.php
2025-11-27 14:23:06 - [ACCESS] Usuario admin accedió a usuarios.php
2025-11-27 14:23:13 - [ACCESS] Usuario admin accedió a index.php
2025-11-27 14:23:44 - [ACCESS] Usuario admin accedió a index.php
2025-11-27 14:24:15 - [ACCESS] Usuario admin accedió a index.php
2025-11-27 14:24:46 - [ACCESS] Usuario admin accedió a index.php
2025-11-27 14:25:18 - [ACCESS] Usuario admin accedió a index.php
2025-11-27 14:25:49 - [ACCESS] Usuario admin accedió a index.php
2025-11-27 14:25:59 - [ACCESS] Usuario admin accedió a pqrs.php
2025-11-27 14:26:01 - [ACCESS] Usuario admin accedió a reportes.php
2025-11-27 14:38:07 - [ACCESS] Usuario admin accedió a reportes.php
2025-11-27 23:45:04 - [ACCESS] Login exitoso para usuario: admin
2025-11-27 23:45:04 - [ACCESS] Usuario admin accedió a index.php
2025-11-27 23:45:09 - [ACCESS] Usuario admin accedió a pqrs.php
2025-11-27 23:45:12 - [ACCESS] Usuario admin accedió a reportes.php
2025-11-28 03:56:06 - [ACCESS] Login exitoso para usuario: admin
2025-11-28 03:56:06 - [ACCESS] Usuario admin accedió a index.php
2025-11-28 03:56:12 - [ACCESS] Usuario admin accedió a pqrs.php
2025-11-28 04:07:30 - [ACCESS] Usuario admin accedió a pqrs.php
2025-11-28 04:27:17 - [ACCESS] Usuario admin accedió a pqrs.php
2025-11-28 04:27:22 - [ACCESS] Usuario admin accedió a pqrs.php
2025-11-28 04:27:24 - [ACCESS] Usuario admin accedió a reportes.php
2025-11-28 20:23:56 - [ACCESS] Login exitoso para usuario: admin
2025-11-28 20:23:56 - [ACCESS] Usuario admin accedió a index.php
2025-11-28 20:24:27 - [ACCESS] Usuario admin accedió a index.php
2025-11-28 20:24:58 - [ACCESS] Usuario admin accedió a index.php
2025-11-28 20:25:29 - [ACCESS] Usuario admin accedió a index.php
2025-11-28 20:26:00 - [ACCESS] Usuario admin accedió a index.php
2025-11-28 20:26:31 - [ACCESS] Usuario admin accedió a index.php
2025-11-28 20:27:03 - [ACCESS] Usuario admin accedió a index.php
2025-11-28 20:27:34 - [ACCESS] Usuario admin accedió a index.php
2025-11-28 20:27:46 - [ACCESS] Usuario admin accedió a index.php
2025-11-28 20:28:17 - [ACCESS] Usuario admin accedió a index.php
2025-11-28 20:28:49 - [ACCESS] Usuario admin accedió a index.php
2025-11-28 20:29:21 - [ACCESS] Usuario admin accedió a index.php
2025-11-28 20:29:53 - [ACCESS] Usuario admin accedió a index.php
2025-11-28 20:30:25 - [ACCESS] Usuario admin accedió a index.php
2025-11-28 20:30:57 - [ACCESS] Usuario admin accedió a index.php
2025-11-28 20:31:29 - [ACCESS] Usuario admin accedió a index.php
2025-11-28 20:32:01 - [ACCESS] Usuario admin accedió a index.php
2025-11-28 20:32:33 - [ACCESS] Usuario admin accedió a index.php
2025-11-28 20:33:05 - [ACCESS] Usuario admin accedió a index.php
2025-11-28 20:33:36 - [ACCESS] Usuario admin accedió a index.php
2025-11-28 20:34:07 - [ACCESS] Usuario admin accedió a index.php
2025-11-28 20:34:38 - [ACCESS] Usuario admin accedió a index.php
2025-11-28 20:35:10 - [ACCESS] Usuario admin accedió a index.php
2025-11-28 20:35:41 - [ACCESS] Usuario admin accedió a index.php
2025-11-28 20:36:13 - [ACCESS] Usuario admin accedió a index.php
2025-11-28 20:36:45 - [ACCESS] Usuario admin accedió a index.php
2025-11-28 20:37:16 - [ACCESS] Usuario admin accedió a index.php
2025-11-28 20:37:48 - [ACCESS] Usuario admin accedió a index.php
2025-11-28 20:38:19 - [ACCESS] Usuario admin accedió a index.php
2025-11-28 20:38:51 - [ACCESS] Usuario admin accedió a index.php
2025-11-28 20:39:23 - [ACCESS] Usuario admin accedió a index.php
2025-11-28 20:39:55 - [ACCESS] Usuario admin accedió a index.php
2025-11-28 20:40:28 - [ACCESS] Usuario admin accedió a index.php
2025-11-28 20:41:00 - [ACCESS] Usuario admin accedió a index.php
2025-11-28 20:41:31 - [ACCESS] Usuario admin accedió a index.php
2025-11-28 20:42:03 - [ACCESS] Usuario admin accedió a index.php
2025-11-28 20:42:35 - [ACCESS] Usuario admin accedió a index.php
2025-11-28 20:43:07 - [ACCESS] Usuario admin accedió a index.php
2025-11-28 20:43:39 - [ACCESS] Usuario admin accedió a index.php
2025-11-28 20:44:11 - [ACCESS] Usuario admin accedió a index.php
2025-11-28 20:44:43 - [ACCESS] Usuario admin accedió a index.php
2025-11-28 20:45:15 - [ACCESS] Usuario admin accedió a index.php
2025-11-28 20:45:47 - [ACCESS] Usuario admin accedió a index.php
2025-11-28 20:46:19 - [ACCESS] Usuario admin accedió a index.php
2025-11-28 20:46:51 - [ACCESS] Usuario admin accedió a index.php
2025-11-28 20:47:23 - [ACCESS] Usuario admin accedió a index.php
2025-11-28 20:47:55 - [ACCESS] Usuario admin accedió a index.php
2025-11-28 20:48:27 - [ACCESS] Usuario admin accedió a index.php
2025-11-28 20:48:59 - [ACCESS] Usuario admin accedió a index.php
2025-11-28 20:49:31 - [ACCESS] Usuario admin accedió a index.php
2025-11-28 20:50:03 - [ACCESS] Usuario admin accedió a index.php
2025-11-28 20:50:35 - [ACCESS] Usuario admin accedió a index.php
2025-11-28 20:51:09 - [ACCESS] Usuario admin accedió a index.php
2025-11-28 20:51:41 - [ACCESS] Usuario admin accedió a index.php
2025-11-28 20:52:13 - [ACCESS] Usuario admin accedió a index.php
2025-11-28 20:52:45 - [ACCESS] Usuario admin accedió a index.php
2025-11-28 20:53:17 - [ACCESS] Usuario admin accedió a index.php
2025-11-28 20:53:49 - [ACCESS] Usuario admin accedió a index.php
2025-11-28 20:54:21 - [ACCESS] Usuario admin accedió a index.php
2025-11-28 20:54:53 - [ACCESS] Usuario admin accedió a index.php
2025-11-28 20:55:25 - [ACCESS] Usuario admin accedió a index.php
2025-11-28 20:55:57 - [ACCESS] Usuario admin accedió a index.php
2025-11-28 20:56:29 - [ACCESS] Usuario admin accedió a index.php
2025-11-28 20:57:01 - [ACCESS] Usuario admin accedió a index.php
2025-11-28 20:57:33 - [ACCESS] Usuario admin accedió a index.php
2025-11-28 20:58:05 - [ACCESS] Usuario admin accedió a index.php
2025-11-28 20:58:37 - [ACCESS] Usuario admin accedió a index.php
2025-11-28 20:59:09 - [ACCESS] Usuario admin accedió a index.php
2025-11-28 20:59:41 - [ACCESS] Usuario admin accedió a index.php
2025-11-28 21:00:13 - [ACCESS] Usuario admin accedió a index.php
2025-11-28 21:00:45 - [ACCESS] Usuario admin accedió a index.php
2025-11-28 21:01:17 - [ACCESS] Usuario admin accedió a index.php
2025-11-28 21:01:49 - [ACCESS] Usuario admin accedió a index.php
2025-11-28 21:02:21 - [ACCESS] Usuario admin accedió a index.php
2025-11-28 21:02:53 - [ACCESS] Usuario admin accedió a index.php
2025-11-28 21:03:25 - [ACCESS] Usuario admin accedió a index.php
2025-11-28 21:03:57 - [ACCESS] Usuario admin accedió a index.php
2025-11-28 21:04:29 - [ACCESS] Usuario admin accedió a index.php
2025-11-28 21:05:01 - [ACCESS] Usuario admin accedió a index.php
2025-11-28 21:05:34 - [ACCESS] Usuario admin accedió a index.php
2025-11-28 21:06:06 - [ACCESS] Usuario admin accedió a index.php
2025-11-28 21:06:38 - [ACCESS] Usuario admin accedió a index.php
2025-11-28 21:07:10 - [ACCESS] Usuario admin accedió a index.php
2025-11-28 21:07:42 - [ACCESS] Usuario admin accedió a index.php
2025-11-28 21:08:14 - [ACCESS] Usuario admin accedió a index.php
2025-11-28 21:08:46 - [ACCESS] Usuario admin accedió a index.php
2025-11-28 21:09:18 - [ACCESS] Usuario admin accedió a index.php
2025-11-28 21:09:50 - [ACCESS] Usuario admin accedió a index.php
2025-11-28 21:10:22 - [ACCESS] Usuario admin accedió a index.php
2025-11-28 21:10:54 - [ACCESS] Usuario admin accedió a index.php
2025-11-28 21:11:26 - [ACCESS] Usuario admin accedió a index.php
2025-11-28 21:11:58 - [ACCESS] Usuario admin accedió a index.php
2025-11-28 21:12:30 - [ACCESS] Usuario admin accedió a index.php
2025-11-28 21:13:02 - [ACCESS] Usuario admin accedió a index.php
2025-11-28 21:13:34 - [ACCESS] Usuario admin accedió a index.php
2025-11-28 21:14:06 - [ACCESS] Usuario admin accedió a index.php
2025-11-28 21:14:38 - [ACCESS] Usuario admin accedió a index.php
2025-11-28 21:15:10 - [ACCESS] Usuario admin accedió a index.php
2025-11-28 21:15:42 - [ACCESS] Usuario admin accedió a index.php
2025-11-28 21:16:14 - [ACCESS] Usuario admin accedió a index.php
2025-11-28 21:16:46 - [ACCESS] Usuario admin accedió a index.php
2025-11-28 21:17:18 - [ACCESS] Usuario admin accedió a index.php
2025-11-28 21:17:52 - [ACCESS] Usuario admin accedió a index.php
2025-11-28 21:18:25 - [ACCESS] Usuario admin accedió a index.php
2025-11-28 21:57:46 - [ACCESS] Usuario admin accedió a index.php
2025-11-28 21:57:46 - [ACCESS] Usuario admin accedió a index.php
2025-11-28 21:57:50 - [ACCESS] Usuario admin accedió a reportes.php
2025-11-28 21:58:04 - [ACCESS] Usuario admin accedió a reportes.php
2025-11-28 21:58:06 - [ACCESS] Usuario admin accedió a pqrs.php
2025-12-01 21:26:24 - [ACCESS] Login exitoso para usuario: admin
2025-12-01 21:26:24 - [ACCESS] Usuario admin accedió a index.php
2025-12-01 21:26:55 - [ACCESS] Usuario admin accedió a index.php
2025-12-01 21:27:27 - [ACCESS] Usuario admin accedió a index.php
2025-12-01 21:27:59 - [ACCESS] Usuario admin accedió a index.php
2025-12-01 21:28:31 - [ACCESS] Usuario admin accedió a index.php
2025-12-01 21:29:02 - [ACCESS] Usuario admin accedió a index.php
2025-12-01 21:29:33 - [ACCESS] Usuario admin accedió a index.php
2025-12-01 21:30:10 - [ACCESS] Usuario admin accedió a index.php
2025-12-01 21:31:52 - [ACCESS] Login exitoso para usuario: admin
2025-12-01 21:31:53 - [ACCESS] Usuario admin accedió a index.php
2025-12-01 21:32:25 - [ACCESS] Usuario admin accedió a index.php
2025-12-01 21:32:57 - [ACCESS] Usuario admin accedió a index.php
2025-12-01 21:33:28 - [ACCESS] Usuario admin accedió a index.php
2025-12-01 21:33:59 - [ACCESS] Usuario admin accedió a index.php
2025-12-01 21:34:30 - [ACCESS] Usuario admin accedió a index.php
2025-12-01 21:35:02 - [ACCESS] Usuario admin accedió a index.php
2025-12-01 21:35:34 - [ACCESS] Usuario admin accedió a index.php
2025-12-01 21:36:06 - [ACCESS] Usuario admin accedió a index.php
2025-12-01 21:36:38 - [ACCESS] Usuario admin accedió a index.php
2025-12-01 21:37:10 - [ACCESS] Usuario admin accedió a index.php
2025-12-01 21:37:42 - [ACCESS] Usuario admin accedió a index.php
2025-12-01 21:38:14 - [ACCESS] Usuario admin accedió a index.php
2025-12-01 21:38:46 - [ACCESS] Usuario admin accedió a index.php
2025-12-01 21:39:18 - [ACCESS] Usuario admin accedió a index.php
2025-12-01 21:39:50 - [ACCESS] Usuario admin accedió a index.php
2025-12-01 21:50:05 - [ACCESS] Usuario admin accedió a index.php
2025-12-02 03:02:53 - [ACCESS] Login exitoso para usuario: admin
2025-12-02 03:02:53 - [ACCESS] Usuario admin accedió a index.php
2025-12-02 03:02:57 - [ACCESS] Usuario admin accedió a pqrs.php
2025-12-02 03:03:17 - [ACCESS] Usuario admin accedió a reportes.php
2025-12-02 03:09:35 - [ACCESS] Usuario admin accedió a reportes.php
2025-12-02 03:46:04 - [ACCESS] Usuario admin accedió a reportes.php
2025-12-02 04:20:38 - [ACCESS] Usuario admin accedió a reportes.php
2025-12-02 04:31:23 - [ACCESS] Usuario admin accedió a reportes.php
2025-12-03 15:36:06 - [ACCESS] Login exitoso para usuario: admin
2025-12-03 15:36:06 - [ACCESS] Usuario admin accedió a index.php
2025-12-03 15:36:32 - [ACCESS] Usuario admin accedió a pqrs.php
2025-12-03 15:36:34 - [ACCESS] Usuario admin accedió a reportes.php
2025-12-03 15:36:39 - [ACCESS] Usuario admin accedió a pqrs.php
2025-12-04 20:57:16 - [ACCESS] Login exitoso para usuario: admin
2025-12-04 20:57:16 - [ACCESS] Usuario admin accedió a index.php
2025-12-04 20:57:23 - [ACCESS] Usuario admin accedió a pqrs.php
2025-12-04 22:38:06 - [ACCESS] Login exitoso para usuario: admin
2025-12-04 22:38:06 - [ACCESS] Usuario admin accedió a index.php
2025-12-04 22:38:31 - [ACCESS] Usuario admin accedió a pqrs.php
[04-Dec-2025 22:39:31 UTC] Sophía DB Error: Connection timed out
2025-12-04 22:39:31 - Excepción: Call to a member function prepare() on bool en /home/osfcomco/public_html/pqrs/dashboard/pqrs.php línea 76
2025-12-04 22:39:31 - [ACCESS] Usuario admin accedió a reportes.php
2025-12-05 04:36:57 - [ACCESS] Login exitoso para usuario: admin
2025-12-05 04:36:57 - [ACCESS] Usuario admin accedió a index.php
2025-12-05 04:37:01 - [ACCESS] Usuario admin accedió a pqrs.php
2025-12-05 04:37:05 - [ACCESS] Usuario admin accedió a reportes.php
2025-12-05 04:40:17 - [ACCESS] Usuario admin accedió a reportes.php
2025-12-05 04:43:43 - [ACCESS] Usuario admin accedió a reportes.php
2025-12-05 04:43:51 - [ACCESS] Usuario admin accedió a index.php
2025-12-05 04:44:03 - [ACCESS] Usuario admin accedió a reportes.php
2025-12-05 13:25:24 - [ACCESS] Login exitoso para usuario: admin
2025-12-05 13:25:24 - [ACCESS] Usuario admin accedió a index.php
2025-12-05 13:25:28 - [ACCESS] Usuario admin accedió a pqrs.php
2025-12-05 20:45:19 - [ACCESS] Login exitoso para usuario: admin
2025-12-05 20:45:19 - [ACCESS] Usuario admin accedió a index.php
2025-12-05 20:45:22 - [ACCESS] Usuario admin accedió a reportes.php
2025-12-09 10:26:31 - [ACCESS] Login exitoso para usuario: admin
2025-12-09 10:26:31 - [ACCESS] Usuario admin accedió a index.php
2025-12-09 10:27:03 - [ACCESS] Usuario admin accedió a index.php
2025-12-09 10:27:35 - [ACCESS] Usuario admin accedió a index.php
2025-12-09 10:28:07 - [ACCESS] Usuario admin accedió a index.php
2025-12-09 10:28:39 - [ACCESS] Usuario admin accedió a index.php
2025-12-09 10:29:11 - [ACCESS] Usuario admin accedió a index.php
2025-12-09 10:29:42 - [ACCESS] Usuario admin accedió a index.php
2025-12-09 10:30:13 - [ACCESS] Usuario admin accedió a index.php
2025-12-09 10:30:44 - [ACCESS] Usuario admin accedió a index.php
2025-12-09 10:31:15 - [ACCESS] Usuario admin accedió a index.php
2025-12-09 10:31:46 - [ACCESS] Usuario admin accedió a index.php
2025-12-09 10:32:18 - [ACCESS] Usuario admin accedió a index.php
2025-12-09 10:32:49 - [ACCESS] Usuario admin accedió a index.php
2025-12-09 10:33:20 - [ACCESS] Usuario admin accedió a index.php
2025-12-09 10:33:51 - [ACCESS] Usuario admin accedió a index.php
2025-12-09 10:34:22 - [ACCESS] Usuario admin accedió a index.php
2025-12-09 10:34:53 - [ACCESS] Usuario admin accedió a index.php
2025-12-09 10:35:24 - [ACCESS] Usuario admin accedió a index.php
2025-12-09 10:35:55 - [ACCESS] Usuario admin accedió a index.php
2025-12-09 10:36:26 - [ACCESS] Usuario admin accedió a index.php
2025-12-09 10:36:58 - [ACCESS] Usuario admin accedió a index.php
2025-12-09 10:37:30 - [ACCESS] Usuario admin accedió a index.php
2025-12-09 10:38:05 - [ACCESS] Usuario admin accedió a index.php
2025-12-09 10:38:37 - [ACCESS] Usuario admin accedió a index.php
2025-12-09 10:39:08 - [ACCESS] Usuario admin accedió a index.php
2025-12-09 10:39:39 - [ACCESS] Usuario admin accedió a index.php
2025-12-09 10:40:11 - [ACCESS] Usuario admin accedió a index.php
2025-12-09 10:40:43 - [ACCESS] Usuario admin accedió a index.php
2025-12-09 10:41:15 - [ACCESS] Usuario admin accedió a index.php
2025-12-09 10:41:46 - [ACCESS] Usuario admin accedió a index.php
2025-12-09 10:42:17 - [ACCESS] Usuario admin accedió a index.php
2025-12-09 10:42:49 - [ACCESS] Usuario admin accedió a index.php
2025-12-09 10:43:21 - [ACCESS] Usuario admin accedió a index.php
2025-12-09 10:43:53 - [ACCESS] Usuario admin accedió a index.php
2025-12-09 10:44:25 - [ACCESS] Usuario admin accedió a index.php
2025-12-09 10:44:57 - [ACCESS] Usuario admin accedió a index.php
2025-12-09 10:45:29 - [ACCESS] Usuario admin accedió a index.php
2025-12-09 10:46:01 - [ACCESS] Usuario admin accedió a index.php
2025-12-09 10:46:32 - [ACCESS] Usuario admin accedió a index.php
2025-12-09 10:47:03 - [ACCESS] Usuario admin accedió a index.php
2025-12-09 10:47:35 - [ACCESS] Usuario admin accedió a index.php
2025-12-09 10:48:07 - [ACCESS] Usuario admin accedió a index.php
2025-12-09 10:48:38 - [ACCESS] Usuario admin accedió a index.php
2025-12-09 10:49:10 - [ACCESS] Usuario admin accedió a index.php
2025-12-09 10:49:42 - [ACCESS] Usuario admin accedió a index.php
2025-12-09 10:50:14 - [ACCESS] Usuario admin accedió a index.php
2025-12-09 10:50:45 - [ACCESS] Usuario admin accedió a index.php
2025-12-09 10:51:16 - [ACCESS] Usuario admin accedió a index.php
2025-12-09 10:51:48 - [ACCESS] Usuario admin accedió a index.php
2025-12-09 10:52:20 - [ACCESS] Usuario admin accedió a index.php
2025-12-09 10:52:52 - [ACCESS] Usuario admin accedió a index.php
2025-12-09 10:53:24 - [ACCESS] Usuario admin accedió a index.php
2025-12-09 10:53:55 - [ACCESS] Usuario admin accedió a index.php
2025-12-09 10:54:27 - [ACCESS] Usuario admin accedió a index.php
2025-12-09 10:54:59 - [ACCESS] Usuario admin accedió a index.php
2025-12-09 10:55:31 - [ACCESS] Usuario admin accedió a index.php
2025-12-09 10:56:03 - [ACCESS] Usuario admin accedió a index.php
2025-12-09 10:56:35 - [ACCESS] Usuario admin accedió a index.php
2025-12-09 10:57:07 - [ACCESS] Usuario admin accedió a index.php
2025-12-09 10:57:39 - [ACCESS] Usuario admin accedió a index.php
2025-12-09 10:58:11 - [ACCESS] Usuario admin accedió a index.php
2025-12-09 10:58:43 - [ACCESS] Usuario admin accedió a index.php
2025-12-09 10:59:14 - [ACCESS] Usuario admin accedió a index.php
2025-12-09 10:59:46 - [ACCESS] Usuario admin accedió a index.php
2025-12-09 11:00:18 - [ACCESS] Usuario admin accedió a index.php
2025-12-09 11:00:50 - [ACCESS] Usuario admin accedió a index.php
2025-12-09 11:01:22 - [ACCESS] Usuario admin accedió a index.php
2025-12-09 11:01:54 - [ACCESS] Usuario admin accedió a index.php
2025-12-09 11:02:25 - [ACCESS] Usuario admin accedió a index.php
2025-12-09 11:02:57 - [ACCESS] Usuario admin accedió a index.php
2025-12-09 11:03:29 - [ACCESS] Usuario admin accedió a index.php
2025-12-09 11:04:01 - [ACCESS] Usuario admin accedió a index.php
2025-12-09 11:04:33 - [ACCESS] Usuario admin accedió a index.php
2025-12-09 11:05:05 - [ACCESS] Usuario admin accedió a index.php
2025-12-09 11:05:37 - [ACCESS] Usuario admin accedió a index.php
2025-12-09 11:06:09 - [ACCESS] Usuario admin accedió a index.php
2025-12-09 11:06:41 - [ACCESS] Usuario admin accedió a index.php
2025-12-09 11:07:13 - [ACCESS] Usuario admin accedió a index.php
2025-12-09 11:09:19 - [ACCESS] Usuario admin accedió a index.php
2025-12-09 11:09:50 - [ACCESS] Usuario admin accedió a index.php
2025-12-09 11:10:22 - [ACCESS] Usuario admin accedió a index.php
2025-12-09 11:10:54 - [ACCESS] Usuario admin accedió a index.php
2025-12-09 11:11:26 - [ACCESS] Usuario admin accedió a index.php
2025-12-09 11:11:58 - [ACCESS] Usuario admin accedió a index.php
2025-12-09 11:12:30 - [ACCESS] Usuario admin accedió a index.php
2025-12-09 11:13:02 - [ACCESS] Usuario admin accedió a index.php
2025-12-09 11:13:34 - [ACCESS] Usuario admin accedió a index.php
2025-12-09 11:14:06 - [ACCESS] Usuario admin accedió a index.php
2025-12-09 11:14:38 - [ACCESS] Usuario admin accedió a index.php
2025-12-09 11:15:10 - [ACCESS] Usuario admin accedió a index.php
2025-12-09 11:15:41 - [ACCESS] Usuario admin accedió a index.php
2025-12-09 11:16:12 - [ACCESS] Usuario admin accedió a index.php
2025-12-09 11:16:44 - [ACCESS] Usuario admin accedió a index.php
2025-12-09 11:17:16 - [ACCESS] Usuario admin accedió a index.php
2025-12-09 11:17:47 - [ACCESS] Usuario admin accedió a index.php
2025-12-09 11:18:18 - [ACCESS] Usuario admin accedió a index.php
2025-12-09 11:18:20 - [ACCESS] Usuario admin accedió a pqrs.php
2025-12-09 11:18:24 - [ACCESS] Usuario admin accedió a reportes.php
2025-12-09 13:36:36 - [ACCESS] Login exitoso para usuario: admin
2025-12-09 13:36:36 - [ACCESS] Usuario admin accedió a index.php
2025-12-09 13:36:46 - [ACCESS] Usuario admin accedió a pqrs.php
2025-12-09 13:36:48 - [ACCESS] Usuario admin accedió a reportes.php
2025-12-10 02:55:20 - [ACCESS] Login exitoso para usuario: admin
2025-12-10 02:55:20 - [ACCESS] Usuario admin accedió a index.php
2025-12-10 02:55:23 - [ACCESS] Usuario admin accedió a pqrs.php
2025-12-10 02:55:27 - [ACCESS] Usuario admin accedió a reportes.php
2025-12-10 03:55:57 - [ACCESS] Login exitoso para usuario: admin
2025-12-10 03:55:57 - [ACCESS] Usuario admin accedió a index.php
2025-12-10 03:56:00 - [ACCESS] Usuario admin accedió a reportes.php
2025-12-10 15:51:41 - [ACCESS] Login exitoso para usuario: admin
2025-12-10 15:51:41 - [ACCESS] Usuario admin accedió a index.php
2025-12-10 15:52:12 - [ACCESS] Usuario admin accedió a index.php
2025-12-10 15:52:44 - [ACCESS] Usuario admin accedió a index.php
2025-12-10 15:53:15 - [ACCESS] Usuario admin accedió a index.php
2025-12-10 15:53:40 - [ACCESS] Usuario admin accedió a reportes.php
2025-12-10 15:54:07 - [ACCESS] Usuario admin accedió a index.php
2025-12-10 15:54:38 - [ACCESS] Usuario admin accedió a index.php
2025-12-10 15:55:09 - [ACCESS] Usuario admin accedió a index.php
2025-12-10 15:55:40 - [ACCESS] Usuario admin accedió a index.php
2025-12-10 15:56:11 - [ACCESS] Usuario admin accedió a index.php
2025-12-10 15:56:42 - [ACCESS] Usuario admin accedió a index.php
2025-12-10 15:57:13 - [ACCESS] Usuario admin accedió a index.php
2025-12-10 15:57:44 - [ACCESS] Usuario admin accedió a index.php
2025-12-10 15:58:16 - [ACCESS] Usuario admin accedió a index.php
2025-12-10 15:58:47 - [ACCESS] Usuario admin accedió a index.php
2025-12-10 15:59:19 - [ACCESS] Usuario admin accedió a index.php
2025-12-10 15:59:51 - [ACCESS] Usuario admin accedió a index.php
2025-12-10 16:00:23 - [ACCESS] Usuario admin accedió a index.php
2025-12-10 16:00:55 - [ACCESS] Usuario admin accedió a index.php
2025-12-10 16:01:27 - [ACCESS] Usuario admin accedió a index.php
2025-12-10 16:01:59 - [ACCESS] Usuario admin accedió a index.php
2025-12-10 22:22:05 - [ACCESS] Login exitoso para usuario: admin
2025-12-10 22:22:07 - [ACCESS] Login exitoso para usuario: admin
2025-12-10 22:22:10 - [ACCESS] Usuario admin accedió a index.php
2025-12-10 22:23:06 - [ACCESS] Usuario admin accedió a index.php
2025-12-10 22:23:17 - [ACCESS] Usuario admin accedió a pqrs.php
2025-12-10 22:23:43 - [ACCESS] Usuario admin accedió a pqrs.php
2025-12-10 22:23:45 - [ACCESS] Usuario admin accedió a pqrs.php
2025-12-10 22:25:50 - [ACCESS] Usuario admin accedió a reportes.php
2025-12-10 22:25:54 - [ACCESS] Usuario admin accedió a index.php
2025-12-10 22:26:25 - [ACCESS] Usuario admin accedió a index.php
2025-12-10 22:26:56 - [ACCESS] Usuario admin accedió a index.php
2025-12-10 22:27:03 - [ACCESS] Usuario admin accedió a pqrs.php
2025-12-10 22:27:42 - [ACCESS] Usuario admin accedió a index.php
2025-12-10 22:27:43 - [ACCESS] Usuario admin accedió a pqrs.php
2025-12-10 22:27:57 - [ACCESS] Usuario admin accedió a pqrs.php
2025-12-10 22:28:04 - [ACCESS] Usuario admin accedió a reportes.php
2025-12-10 22:55:28 - [ACCESS] Usuario admin accedió a index.php
2025-12-10 22:55:30 - [ACCESS] Usuario admin accedió a index.php
2025-12-10 22:55:49 - [ACCESS] Usuario admin accedió a pqrs.php
2025-12-10 22:55:50 - [ACCESS] Usuario admin accedió a reportes.php
2025-12-10 23:43:29 - [ACCESS] Login exitoso para usuario: admin
2025-12-10 23:43:29 - [ACCESS] Usuario admin accedió a index.php
2025-12-10 23:43:38 - [ACCESS] Usuario admin accedió a reportes.php
2025-12-10 23:43:50 - [ACCESS] Usuario admin accedió a pqrs.php
2025-12-10 23:48:03 - [ACCESS] Usuario admin accedió a index.php
2025-12-10 23:48:07 - [ACCESS] Usuario admin accedió a pqrs.php
2025-12-10 23:48:08 - [ACCESS] Usuario admin accedió a reportes.php
2025-12-11 00:09:21 - [ACCESS] Usuario admin accedió a reportes.php
2025-12-11 00:09:29 - [ACCESS] Usuario admin accedió a index.php
2025-12-11 13:17:50 - [ACCESS] Login exitoso para usuario: admin
2025-12-11 13:17:50 - [ACCESS] Usuario admin accedió a index.php
2025-12-11 13:18:22 - [ACCESS] Usuario admin accedió a index.php
2025-12-11 13:18:53 - [ACCESS] Usuario admin accedió a index.php
2025-12-11 13:19:24 - [ACCESS] Usuario admin accedió a index.php
2025-12-11 13:19:55 - [ACCESS] Usuario admin accedió a index.php
2025-12-11 13:20:27 - [ACCESS] Usuario admin accedió a index.php
2025-12-11 13:20:58 - [ACCESS] Usuario admin accedió a index.php
2025-12-11 13:21:29 - [ACCESS] Usuario admin accedió a index.php
2025-12-11 13:22:01 - [ACCESS] Usuario admin accedió a index.php
2025-12-11 13:22:33 - [ACCESS] Usuario admin accedió a index.php
2025-12-11 13:23:05 - [ACCESS] Usuario admin accedió a index.php
2025-12-11 13:23:37 - [ACCESS] Usuario admin accedió a index.php
2025-12-11 13:24:09 - [ACCESS] Usuario admin accedió a index.php
2025-12-11 13:24:41 - [ACCESS] Usuario admin accedió a index.php
2025-12-11 13:25:13 - [ACCESS] Usuario admin accedió a index.php
2025-12-11 13:25:44 - [ACCESS] Usuario admin accedió a index.php
2025-12-11 13:26:15 - [ACCESS] Usuario admin accedió a index.php
2025-12-11 13:26:46 - [ACCESS] Usuario admin accedió a index.php
2025-12-11 13:27:18 - [ACCESS] Usuario admin accedió a index.php
2025-12-11 13:27:50 - [ACCESS] Usuario admin accedió a index.php
2025-12-11 13:28:22 - [ACCESS] Usuario admin accedió a index.php
2025-12-11 13:28:54 - [ACCESS] Usuario admin accedió a index.php
2025-12-11 13:29:18 - [ACCESS] Usuario admin accedió a pqrs.php
2025-12-11 15:55:07 - [SECURITY] Intento de login fallido para usuario: admin
2025-12-11 15:55:12 - [ACCESS] Login exitoso para usuario: admin
2025-12-11 15:55:12 - [ACCESS] Usuario admin accedió a index.php
2025-12-11 15:55:13 - [ACCESS] Login exitoso para usuario: admin
2025-12-11 15:55:13 - [ACCESS] Usuario admin accedió a index.php
2025-12-11 15:55:15 - [ACCESS] Login exitoso para usuario: admin
2025-12-11 15:55:15 - [ACCESS] Usuario admin accedió a index.php
2025-12-11 15:55:47 - [ACCESS] Usuario admin accedió a index.php
2025-12-11 15:56:19 - [ACCESS] Usuario admin accedió a index.php
2025-12-11 15:56:51 - [ACCESS] Usuario admin accedió a index.php
2025-12-11 15:57:23 - [ACCESS] Usuario admin accedió a index.php
2025-12-11 15:57:55 - [ACCESS] Usuario admin accedió a index.php
2025-12-11 15:58:27 - [ACCESS] Usuario admin accedió a index.php
2025-12-11 15:58:59 - [ACCESS] Usuario admin accedió a index.php
2025-12-11 15:59:31 - [ACCESS] Usuario admin accedió a index.php
2025-12-11 16:00:03 - [ACCESS] Usuario admin accedió a index.php
2025-12-11 16:00:35 - [ACCESS] Usuario admin accedió a index.php
2025-12-11 16:01:07 - [ACCESS] Usuario admin accedió a index.php
2025-12-11 16:01:39 - [ACCESS] Usuario admin accedió a index.php
2025-12-11 16:02:11 - [ACCESS] Usuario admin accedió a index.php
2025-12-11 16:02:43 - [ACCESS] Usuario admin accedió a index.php
2025-12-11 16:03:15 - [ACCESS] Usuario admin accedió a index.php
2025-12-11 16:03:47 - [ACCESS] Usuario admin accedió a index.php
2025-12-11 16:04:19 - [ACCESS] Usuario admin accedió a index.php
2025-12-11 16:04:51 - [ACCESS] Usuario admin accedió a index.php
2025-12-11 16:05:23 - [ACCESS] Usuario admin accedió a index.php
2025-12-11 16:05:55 - [ACCESS] Usuario admin accedió a index.php
2025-12-11 16:06:27 - [ACCESS] Usuario admin accedió a index.php
2025-12-11 16:06:59 - [ACCESS] Usuario admin accedió a index.php
2025-12-11 16:07:31 - [ACCESS] Usuario admin accedió a index.php
2025-12-11 16:08:03 - [ACCESS] Usuario admin accedió a index.php
2025-12-11 16:08:35 - [ACCESS] Usuario admin accedió a index.php
2025-12-11 16:09:07 - [ACCESS] Usuario admin accedió a index.php
2025-12-11 16:09:39 - [ACCESS] Usuario admin accedió a index.php
2025-12-11 16:10:11 - [ACCESS] Usuario admin accedió a index.php
2025-12-11 16:10:43 - [ACCESS] Usuario admin accedió a index.php
2025-12-11 16:11:15 - [ACCESS] Usuario admin accedió a index.php
2025-12-11 16:11:47 - [ACCESS] Usuario admin accedió a index.php
2025-12-11 16:12:19 - [ACCESS] Usuario admin accedió a index.php
2025-12-11 16:12:51 - [ACCESS] Usuario admin accedió a index.php
2025-12-11 16:13:23 - [ACCESS] Usuario admin accedió a index.php
2025-12-11 16:13:55 - [ACCESS] Usuario admin accedió a index.php
2025-12-11 16:14:27 - [ACCESS] Usuario admin accedió a index.php
2025-12-11 16:14:59 - [ACCESS] Usuario admin accedió a index.php
2025-12-11 16:15:31 - [ACCESS] Usuario admin accedió a index.php
2025-12-11 16:16:03 - [ACCESS] Usuario admin accedió a index.php
2025-12-11 16:16:35 - [ACCESS] Usuario admin accedió a index.php
2025-12-11 16:17:07 - [ACCESS] Usuario admin accedió a index.php
2025-12-11 16:17:39 - [ACCESS] Usuario admin accedió a index.php
2025-12-11 16:18:11 - [ACCESS] Usuario admin accedió a index.php
2025-12-11 16:18:43 - [ACCESS] Usuario admin accedió a index.php
2025-12-11 16:19:15 - [ACCESS] Usuario admin accedió a index.php
2025-12-11 16:19:47 - [ACCESS] Usuario admin accedió a index.php
2025-12-11 16:20:19 - [ACCESS] Usuario admin accedió a index.php
2025-12-11 16:20:51 - [ACCESS] Usuario admin accedió a index.php
2025-12-11 16:21:23 - [ACCESS] Usuario admin accedió a index.php
2025-12-11 16:21:55 - [ACCESS] Usuario admin accedió a index.php
2025-12-11 16:22:27 - [ACCESS] Usuario admin accedió a index.php
2025-12-11 16:22:59 - [ACCESS] Usuario admin accedió a index.php
2025-12-11 16:23:31 - [ACCESS] Usuario admin accedió a index.php
2025-12-11 16:24:03 - [ACCESS] Usuario admin accedió a index.php
2025-12-11 16:24:35 - [ACCESS] Usuario admin accedió a index.php
2025-12-11 16:25:07 - [ACCESS] Usuario admin accedió a index.php
2025-12-11 16:25:39 - [ACCESS] Usuario admin accedió a index.php
2025-12-11 16:26:11 - [ACCESS] Usuario admin accedió a index.php
2025-12-11 16:26:43 - [ACCESS] Usuario admin accedió a index.php
2025-12-11 16:27:15 - [ACCESS] Usuario admin accedió a index.php
2025-12-11 16:27:47 - [ACCESS] Usuario admin accedió a index.php
2025-12-11 16:28:19 - [ACCESS] Usuario admin accedió a index.php
2025-12-11 16:28:51 - [ACCESS] Usuario admin accedió a index.php
2025-12-11 16:29:23 - [ACCESS] Usuario admin accedió a index.php
2025-12-11 16:29:55 - [ACCESS] Usuario admin accedió a index.php
2025-12-11 16:30:27 - [ACCESS] Usuario admin accedió a index.php
2025-12-11 16:30:59 - [ACCESS] Usuario admin accedió a index.php
2025-12-11 16:31:31 - [ACCESS] Usuario admin accedió a index.php
2025-12-11 16:32:03 - [ACCESS] Usuario admin accedió a index.php
2025-12-11 16:32:35 - [ACCESS] Usuario admin accedió a index.php
2025-12-11 16:33:07 - [ACCESS] Usuario admin accedió a index.php
2025-12-11 16:35:38 - [ACCESS] Usuario admin accedió a index.php
2025-12-11 16:36:11 - [ACCESS] Usuario admin accedió a index.php
2025-12-11 16:36:43 - [ACCESS] Usuario admin accedió a index.php
2025-12-11 16:37:15 - [ACCESS] Usuario admin accedió a index.php
2025-12-11 16:37:47 - [ACCESS] Usuario admin accedió a index.php
2025-12-11 16:38:19 - [ACCESS] Usuario admin accedió a index.php
2025-12-11 16:38:51 - [ACCESS] Usuario admin accedió a index.php
2025-12-11 16:39:23 - [ACCESS] Usuario admin accedió a index.php
2025-12-11 16:39:55 - [ACCESS] Usuario admin accedió a index.php
2025-12-11 16:40:27 - [ACCESS] Usuario admin accedió a index.php
2025-12-11 16:40:59 - [ACCESS] Usuario admin accedió a index.php
2025-12-11 16:41:31 - [ACCESS] Usuario admin accedió a index.php
2025-12-11 16:42:03 - [ACCESS] Usuario admin accedió a index.php
2025-12-11 16:42:36 - [ACCESS] Usuario admin accedió a index.php
2025-12-11 16:43:08 - [ACCESS] Usuario admin accedió a index.php
[11-Dec-2025 16:43:08 UTC] Sophía DB Error: Connection refused
2025-12-11 16:43:39 - [ACCESS] Usuario admin accedió a index.php
2025-12-11 16:44:11 - [ACCESS] Usuario admin accedió a index.php
2025-12-11 16:44:43 - [ACCESS] Usuario admin accedió a index.php
2025-12-11 16:45:15 - [ACCESS] Usuario admin accedió a index.php
2025-12-11 16:45:47 - [ACCESS] Usuario admin accedió a index.php
2025-12-11 16:46:19 - [ACCESS] Usuario admin accedió a index.php
2025-12-11 16:46:51 - [ACCESS] Usuario admin accedió a index.php
2025-12-11 16:47:23 - [ACCESS] Usuario admin accedió a index.php
2025-12-11 16:47:55 - [ACCESS] Usuario admin accedió a index.php
2025-12-11 16:48:27 - [ACCESS] Usuario admin accedió a index.php
2025-12-11 16:48:59 - [ACCESS] Usuario admin accedió a index.php
2025-12-11 16:49:31 - [ACCESS] Usuario admin accedió a index.php
2025-12-11 16:50:03 - [ACCESS] Usuario admin accedió a index.php
2025-12-11 16:50:35 - [ACCESS] Usuario admin accedió a index.php
2025-12-11 16:51:07 - [ACCESS] Usuario admin accedió a index.php
2025-12-11 16:51:39 - [ACCESS] Usuario admin accedió a index.php
2025-12-11 16:52:11 - [ACCESS] Usuario admin accedió a index.php
2025-12-11 17:02:38 - [ACCESS] Usuario admin accedió a index.php
2025-12-11 17:03:10 - [ACCESS] Usuario admin accedió a index.php
2025-12-11 17:03:42 - [ACCESS] Usuario admin accedió a index.php
2025-12-11 17:04:14 - [ACCESS] Usuario admin accedió a index.php
2025-12-11 17:04:46 - [ACCESS] Usuario admin accedió a index.php
2025-12-11 17:05:18 - [ACCESS] Usuario admin accedió a index.php
2025-12-11 17:05:50 - [ACCESS] Usuario admin accedió a index.php
2025-12-11 17:06:22 - [ACCESS] Usuario admin accedió a index.php
2025-12-11 17:06:54 - [ACCESS] Usuario admin accedió a index.php
2025-12-11 17:07:26 - [ACCESS] Usuario admin accedió a index.php
2025-12-11 17:07:58 - [ACCESS] Usuario admin accedió a index.php
2025-12-11 17:08:30 - [ACCESS] Usuario admin accedió a index.php
2025-12-11 17:09:02 - [ACCESS] Usuario admin accedió a index.php
2025-12-11 17:09:34 - [ACCESS] Usuario admin accedió a index.php
2025-12-11 17:10:06 - [ACCESS] Usuario admin accedió a index.php
2025-12-11 17:10:38 - [ACCESS] Usuario admin accedió a index.php
2025-12-11 17:11:10 - [ACCESS] Usuario admin accedió a index.php
2025-12-11 17:11:42 - [ACCESS] Usuario admin accedió a index.php
2025-12-11 17:12:14 - [ACCESS] Usuario admin accedió a index.php
2025-12-11 17:12:46 - [ACCESS] Usuario admin accedió a index.php
2025-12-11 17:13:18 - [ACCESS] Usuario admin accedió a index.php
2025-12-11 17:13:50 - [ACCESS] Usuario admin accedió a index.php
2025-12-11 17:15:20 - [ACCESS] Usuario admin accedió a index.php
2025-12-11 17:15:52 - [ACCESS] Usuario admin accedió a index.php
2025-12-11 17:16:24 - [ACCESS] Usuario admin accedió a index.php
2025-12-11 17:16:56 - [ACCESS] Usuario admin accedió a index.php
2025-12-11 17:17:28 - [ACCESS] Usuario admin accedió a index.php
2025-12-11 17:18:00 - [ACCESS] Usuario admin accedió a index.php
2025-12-11 17:18:32 - [ACCESS] Usuario admin accedió a index.php
2025-12-11 17:19:04 - [ACCESS] Usuario admin accedió a index.php
2025-12-11 17:19:36 - [ACCESS] Usuario admin accedió a index.php
2025-12-11 17:20:08 - [ACCESS] Usuario admin accedió a index.php
2025-12-11 17:20:40 - [ACCESS] Usuario admin accedió a index.php
2025-12-11 17:21:12 - [ACCESS] Usuario admin accedió a index.php
2025-12-11 17:21:44 - [ACCESS] Usuario admin accedió a index.php
2025-12-11 17:22:16 - [ACCESS] Usuario admin accedió a index.php
2025-12-11 17:22:48 - [ACCESS] Usuario admin accedió a index.php
2025-12-11 17:23:20 - [ACCESS] Usuario admin accedió a index.php
2025-12-11 17:23:52 - [ACCESS] Usuario admin accedió a index.php
2025-12-11 17:24:24 - [ACCESS] Usuario admin accedió a index.php
2025-12-11 17:24:56 - [ACCESS] Usuario admin accedió a index.php
2025-12-11 17:25:28 - [ACCESS] Usuario admin accedió a index.php
2025-12-11 17:26:00 - [ACCESS] Usuario admin accedió a index.php
2025-12-11 17:26:32 - [ACCESS] Usuario admin accedió a index.php
2025-12-11 17:27:04 - [ACCESS] Usuario admin accedió a index.php
2025-12-11 17:27:36 - [ACCESS] Usuario admin accedió a index.php
2025-12-11 17:28:08 - [ACCESS] Usuario admin accedió a index.php
2025-12-11 21:02:05 - [ACCESS] Login exitoso para usuario: admin
2025-12-11 21:02:05 - [ACCESS] Usuario admin accedió a index.php
2025-12-11 21:02:37 - [ACCESS] Usuario admin accedió a index.php
2025-12-11 21:03:09 - [ACCESS] Usuario admin accedió a index.php
2025-12-11 21:03:41 - [ACCESS] Usuario admin accedió a index.php
2025-12-11 21:04:13 - [ACCESS] Usuario admin accedió a index.php
2025-12-11 21:04:45 - [ACCESS] Usuario admin accedió a index.php
2025-12-11 21:05:17 - [ACCESS] Usuario admin accedió a index.php
2025-12-11 21:05:49 - [ACCESS] Usuario admin accedió a index.php
2025-12-11 21:06:21 - [ACCESS] Usuario admin accedió a index.php
2025-12-11 21:06:53 - [ACCESS] Usuario admin accedió a index.php
2025-12-11 21:07:25 - [ACCESS] Usuario admin accedió a index.php
2025-12-11 21:07:58 - [ACCESS] Usuario admin accedió a index.php
2025-12-11 21:08:29 - [ACCESS] Usuario admin accedió a index.php
2025-12-11 21:09:01 - [ACCESS] Usuario admin accedió a index.php
2025-12-11 21:09:08 - [ACCESS] Login exitoso para usuario: admin
2025-12-11 21:09:08 - [ACCESS] Usuario admin accedió a index.php
2025-12-11 21:09:14 - [ACCESS] Usuario admin accedió a pqrs.php
2025-12-11 21:09:32 - [ACCESS] Usuario admin accedió a reportes.php
2025-12-11 21:09:33 - [ACCESS] Usuario admin accedió a index.php
2025-12-11 21:09:56 - [ACCESS] Usuario admin accedió a reportes.php
2025-12-11 21:10:00 - [ACCESS] Usuario admin accedió a pqrs.php
2025-12-11 21:10:05 - [ACCESS] Usuario admin accedió a index.php
2025-12-11 21:10:37 - [ACCESS] Usuario admin accedió a index.php
2025-12-11 21:11:09 - [ACCESS] Usuario admin accedió a index.php
2025-12-11 21:24:44 - [ACCESS] Usuario admin accedió a index.php
2025-12-11 21:24:57 - [ACCESS] Usuario admin accedió a reportes.php
2025-12-11 21:32:29 - [ACCESS] Usuario admin accedió a index.php
2025-12-11 21:33:00 - [ACCESS] Usuario admin accedió a index.php
2025-12-11 21:33:32 - [ACCESS] Usuario admin accedió a index.php
2025-12-11 21:34:04 - [ACCESS] Usuario admin accedió a index.php
2025-12-11 21:34:36 - [ACCESS] Usuario admin accedió a index.php
2025-12-11 21:35:08 - [ACCESS] Usuario admin accedió a index.php
2025-12-11 21:35:40 - [ACCESS] Usuario admin accedió a index.php
2025-12-11 21:36:12 - [ACCESS] Usuario admin accedió a index.php
2025-12-11 21:36:44 - [ACCESS] Usuario admin accedió a index.php
2025-12-11 21:37:16 - [ACCESS] Usuario admin accedió a index.php
2025-12-11 21:37:48 - [ACCESS] Usuario admin accedió a index.php
2025-12-11 21:38:20 - [ACCESS] Usuario admin accedió a index.php
2025-12-11 21:38:52 - [ACCESS] Usuario admin accedió a index.php
2025-12-11 21:39:24 - [ACCESS] Usuario admin accedió a index.php
2025-12-11 21:39:56 - [ACCESS] Usuario admin accedió a index.php
2025-12-11 21:40:28 - [ACCESS] Usuario admin accedió a index.php
2025-12-11 21:40:50 - [ACCESS] Usuario admin accedió a reportes.php
2025-12-11 21:40:53 - [ACCESS] Usuario admin accedió a pqrs.php
2025-12-11 21:40:57 - [ACCESS] Usuario admin accedió a usuarios.php
2025-12-11 21:41:00 - [ACCESS] Usuario admin accedió a index.php
2025-12-11 21:41:16 - [ACCESS] Usuario admin accedió a index.php
2025-12-11 21:41:20 - [ACCESS] Usuario admin accedió a pqrs.php
2025-12-11 21:41:24 - [ACCESS] Usuario admin accedió a reportes.php
2025-12-11 21:41:26 - [ACCESS] Usuario admin accedió a pqrs.php
2025-12-11 21:41:32 - [ACCESS] Usuario admin accedió a index.php
2025-12-11 21:42:04 - [ACCESS] Usuario admin accedió a index.php
2025-12-11 21:42:37 - [ACCESS] Usuario admin accedió a index.php
2025-12-11 21:43:08 - [ACCESS] Usuario admin accedió a index.php
2025-12-11 21:43:40 - [ACCESS] Usuario admin accedió a index.php
2025-12-11 21:44:12 - [ACCESS] Usuario admin accedió a index.php
2025-12-11 21:44:44 - [ACCESS] Usuario admin accedió a index.php
2025-12-11 21:45:16 - [ACCESS] Usuario admin accedió a index.php
2025-12-11 21:45:48 - [ACCESS] Usuario admin accedió a index.php
2025-12-11 21:46:20 - [ACCESS] Usuario admin accedió a index.php
2025-12-11 21:46:52 - [ACCESS] Usuario admin accedió a index.php
2025-12-11 21:47:24 - [ACCESS] Usuario admin accedió a index.php
2025-12-11 21:47:29 - [ACCESS] Usuario admin accedió a index.php
2025-12-11 21:48:00 - [ACCESS] Usuario admin accedió a index.php
2025-12-11 21:48:33 - [ACCESS] Usuario admin accedió a index.php
2025-12-11 21:49:04 - [ACCESS] Usuario admin accedió a index.php
2025-12-11 21:49:36 - [ACCESS] Usuario admin accedió a index.php
2025-12-11 21:50:08 - [ACCESS] Usuario admin accedió a index.php
2025-12-11 21:50:40 - [ACCESS] Usuario admin accedió a index.php
2025-12-11 21:51:12 - [ACCESS] Usuario admin accedió a index.php
2025-12-11 21:51:44 - [ACCESS] Usuario admin accedió a index.php
2025-12-11 21:52:16 - [ACCESS] Usuario admin accedió a index.php
2025-12-11 21:52:48 - [ACCESS] Usuario admin accedió a index.php
2025-12-11 21:53:20 - [ACCESS] Usuario admin accedió a index.php
2025-12-11 21:53:52 - [ACCESS] Usuario admin accedió a index.php
2025-12-11 21:54:24 - [ACCESS] Usuario admin accedió a index.php
2025-12-11 21:54:56 - [ACCESS] Usuario admin accedió a index.php
2025-12-11 21:55:28 - [ACCESS] Usuario admin accedió a index.php
2025-12-11 21:56:01 - [ACCESS] Usuario admin accedió a index.php
2025-12-11 21:56:32 - [ACCESS] Usuario admin accedió a index.php
2025-12-11 21:57:06 - [ACCESS] Usuario admin accedió a index.php
2025-12-11 21:57:37 - [ACCESS] Usuario admin accedió a index.php
2025-12-11 21:58:09 - [ACCESS] Usuario admin accedió a index.php
2025-12-11 21:58:41 - [ACCESS] Usuario admin accedió a index.php
2025-12-11 21:59:13 - [ACCESS] Usuario admin accedió a index.php
2025-12-11 21:59:45 - [ACCESS] Usuario admin accedió a index.php
2025-12-11 22:00:17 - [ACCESS] Usuario admin accedió a index.php
2025-12-11 22:00:49 - [ACCESS] Usuario admin accedió a index.php
2025-12-11 22:01:23 - [ACCESS] Usuario admin accedió a index.php
2025-12-11 22:01:38 - [ACCESS] Usuario admin accedió a index.php
2025-12-11 22:02:09 - [ACCESS] Usuario admin accedió a index.php
2025-12-11 22:02:17 - [ACCESS] Usuario admin accedió a reportes.php
2025-12-11 22:02:22 - [ACCESS] Usuario admin accedió a pqrs.php
2025-12-11 22:02:23 - [ACCESS] Usuario admin accedió a index.php
2025-12-11 22:15:50 - [ACCESS] Usuario admin accedió a index.php
2025-12-11 22:39:13 - [ACCESS] Usuario admin accedió a pqrs.php
2025-12-11 22:39:16 - [ACCESS] Usuario admin accedió a index.php
2025-12-11 22:39:18 - [ACCESS] Usuario admin accedió a index.php
2025-12-11 22:39:49 - [ACCESS] Usuario admin accedió a index.php
2025-12-11 22:40:21 - [ACCESS] Usuario admin accedió a index.php
2025-12-11 22:40:53 - [ACCESS] Usuario admin accedió a index.php
2025-12-11 22:41:25 - [ACCESS] Usuario admin accedió a index.php
2025-12-11 22:41:57 - [ACCESS] Usuario admin accedió a index.php
2025-12-11 22:42:21 - [ACCESS] Usuario admin accedió a reportes.php
2025-12-11 22:42:24 - [ACCESS] Usuario admin accedió a pqrs.php
2025-12-11 22:53:13 - [ACCESS] Usuario admin accedió a pqrs.php
2025-12-11 22:53:18 - [ACCESS] Usuario admin accedió a reportes.php
2025-12-11 23:00:33 - [ACCESS] Usuario admin accedió a index.php
2025-12-11 23:00:52 - [ACCESS] Usuario admin accedió a estado.php
2025-12-11 23:00:53 - [ACCESS] Usuario admin accedió a usuarios.php
2025-12-11 23:00:56 - [ACCESS] Usuario admin accedió a reportes.php
2025-12-11 23:01:24 - [ACCESS] Usuario admin accedió a index.php
2025-12-11 23:01:56 - [ACCESS] Usuario admin accedió a index.php
2025-12-11 23:02:28 - [ACCESS] Usuario admin accedió a index.php
2025-12-11 23:03:00 - [ACCESS] Usuario admin accedió a index.php
2025-12-11 23:03:32 - [ACCESS] Usuario admin accedió a index.php
2025-12-11 23:04:04 - [ACCESS] Usuario admin accedió a index.php
2025-12-11 23:04:36 - [ACCESS] Usuario admin accedió a index.php
2025-12-11 23:05:08 - [ACCESS] Usuario admin accedió a index.php
2025-12-11 23:05:40 - [ACCESS] Usuario admin accedió a index.php
2025-12-11 23:06:12 - [ACCESS] Usuario admin accedió a index.php
2025-12-11 23:06:44 - [ACCESS] Usuario admin accedió a index.php
2025-12-11 23:07:16 - [ACCESS] Usuario admin accedió a index.php
2025-12-11 23:07:48 - [ACCESS] Usuario admin accedió a index.php
2025-12-11 23:08:20 - [ACCESS] Usuario admin accedió a index.php
2025-12-11 23:08:51 - [ACCESS] Usuario admin accedió a index.php
2025-12-11 23:09:22 - [ACCESS] Usuario admin accedió a index.php
2025-12-11 23:09:53 - [ACCESS] Usuario admin accedió a index.php
2025-12-12 13:27:22 - [ACCESS] Login exitoso para usuario: admin
2025-12-12 13:27:22 - [ACCESS] Usuario admin accedió a index.php
2025-12-12 13:27:35 - [ACCESS] Usuario admin accedió a pqrs.php
2025-12-12 13:27:40 - [ACCESS] Usuario admin accedió a reportes.php
2025-12-12 15:04:27 - [ACCESS] Login exitoso para usuario: admin
2025-12-12 15:04:27 - [ACCESS] Usuario admin accedió a index.php
2025-12-12 15:04:32 - [ACCESS] Usuario admin accedió a pqrs.php
2025-12-12 15:04:35 - [ACCESS] Usuario admin accedió a reportes.php
2025-12-12 18:44:09 - [ACCESS] Login exitoso para usuario: admin
2025-12-12 18:44:09 - [ACCESS] Usuario admin accedió a index.php
2025-12-12 18:44:13 - [ACCESS] Usuario admin accedió a pqrs.php
2025-12-12 18:44:15 - [ACCESS] Usuario admin accedió a reportes.php
2025-12-12 18:49:03 - [ACCESS] Login exitoso para usuario: admin
2025-12-12 18:49:03 - [ACCESS] Usuario admin accedió a index.php
2025-12-12 18:49:35 - [ACCESS] Usuario admin accedió a index.php
2025-12-12 18:50:07 - [ACCESS] Usuario admin accedió a index.php
2025-12-12 18:50:40 - [ACCESS] Usuario admin accedió a index.php
2025-12-12 18:51:12 - [ACCESS] Usuario admin accedió a index.php
2025-12-12 18:51:44 - [ACCESS] Usuario admin accedió a index.php
2025-12-12 18:52:16 - [ACCESS] Usuario admin accedió a index.php
2025-12-12 18:52:19 - [ACCESS] Usuario admin accedió a reportes.php
2025-12-12 18:52:23 - [ACCESS] Usuario admin accedió a pqrs.php
2025-12-12 18:52:48 - [ACCESS] Usuario admin accedió a index.php
2025-12-12 18:53:20 - [ACCESS] Usuario admin accedió a index.php
2025-12-12 18:53:52 - [ACCESS] Usuario admin accedió a index.php
2025-12-12 18:54:24 - [ACCESS] Usuario admin accedió a index.php
2025-12-12 18:54:56 - [ACCESS] Usuario admin accedió a index.php
2025-12-12 18:55:28 - [ACCESS] Usuario admin accedió a index.php
2025-12-12 18:56:00 - [ACCESS] Usuario admin accedió a index.php
2025-12-12 18:56:32 - [ACCESS] Usuario admin accedió a index.php
2025-12-12 18:57:04 - [ACCESS] Usuario admin accedió a index.php
2025-12-12 18:57:36 - [ACCESS] Usuario admin accedió a index.php
2025-12-12 18:58:08 - [ACCESS] Usuario admin accedió a index.php
2025-12-12 18:58:40 - [ACCESS] Usuario admin accedió a index.php
2025-12-12 18:59:12 - [ACCESS] Usuario admin accedió a index.php
2025-12-12 18:59:44 - [ACCESS] Usuario admin accedió a index.php
2025-12-12 19:00:16 - [ACCESS] Usuario admin accedió a index.php
2025-12-12 19:00:48 - [ACCESS] Usuario admin accedió a index.php
2025-12-12 19:01:20 - [ACCESS] Usuario admin accedió a index.php
2025-12-12 19:01:52 - [ACCESS] Usuario admin accedió a index.php
2025-12-12 19:02:24 - [ACCESS] Usuario admin accedió a index.php
2025-12-12 19:02:56 - [ACCESS] Usuario admin accedió a index.php
2025-12-12 19:03:28 - [ACCESS] Usuario admin accedió a index.php
2025-12-12 19:04:00 - [ACCESS] Usuario admin accedió a index.php
2025-12-12 19:04:32 - [ACCESS] Usuario admin accedió a index.php
2025-12-12 19:05:04 - [ACCESS] Usuario admin accedió a index.php
2025-12-12 19:05:36 - [ACCESS] Usuario admin accedió a index.php
2025-12-12 19:06:08 - [ACCESS] Usuario admin accedió a index.php
2025-12-12 19:06:40 - [ACCESS] Usuario admin accedió a index.php
2025-12-12 19:07:12 - [ACCESS] Usuario admin accedió a index.php
2025-12-12 19:07:44 - [ACCESS] Usuario admin accedió a index.php
2025-12-12 19:08:16 - [ACCESS] Usuario admin accedió a index.php
2025-12-12 19:08:48 - [ACCESS] Usuario admin accedió a index.php
2025-12-12 19:09:20 - [ACCESS] Usuario admin accedió a index.php
2025-12-12 19:09:52 - [ACCESS] Usuario admin accedió a index.php
2025-12-12 19:10:24 - [ACCESS] Usuario admin accedió a index.php
2025-12-12 19:10:56 - [ACCESS] Usuario admin accedió a index.php
2025-12-12 19:11:28 - [ACCESS] Usuario admin accedió a index.php
2025-12-12 19:12:00 - [ACCESS] Usuario admin accedió a index.php
2025-12-12 19:12:32 - [ACCESS] Usuario admin accedió a index.php
2025-12-12 19:13:04 - [ACCESS] Usuario admin accedió a index.php
2025-12-12 19:13:36 - [ACCESS] Usuario admin accedió a index.php
2025-12-12 19:14:11 - [ACCESS] Usuario admin accedió a index.php
2025-12-12 23:43:34 - [ACCESS] Login exitoso para usuario: admin
2025-12-12 23:43:34 - [ACCESS] Usuario admin accedió a index.php
2025-12-12 23:43:35 - [ACCESS] Login exitoso para usuario: admin
2025-12-12 23:43:36 - [ACCESS] Usuario admin accedió a index.php
2025-12-13 00:59:39 - [ACCESS] Login exitoso para usuario: admin
2025-12-13 00:59:39 - [ACCESS] Usuario admin accedió a index.php
2025-12-13 00:59:44 - [ACCESS] Usuario admin accedió a pqrs.php
2025-12-13 00:59:47 - [ACCESS] Usuario admin accedió a reportes.php
2025-12-13 01:58:58 - [ACCESS] Login exitoso para usuario: admin
2025-12-13 01:58:59 - [ACCESS] Usuario admin accedió a index.php
2025-12-13 01:59:30 - [ACCESS] Usuario admin accedió a index.php
2025-12-13 02:13:24 - [ACCESS] Usuario admin accedió a index.php
2025-12-13 22:43:50 - [ACCESS] Login exitoso para usuario: admin
2025-12-13 22:43:51 - [ACCESS] Usuario admin accedió a index.php
2025-12-13 22:43:52 - [ACCESS] Login exitoso para usuario: admin
2025-12-13 22:43:52 - [ACCESS] Usuario admin accedió a index.php
2025-12-15 13:21:55 - [ACCESS] Login exitoso para usuario: admin
2025-12-15 13:21:55 - [ACCESS] Usuario admin accedió a index.php
2025-12-15 13:22:27 - [ACCESS] Usuario admin accedió a index.php
2025-12-15 20:17:01 - [ACCESS] Login exitoso para usuario: admin
2025-12-15 20:17:01 - [ACCESS] Usuario admin accedió a index.php
2025-12-15 20:17:04 - [ACCESS] Usuario admin accedió a pqrs.php
2025-12-15 20:18:00 - [ACCESS] Usuario admin accedió a pqrs.php
2025-12-15 20:18:02 - [ACCESS] Usuario admin accedió a reportes.php
2025-12-15 22:25:14 - [ACCESS] Login exitoso para usuario: admin
2025-12-15 22:25:14 - [ACCESS] Usuario admin accedió a index.php
2025-12-15 22:25:17 - [ACCESS] Usuario admin accedió a reportes.php
2025-12-15 22:25:20 - [ACCESS] Usuario admin accedió a pqrs.php
2025-12-15 22:43:31 - [ACCESS] Usuario admin accedió a reportes.php
2025-12-16 00:48:00 - [ACCESS] Login exitoso para usuario: admin
2025-12-16 00:48:01 - [ACCESS] Usuario admin accedió a index.php
2025-12-16 00:48:08 - [ACCESS] Usuario admin accedió a reportes.php
2025-12-16 00:48:16 - [ACCESS] Usuario admin accedió a pqrs.php
2025-12-16 00:48:21 - [ACCESS] Usuario admin accedió a reportes.php
2025-12-16 00:48:32 - [ACCESS] Usuario admin accedió a pqrs.php
2025-12-16 14:37:14 - [ACCESS] Login exitoso para usuario: admin
2025-12-16 14:37:14 - [ACCESS] Usuario admin accedió a index.php
2025-12-16 14:37:45 - [ACCESS] Usuario admin accedió a index.php
2025-12-16 14:38:17 - [ACCESS] Usuario admin accedió a index.php
2025-12-16 14:38:48 - [ACCESS] Usuario admin accedió a index.php
2025-12-16 14:38:49 - [ACCESS] Usuario admin accedió a pqrs.php
2025-12-16 14:39:05 - [ACCESS] Usuario admin accedió a reportes.php
2025-12-16 15:10:07 - [ACCESS] Usuario admin accedió a reportes.php
2025-12-16 15:11:19 - [ACCESS] Usuario admin accedió a index.php
2025-12-16 15:11:21 - [ACCESS] Usuario admin accedió a pqrs.php
2025-12-16 15:11:28 - [ACCESS] Usuario admin accedió a reportes.php
2025-12-16 15:11:33 - [ACCESS] Usuario admin accedió a pqrs.php
2025-12-16 15:12:02 - [ACCESS] Usuario admin accedió a pqrs.php
2025-12-16 16:45:13 - [ACCESS] Login exitoso para usuario: admin
2025-12-16 16:45:13 - [ACCESS] Usuario admin accedió a index.php
2025-12-16 16:45:39 - [ACCESS] Usuario admin accedió a pqrs.php
2025-12-16 16:45:42 - [ACCESS] Usuario admin accedió a reportes.php
2025-12-16 16:49:58 - [ACCESS] Usuario admin accedió a index.php
2025-12-16 16:50:00 - [ACCESS] Usuario admin accedió a pqrs.php
2025-12-17 16:29:06 - [ACCESS] Login exitoso para usuario: admin
2025-12-17 16:29:07 - [ACCESS] Usuario admin accedió a index.php
2025-12-17 16:29:20 - [ACCESS] Usuario admin accedió a pqrs.php
2025-12-17 16:29:24 - [ACCESS] Usuario admin accedió a reportes.php
2025-12-17 17:28:03 - [ACCESS] Login exitoso para usuario: admin
2025-12-17 17:28:03 - [ACCESS] Usuario admin accedió a index.php
2025-12-17 17:28:35 - [ACCESS] Usuario admin accedió a index.php
2025-12-17 17:29:07 - [ACCESS] Usuario admin accedió a index.php
2025-12-17 17:29:39 - [ACCESS] Usuario admin accedió a index.php
2025-12-17 17:30:11 - [ACCESS] Usuario admin accedió a index.php
2025-12-17 17:30:43 - [ACCESS] Usuario admin accedió a index.php
2025-12-17 17:31:16 - [ACCESS] Usuario admin accedió a index.php
2025-12-17 17:31:47 - [ACCESS] Usuario admin accedió a index.php
2025-12-17 17:32:19 - [ACCESS] Usuario admin accedió a index.php
2025-12-17 17:32:52 - [ACCESS] Usuario admin accedió a index.php
2025-12-17 17:33:23 - [ACCESS] Usuario admin accedió a index.php
2025-12-17 17:33:55 - [ACCESS] Usuario admin accedió a index.php
2025-12-17 17:34:27 - [ACCESS] Usuario admin accedió a index.php
2025-12-17 17:34:59 - [ACCESS] Usuario admin accedió a index.php
2025-12-17 17:35:31 - [ACCESS] Usuario admin accedió a index.php
2025-12-17 17:36:03 - [ACCESS] Usuario admin accedió a index.php
2025-12-17 17:36:35 - [ACCESS] Usuario admin accedió a index.php
2025-12-17 19:49:16 - [ACCESS] Login exitoso para usuario: admin
2025-12-17 19:49:16 - [ACCESS] Usuario admin accedió a index.php
2025-12-17 19:49:47 - [ACCESS] Usuario admin accedió a index.php
2025-12-17 19:50:19 - [ACCESS] Usuario admin accedió a index.php
2025-12-17 19:50:51 - [ACCESS] Usuario admin accedió a index.php
2025-12-17 19:51:23 - [ACCESS] Usuario admin accedió a index.php
2025-12-17 19:51:55 - [ACCESS] Usuario admin accedió a index.php
2025-12-17 19:52:27 - [ACCESS] Usuario admin accedió a index.php
2025-12-17 19:52:59 - [ACCESS] Usuario admin accedió a index.php
2025-12-17 19:53:31 - [ACCESS] Usuario admin accedió a index.php
2025-12-17 19:54:03 - [ACCESS] Usuario admin accedió a index.php
2025-12-17 19:54:35 - [ACCESS] Usuario admin accedió a index.php
2025-12-17 19:55:07 - [ACCESS] Usuario admin accedió a index.php
2025-12-17 19:55:39 - [ACCESS] Usuario admin accedió a index.php
2025-12-17 19:56:11 - [ACCESS] Usuario admin accedió a index.php
2025-12-17 19:56:43 - [ACCESS] Usuario admin accedió a index.php
2025-12-17 19:57:15 - [ACCESS] Usuario admin accedió a index.php
2025-12-17 19:57:47 - [ACCESS] Usuario admin accedió a index.php
2025-12-17 19:58:19 - [ACCESS] Usuario admin accedió a index.php
2025-12-17 19:58:52 - [ACCESS] Usuario admin accedió a index.php
2025-12-17 19:59:23 - [ACCESS] Usuario admin accedió a index.php
2025-12-17 19:59:55 - [ACCESS] Usuario admin accedió a index.php
2025-12-17 20:00:27 - [ACCESS] Usuario admin accedió a index.php
2025-12-17 20:00:59 - [ACCESS] Usuario admin accedió a index.php
2025-12-17 20:01:20 - [ACCESS] Usuario admin accedió a index.php
2025-12-17 20:01:26 - [ACCESS] Usuario admin accedió a index.php
2025-12-17 20:01:31 - [ACCESS] Usuario admin accedió a index.php
2025-12-17 20:02:02 - [ACCESS] Usuario admin accedió a index.php
2025-12-17 20:02:34 - [ACCESS] Usuario admin accedió a index.php
2025-12-17 20:03:06 - [ACCESS] Usuario admin accedió a index.php
2025-12-17 20:03:38 - [ACCESS] Usuario admin accedió a index.php
2025-12-17 20:04:10 - [ACCESS] Usuario admin accedió a index.php
2025-12-17 20:04:42 - [ACCESS] Usuario admin accedió a index.php
2025-12-17 20:05:14 - [ACCESS] Usuario admin accedió a index.php
2025-12-17 20:05:46 - [ACCESS] Usuario admin accedió a index.php
2025-12-17 20:06:18 - [ACCESS] Usuario admin accedió a index.php
2025-12-17 20:06:50 - [ACCESS] Usuario admin accedió a index.php
2025-12-17 20:07:22 - [ACCESS] Usuario admin accedió a index.php
2025-12-17 20:07:54 - [ACCESS] Usuario admin accedió a index.php
2025-12-17 20:08:26 - [ACCESS] Usuario admin accedió a index.php
2025-12-17 20:08:58 - [ACCESS] Usuario admin accedió a index.php
2025-12-17 20:09:30 - [ACCESS] Usuario admin accedió a index.php
2025-12-17 20:10:02 - [ACCESS] Usuario admin accedió a index.php
2025-12-17 20:10:34 - [ACCESS] Usuario admin accedió a index.php
2025-12-17 20:11:06 - [ACCESS] Usuario admin accedió a index.php
2025-12-17 20:11:38 - [ACCESS] Usuario admin accedió a index.php
2025-12-17 20:12:10 - [ACCESS] Usuario admin accedió a index.php
2025-12-17 20:12:42 - [ACCESS] Usuario admin accedió a index.php
2025-12-17 20:13:14 - [ACCESS] Usuario admin accedió a index.php
2025-12-17 20:13:46 - [ACCESS] Usuario admin accedió a index.php
2025-12-17 20:14:18 - [ACCESS] Usuario admin accedió a index.php
2025-12-17 20:14:50 - [ACCESS] Usuario admin accedió a index.php
2025-12-17 20:15:22 - [ACCESS] Usuario admin accedió a index.php
2025-12-17 20:15:54 - [ACCESS] Usuario admin accedió a index.php
2025-12-17 20:16:26 - [ACCESS] Usuario admin accedió a index.php
2025-12-17 20:16:58 - [ACCESS] Usuario admin accedió a index.php
2025-12-17 20:17:30 - [ACCESS] Usuario admin accedió a index.php
2025-12-17 20:18:02 - [ACCESS] Usuario admin accedió a index.php
2025-12-17 20:18:34 - [ACCESS] Usuario admin accedió a index.php
2025-12-17 20:19:06 - [ACCESS] Usuario admin accedió a index.php
2025-12-17 20:19:38 - [ACCESS] Usuario admin accedió a index.php
2025-12-17 20:20:10 - [ACCESS] Usuario admin accedió a index.php
2025-12-17 20:20:42 - [ACCESS] Usuario admin accedió a index.php
2025-12-17 20:21:14 - [ACCESS] Usuario admin accedió a index.php
2025-12-17 20:21:46 - [ACCESS] Usuario admin accedió a index.php
2025-12-17 20:22:18 - [ACCESS] Usuario admin accedió a index.php
2025-12-17 20:22:50 - [ACCESS] Usuario admin accedió a index.php
2025-12-17 20:23:23 - [ACCESS] Usuario admin accedió a index.php
2025-12-17 20:23:54 - [ACCESS] Usuario admin accedió a index.php
2025-12-17 20:24:26 - [ACCESS] Usuario admin accedió a index.php
2025-12-17 20:24:58 - [ACCESS] Usuario admin accedió a index.php
2025-12-17 20:25:30 - [ACCESS] Usuario admin accedió a index.php
2025-12-17 20:26:02 - [ACCESS] Usuario admin accedió a index.php
2025-12-17 20:26:34 - [ACCESS] Usuario admin accedió a index.php
2025-12-17 20:27:06 - [ACCESS] Usuario admin accedió a index.php
2025-12-17 20:27:38 - [ACCESS] Usuario admin accedió a index.php
2025-12-17 20:27:43 - [ACCESS] Usuario admin accedió a index.php
2025-12-17 20:27:48 - [ACCESS] Usuario admin accedió a pqrs.php
2025-12-17 20:27:53 - [ACCESS] Usuario admin accedió a reportes.php
2025-12-17 23:01:15 - [ACCESS] Login exitoso para usuario: admin
2025-12-17 23:01:15 - [ACCESS] Usuario admin accedió a index.php
2025-12-17 23:01:21 - [ACCESS] Usuario admin accedió a reportes.php
2025-12-17 23:01:39 - [ACCESS] Usuario admin accedió a reportes.php
2025-12-17 23:01:40 - [ACCESS] Usuario admin accedió a pqrs.php
2025-12-17 23:01:44 - [ACCESS] Usuario admin accedió a pqrs.php
2025-12-17 23:01:47 - [ACCESS] Usuario admin accedió a index.php
2025-12-17 23:02:19 - [ACCESS] Usuario admin accedió a index.php
2025-12-19 16:01:29 - [ACCESS] Login exitoso para usuario: admin
2025-12-19 16:01:29 - [ACCESS] Usuario admin accedió a index.php
2025-12-19 16:01:33 - [ACCESS] Usuario admin accedió a reportes.php
2025-12-19 19:07:38 - [ACCESS] Login exitoso para usuario: admin
2025-12-19 19:07:38 - [ACCESS] Usuario admin accedió a index.php
2025-12-19 19:07:42 - [ACCESS] Usuario admin accedió a reportes.php
2025-12-19 23:17:31 - [ACCESS] Login exitoso para usuario: admin
2025-12-19 23:17:31 - [ACCESS] Usuario admin accedió a index.php
2025-12-23 12:32:59 - [ACCESS] Login exitoso para usuario: admin
2025-12-23 12:32:59 - [ACCESS] Usuario admin accedió a index.php
2025-12-23 12:33:06 - [ACCESS] Usuario admin accedió a reportes.php
2025-12-23 12:33:15 - [ACCESS] Usuario admin accedió a pqrs.php
2025-12-23 12:33:19 - [ACCESS] Usuario admin accedió a reportes.php
2025-12-23 19:14:34 - [ACCESS] Login exitoso para usuario: admin
2025-12-23 19:14:34 - [ACCESS] Usuario admin accedió a index.php
2025-12-23 19:14:36 - [ACCESS] Usuario admin accedió a reportes.php
2025-12-23 19:15:11 - [ACCESS] Usuario admin accedió a pqrs.php
2025-12-23 23:13:26 - [ACCESS] Login exitoso para usuario: admin
2025-12-23 23:13:26 - [ACCESS] Usuario admin accedió a index.php
2025-12-23 23:13:29 - [ACCESS] Usuario admin accedió a reportes.php
2025-12-25 18:25:15 - [ACCESS] Login exitoso para usuario: admin
2025-12-25 18:25:15 - [ACCESS] Usuario admin accedió a index.php
2025-12-25 18:25:18 - [ACCESS] Usuario admin accedió a festivos.php
2025-12-25 18:25:20 - [ACCESS] Usuario admin accedió a reportes.php
2025-12-26 12:10:50 - [SECURITY] Intento de login fallido para usuario: Admin
2025-12-26 12:11:12 - [ACCESS] Login exitoso para usuario: admin
2025-12-26 12:11:12 - [ACCESS] Usuario admin accedió a index.php
2025-12-26 12:11:44 - [ACCESS] Usuario admin accedió a index.php
2025-12-26 12:11:56 - [ACCESS] Usuario admin accedió a index.php
2025-12-26 12:12:01 - [ACCESS] Usuario admin accedió a reportes.php
2025-12-26 15:12:16 - [ACCESS] Login exitoso para usuario: admin
2025-12-26 15:12:16 - [ACCESS] Usuario admin accedió a index.php
2025-12-26 15:12:19 - [ACCESS] Usuario admin accedió a pqrs.php
2025-12-26 15:12:23 - [ACCESS] Usuario admin accedió a reportes.php
2025-12-26 21:50:09 - [ACCESS] Login exitoso para usuario: admin
2025-12-26 21:50:09 - [ACCESS] Usuario admin accedió a index.php
2025-12-26 21:50:13 - [ACCESS] Usuario admin accedió a reportes.php
2025-12-27 00:47:29 - [ACCESS] Login exitoso para usuario: admin
2025-12-27 00:47:29 - [ACCESS] Usuario admin accedió a index.php
2025-12-27 00:47:33 - [ACCESS] Usuario admin accedió a reportes.php
2025-12-27 01:27:45 - [ACCESS] Usuario admin accedió a reportes.php
2025-12-27 01:48:12 - [ACCESS] Usuario admin accedió a reportes.php
2025-12-27 02:08:52 - [ACCESS] Usuario admin accedió a reportes.php
2025-12-27 02:08:55 - [ACCESS] Usuario admin accedió a index.php
2025-12-27 02:08:56 - [ACCESS] Usuario admin accedió a pqrs.php
2025-12-27 02:08:58 - [ACCESS] Usuario admin accedió a index.php
2025-12-27 02:09:07 - [ACCESS] Usuario admin accedió a reportes.php
2025-12-27 02:24:20 - [ACCESS] Usuario admin accedió a index.php
2025-12-27 02:24:23 - [ACCESS] Usuario admin accedió a reportes.php
2025-12-27 19:46:08 - [ACCESS] Login exitoso para usuario: admin
2025-12-27 19:46:08 - [ACCESS] Usuario admin accedió a index.php
2025-12-27 19:46:13 - [ACCESS] Usuario admin accedió a reportes.php
2025-12-27 20:13:39 - [ACCESS] Usuario admin accedió a reportes.php
2025-12-27 20:19:41 - [ACCESS] Usuario admin accedió a reportes.php
2025-12-27 20:43:47 - [ACCESS] Usuario admin accedió a reportes.php
2025-12-27 20:53:56 - [ACCESS] Usuario admin accedió a reportes.php
2025-12-27 20:54:00 - [ACCESS] Usuario admin accedió a reportes.php
2025-12-27 20:54:03 - [ACCESS] Usuario admin accedió a reportes.php
2025-12-27 20:56:00 - [ACCESS] Usuario admin accedió a pqrs.php
2025-12-27 20:56:01 - [ACCESS] Usuario admin accedió a index.php
2025-12-27 20:56:33 - [ACCESS] Usuario admin accedió a index.php
2025-12-27 20:57:05 - [ACCESS] Usuario admin accedió a index.php
2025-12-27 20:57:37 - [ACCESS] Usuario admin accedió a index.php
2025-12-27 20:58:09 - [ACCESS] Usuario admin accedió a index.php
2025-12-27 20:58:41 - [ACCESS] Usuario admin accedió a index.php
2025-12-27 20:59:13 - [ACCESS] Usuario admin accedió a index.php
2025-12-27 20:59:43 - [ACCESS] Usuario admin accedió a index.php
2025-12-27 20:59:48 - [ACCESS] Usuario admin accedió a index.php
2025-12-27 21:00:20 - [ACCESS] Usuario admin accedió a index.php
2025-12-27 21:00:52 - [ACCESS] Usuario admin accedió a index.php
2025-12-27 21:01:24 - [ACCESS] Usuario admin accedió a index.php
2025-12-27 21:01:56 - [ACCESS] Usuario admin accedió a index.php
2025-12-27 21:02:28 - [ACCESS] Usuario admin accedió a index.php
2025-12-27 21:03:00 - [ACCESS] Usuario admin accedió a index.php
2025-12-27 21:03:32 - [ACCESS] Usuario admin accedió a index.php
2025-12-27 21:04:04 - [ACCESS] Usuario admin accedió a index.php
2025-12-27 21:04:36 - [ACCESS] Usuario admin accedió a index.php
2025-12-27 21:05:08 - [ACCESS] Usuario admin accedió a index.php
2025-12-27 21:05:40 - [ACCESS] Usuario admin accedió a index.php
2025-12-27 21:06:12 - [ACCESS] Usuario admin accedió a index.php
2025-12-27 21:06:44 - [ACCESS] Usuario admin accedió a index.php
2025-12-27 21:07:16 - [ACCESS] Usuario admin accedió a index.php
2025-12-27 21:07:48 - [ACCESS] Usuario admin accedió a index.php
2025-12-27 21:08:20 - [ACCESS] Usuario admin accedió a index.php
2025-12-27 21:08:52 - [ACCESS] Usuario admin accedió a index.php
2025-12-27 21:09:24 - [ACCESS] Usuario admin accedió a index.php
2025-12-27 21:09:56 - [ACCESS] Usuario admin accedió a index.php
2025-12-27 21:10:28 - [ACCESS] Usuario admin accedió a index.php
2025-12-27 21:11:00 - [ACCESS] Usuario admin accedió a index.php
2025-12-27 21:11:32 - [ACCESS] Usuario admin accedió a index.php
2025-12-27 21:12:04 - [ACCESS] Usuario admin accedió a index.php
2025-12-27 21:12:36 - [ACCESS] Usuario admin accedió a index.php
2025-12-27 21:13:08 - [ACCESS] Usuario admin accedió a index.php
2025-12-27 21:13:40 - [ACCESS] Usuario admin accedió a index.php
2025-12-27 21:14:12 - [ACCESS] Usuario admin accedió a index.php
2025-12-27 21:14:44 - [ACCESS] Usuario admin accedió a index.php
2025-12-27 21:15:16 - [ACCESS] Usuario admin accedió a index.php
2025-12-27 21:15:48 - [ACCESS] Usuario admin accedió a index.php
2025-12-27 21:16:20 - [ACCESS] Usuario admin accedió a index.php
2025-12-27 21:16:52 - [ACCESS] Usuario admin accedió a index.php
2025-12-27 21:17:24 - [ACCESS] Usuario admin accedió a index.php
2025-12-27 21:17:56 - [ACCESS] Usuario admin accedió a index.php
2025-12-27 21:18:28 - [ACCESS] Usuario admin accedió a index.php
2025-12-27 21:19:00 - [ACCESS] Usuario admin accedió a index.php
2025-12-27 21:19:32 - [ACCESS] Usuario admin accedió a index.php
2025-12-27 21:20:04 - [ACCESS] Usuario admin accedió a index.php
2025-12-27 21:20:36 - [ACCESS] Usuario admin accedió a index.php
2025-12-27 21:21:08 - [ACCESS] Usuario admin accedió a index.php
2025-12-27 21:21:40 - [ACCESS] Usuario admin accedió a index.php
2025-12-27 21:22:12 - [ACCESS] Usuario admin accedió a index.php
2025-12-27 21:22:44 - [ACCESS] Usuario admin accedió a index.php
2025-12-27 21:23:16 - [ACCESS] Usuario admin accedió a index.php
2025-12-27 21:23:48 - [ACCESS] Usuario admin accedió a index.php
2025-12-27 21:24:20 - [ACCESS] Usuario admin accedió a index.php
2025-12-27 21:24:52 - [ACCESS] Usuario admin accedió a index.php
2025-12-27 21:25:24 - [ACCESS] Usuario admin accedió a index.php
2025-12-27 21:25:56 - [ACCESS] Usuario admin accedió a index.php
2025-12-27 21:26:28 - [ACCESS] Usuario admin accedió a index.php
2025-12-27 21:27:00 - [ACCESS] Usuario admin accedió a index.php
2025-12-27 21:27:26 - [ACCESS] Usuario admin accedió a reportes.php
2025-12-27 21:27:29 - [ACCESS] Usuario admin accedió a index.php
2025-12-27 21:28:01 - [ACCESS] Usuario admin accedió a index.php
2025-12-27 23:52:43 - [ACCESS] Login exitoso para usuario: admin
2025-12-27 23:52:45 - [ACCESS] Usuario admin accedió a index.php
2025-12-27 23:52:46 - [ACCESS] Login exitoso para usuario: admin
2025-12-27 23:52:46 - [ACCESS] Usuario admin accedió a index.php
2025-12-27 23:52:47 - [ACCESS] Login exitoso para usuario: admin
2025-12-27 23:52:47 - [ACCESS] Usuario admin accedió a index.php
2025-12-27 23:52:48 - [ACCESS] Login exitoso para usuario: admin
2025-12-27 23:52:48 - [ACCESS] Usuario admin accedió a index.php
2025-12-27 23:52:54 - [ACCESS] Usuario admin accedió a index.php
2025-12-27 23:53:25 - [ACCESS] Usuario admin accedió a index.php
2025-12-27 23:53:56 - [ACCESS] Usuario admin accedió a index.php
2025-12-28 20:55:12 - [ACCESS] Login exitoso para usuario: admin
2025-12-28 20:55:16 - [ACCESS] Usuario admin accedió a index.php
2025-12-28 20:55:54 - [ACCESS] Usuario admin accedió a index.php
2025-12-28 20:56:33 - [ACCESS] Usuario admin accedió a index.php
2025-12-28 20:56:36 - [ACCESS] Usuario admin accedió a reportes.php
2025-12-28 22:09:34 - [ACCESS] Login exitoso para usuario: admin
2025-12-28 22:09:34 - [ACCESS] Usuario admin accedió a index.php
2025-12-28 22:09:41 - [ACCESS] Usuario admin accedió a reportes.php
2025-12-29 14:37:52 - [SECURITY] Intento de login fallido para usuario: directoradeexperiencia
2025-12-29 19:32:30 - [ACCESS] Login exitoso para usuario: admin
2025-12-29 19:32:30 - [ACCESS] Usuario admin accedió a index.php
2025-12-29 19:32:34 - [ACCESS] Usuario admin accedió a reportes.php
2025-12-29 21:52:07 - [ACCESS] Login exitoso para usuario: admin
2025-12-29 21:52:07 - [ACCESS] Usuario admin accedió a index.php
2025-12-29 21:52:14 - [ACCESS] Usuario admin accedió a reportes.php
2025-12-29 21:52:16 - [ACCESS] Usuario admin accedió a pqrs.php
2025-12-29 21:52:23 - [ACCESS] Usuario admin accedió a index.php
2025-12-29 21:52:24 - [ACCESS] Usuario admin accedió a pqrs.php
2025-12-29 21:52:25 - [ACCESS] Usuario admin accedió a reportes.php
2025-12-30 02:52:45 - [ACCESS] Login exitoso para usuario: admin
2025-12-30 02:52:45 - [ACCESS] Usuario admin accedió a index.php
2025-12-30 02:52:48 - [ACCESS] Usuario admin accedió a pqrs.php
2025-12-30 02:52:52 - [ACCESS] Usuario admin accedió a reportes.php
2025-12-30 03:15:38 - [ACCESS] Usuario admin accedió a reportes.php
2026-01-02 15:32:59 - [ACCESS] Login exitoso para usuario: admin
2026-01-02 15:32:59 - [ACCESS] Usuario admin accedió a index.php
2026-01-02 15:33:04 - [ACCESS] Usuario admin accedió a pqrs.php
2026-01-02 15:33:07 - [ACCESS] Usuario admin accedió a reportes.php
2026-01-02 15:33:09 - [ACCESS] Usuario admin accedió a festivos.php
2026-01-02 15:33:45 - [ACCESS] Usuario admin accedió a pqrs.php
2026-01-02 15:33:49 - [ACCESS] Usuario admin accedió a reportes.php
2026-01-02 15:55:43 - [ACCESS] Usuario admin accedió a reportes.php
2026-01-02 16:32:44 - [ACCESS] Login exitoso para usuario: admin
2026-01-02 16:32:44 - [ACCESS] Usuario admin accedió a index.php
2026-01-02 16:32:48 - [ACCESS] Usuario admin accedió a reportes.php
2026-01-02 16:32:51 - [ACCESS] Usuario admin accedió a pqrs.php
2026-01-02 21:51:46 - [ACCESS] Login exitoso para usuario: admin
2026-01-02 21:51:46 - [ACCESS] Usuario admin accedió a index.php
2026-01-02 21:51:50 - [ACCESS] Usuario admin accedió a pqrs.php
2026-01-02 21:51:54 - [ACCESS] Usuario admin accedió a reportes.php
2026-01-02 22:02:57 - [ACCESS] Usuario admin accedió a reportes.php
2026-01-02 23:39:33 - [ACCESS] Login exitoso para usuario: admin
2026-01-02 23:39:33 - [ACCESS] Usuario admin accedió a index.php
2026-01-02 23:40:05 - [ACCESS] Usuario admin accedió a index.php
2026-01-02 23:40:38 - [ACCESS] Usuario admin accedió a index.php
2026-01-02 23:41:12 - [ACCESS] Usuario admin accedió a index.php
2026-01-02 23:41:45 - [ACCESS] Usuario admin accedió a index.php
2026-01-02 23:42:17 - [ACCESS] Usuario admin accedió a index.php
2026-01-02 23:42:49 - [ACCESS] Usuario admin accedió a index.php
2026-01-02 23:43:24 - [ACCESS] Usuario admin accedió a index.php
2026-01-02 23:44:02 - [ACCESS] Usuario admin accedió a reportes.php
2026-01-02 23:45:28 - [ACCESS] Usuario admin accedió a pqrs.php
2026-01-03 03:53:36 - [ACCESS] Login exitoso para usuario: admin
2026-01-03 03:53:36 - [ACCESS] Usuario admin accedió a index.php
2026-01-03 03:53:40 - [ACCESS] Usuario admin accedió a pqrs.php
2026-01-03 03:56:10 - [ACCESS] Usuario admin accedió a reportes.php
2026-01-03 04:20:03 - [ACCESS] Usuario admin accedió a reportes.php
2026-01-03 04:26:35 - [ACCESS] Usuario admin accedió a reportes.php
2026-01-03 04:27:25 - [ACCESS] Usuario admin accedió a index.php
2026-01-03 04:27:33 - [ACCESS] Usuario admin accedió a pqrs.php
2026-01-03 04:27:37 - [ACCESS] Usuario admin accedió a reportes.php
2026-01-05 13:50:13 - [ACCESS] Login exitoso para usuario: admin
2026-01-05 13:50:13 - [ACCESS] Usuario admin accedió a index.php
2026-01-05 13:50:19 - [ACCESS] Usuario admin accedió a pqrs.php
2026-01-05 13:50:22 - [ACCESS] Usuario admin accedió a reportes.php
2026-01-05 15:10:45 - [ACCESS] Login exitoso para usuario: admin
2026-01-05 15:10:45 - [ACCESS] Usuario admin accedió a index.php
2026-01-05 15:10:48 - [ACCESS] Usuario admin accedió a reportes.php
2026-01-05 15:13:40 - [ACCESS] Usuario admin accedió a pqrs.php
2026-01-05 15:43:13 - [ACCESS] Usuario admin accedió a index.php
2026-01-05 15:43:44 - [ACCESS] Usuario admin accedió a index.php
2026-01-05 15:44:16 - [ACCESS] Usuario admin accedió a index.php
2026-01-05 15:44:49 - [ACCESS] Usuario admin accedió a index.php
2026-01-05 15:45:20 - [ACCESS] Usuario admin accedió a index.php
2026-01-05 15:45:52 - [ACCESS] Usuario admin accedió a index.php
2026-01-05 15:46:24 - [ACCESS] Usuario admin accedió a index.php
2026-01-05 15:46:56 - [ACCESS] Usuario admin accedió a index.php
2026-01-05 15:47:28 - [ACCESS] Usuario admin accedió a index.php
2026-01-05 15:48:00 - [ACCESS] Usuario admin accedió a index.php
2026-01-05 15:48:32 - [ACCESS] Usuario admin accedió a index.php
2026-01-05 15:49:04 - [ACCESS] Usuario admin accedió a index.php
2026-01-05 15:49:37 - [ACCESS] Usuario admin accedió a index.php
2026-01-05 15:50:09 - [ACCESS] Usuario admin accedió a index.php
2026-01-05 15:50:41 - [ACCESS] Usuario admin accedió a index.php
2026-01-05 15:51:13 - [ACCESS] Usuario admin accedió a index.php
2026-01-05 15:51:45 - [ACCESS] Usuario admin accedió a index.php
2026-01-05 15:52:17 - [ACCESS] Usuario admin accedió a index.php
2026-01-05 15:52:49 - [ACCESS] Usuario admin accedió a index.php
2026-01-05 15:53:21 - [ACCESS] Usuario admin accedió a index.php
2026-01-05 15:53:43 - [ACCESS] Usuario admin accedió a index.php
2026-01-05 15:53:44 - [ACCESS] Usuario admin accedió a reportes.php
2026-01-05 15:53:53 - [ACCESS] Usuario admin accedió a reportes.php
2026-01-05 15:53:55 - [ACCESS] Usuario admin accedió a pqrs.php
2026-01-05 19:24:40 - [ACCESS] Login exitoso para usuario: admin
2026-01-05 19:24:40 - [ACCESS] Usuario admin accedió a index.php
2026-01-05 19:24:45 - [ACCESS] Usuario admin accedió a reportes.php
2026-01-05 19:24:50 - [ACCESS] Usuario admin accedió a reportes.php
2026-01-05 19:24:52 - [ACCESS] Usuario admin accedió a pqrs.php
2026-01-05 19:25:06 - [ACCESS] Usuario admin accedió a pqrs.php
2026-01-05 19:25:08 - [ACCESS] Usuario admin accedió a reportes.php
2026-01-06 14:21:56 - [ACCESS] Login exitoso para usuario: admin
2026-01-06 14:21:56 - [ACCESS] Usuario admin accedió a index.php
2026-01-06 14:22:00 - [ACCESS] Usuario admin accedió a pqrs.php
2026-01-06 14:22:05 - [ACCESS] Usuario admin accedió a reportes.php
2026-01-06 14:45:28 - [ACCESS] Usuario admin accedió a reportes.php
2026-01-06 14:45:31 - [ACCESS] Usuario admin accedió a reportes.php
2026-01-06 14:45:33 - [ACCESS] Usuario admin accedió a pqrs.php
2026-01-06 14:45:39 - [ACCESS] Usuario admin accedió a reportes.php
2026-01-06 14:45:42 - [ACCESS] Usuario admin accedió a index.php
2026-01-06 14:46:14 - [ACCESS] Usuario admin accedió a index.php
2026-01-06 14:46:46 - [ACCESS] Usuario admin accedió a index.php
2026-01-06 14:46:51 - [ACCESS] Usuario admin accedió a index.php
2026-01-06 14:47:23 - [ACCESS] Usuario admin accedió a index.php
2026-01-06 14:47:55 - [ACCESS] Usuario admin accedió a index.php
2026-01-06 14:48:27 - [ACCESS] Usuario admin accedió a index.php
2026-01-06 14:48:59 - [ACCESS] Usuario admin accedió a index.php
2026-01-06 14:49:31 - [ACCESS] Usuario admin accedió a index.php
2026-01-06 14:50:03 - [ACCESS] Usuario admin accedió a index.php
2026-01-06 14:50:35 - [ACCESS] Usuario admin accedió a index.php
2026-01-06 14:51:07 - [ACCESS] Usuario admin accedió a index.php
2026-01-06 14:51:40 - [ACCESS] Usuario admin accedió a index.php
2026-01-06 14:52:16 - [ACCESS] Usuario admin accedió a index.php
2026-01-06 14:52:48 - [ACCESS] Usuario admin accedió a index.php
2026-01-06 14:53:20 - [ACCESS] Usuario admin accedió a index.php
2026-01-06 14:53:52 - [ACCESS] Usuario admin accedió a index.php
2026-01-06 14:54:24 - [ACCESS] Usuario admin accedió a index.php
2026-01-06 14:54:44 - [ACCESS] Usuario admin accedió a index.php
2026-01-06 14:54:51 - [ACCESS] Usuario admin accedió a index.php
2026-01-06 14:54:54 - [ACCESS] Usuario admin accedió a index.php
2026-01-06 14:55:02 - [ACCESS] Usuario admin accedió a reportes.php
2026-01-06 19:16:52 - [ACCESS] Login exitoso para usuario: admin
2026-01-06 19:16:52 - [ACCESS] Usuario admin accedió a index.php
2026-01-06 19:16:56 - [ACCESS] Usuario admin accedió a pqrs.php
2026-01-07 21:06:29 - [ACCESS] Login exitoso para usuario: admin
2026-01-07 21:06:30 - [ACCESS] Usuario admin accedió a index.php
2026-01-07 21:06:35 - [ACCESS] Usuario admin accedió a reportes.php
2026-01-07 21:06:38 - [ACCESS] Usuario admin accedió a pqrs.php
2026-01-08 14:05:21 - [ACCESS] Login exitoso para usuario: admin
2026-01-08 14:05:21 - [ACCESS] Usuario admin accedió a index.php
2026-01-08 14:05:53 - [ACCESS] Usuario admin accedió a index.php
2026-01-08 14:06:25 - [ACCESS] Usuario admin accedió a index.php
2026-01-08 14:06:57 - [ACCESS] Usuario admin accedió a index.php
2026-01-08 14:07:29 - [ACCESS] Usuario admin accedió a index.php
2026-01-08 14:08:01 - [ACCESS] Usuario admin accedió a index.php
2026-01-08 14:08:33 - [ACCESS] Usuario admin accedió a index.php
2026-01-08 14:09:05 - [ACCESS] Usuario admin accedió a index.php
2026-01-08 14:09:37 - [ACCESS] Usuario admin accedió a index.php
2026-01-08 14:10:09 - [ACCESS] Usuario admin accedió a index.php
2026-01-08 14:10:41 - [ACCESS] Usuario admin accedió a index.php
2026-01-08 14:11:13 - [ACCESS] Usuario admin accedió a index.php
2026-01-08 14:11:45 - [ACCESS] Usuario admin accedió a index.php
2026-01-08 14:12:17 - [ACCESS] Usuario admin accedió a index.php
2026-01-08 14:12:49 - [ACCESS] Usuario admin accedió a index.php
2026-01-08 14:13:21 - [ACCESS] Usuario admin accedió a index.php
2026-01-08 14:13:53 - [ACCESS] Usuario admin accedió a index.php
2026-01-08 14:14:25 - [ACCESS] Usuario admin accedió a index.php
2026-01-08 14:14:57 - [ACCESS] Usuario admin accedió a index.php
2026-01-08 14:15:29 - [ACCESS] Usuario admin accedió a index.php
2026-01-08 14:16:00 - [ACCESS] Usuario admin accedió a index.php
2026-01-08 14:16:31 - [ACCESS] Usuario admin accedió a index.php
2026-01-08 14:17:02 - [ACCESS] Usuario admin accedió a index.php
2026-01-08 14:17:33 - [ACCESS] Usuario admin accedió a index.php
2026-01-08 14:18:04 - [ACCESS] Usuario admin accedió a index.php
2026-01-08 14:18:35 - [ACCESS] Usuario admin accedió a index.php
2026-01-08 14:19:06 - [ACCESS] Usuario admin accedió a index.php
2026-01-08 14:19:37 - [ACCESS] Usuario admin accedió a index.php
2026-01-08 14:20:08 - [ACCESS] Usuario admin accedió a index.php
2026-01-08 14:20:39 - [ACCESS] Usuario admin accedió a index.php
2026-01-08 14:21:11 - [ACCESS] Usuario admin accedió a index.php
2026-01-08 14:21:42 - [ACCESS] Usuario admin accedió a index.php
2026-01-08 14:22:13 - [ACCESS] Usuario admin accedió a index.php
2026-01-08 14:22:44 - [ACCESS] Usuario admin accedió a index.php
2026-01-08 14:23:15 - [ACCESS] Usuario admin accedió a index.php
2026-01-08 14:23:46 - [ACCESS] Usuario admin accedió a index.php
2026-01-08 14:24:17 - [ACCESS] Usuario admin accedió a index.php
2026-01-08 14:24:48 - [ACCESS] Usuario admin accedió a index.php
2026-01-08 14:25:20 - [ACCESS] Usuario admin accedió a index.php
2026-01-08 14:25:52 - [ACCESS] Usuario admin accedió a index.php
2026-01-08 14:26:24 - [ACCESS] Usuario admin accedió a index.php
2026-01-08 14:26:56 - [ACCESS] Usuario admin accedió a index.php
2026-01-08 14:27:28 - [ACCESS] Usuario admin accedió a index.php
2026-01-08 14:28:00 - [ACCESS] Usuario admin accedió a index.php
2026-01-08 14:28:32 - [ACCESS] Usuario admin accedió a index.php
2026-01-08 14:29:04 - [ACCESS] Usuario admin accedió a index.php
2026-01-08 14:29:36 - [ACCESS] Usuario admin accedió a index.php
2026-01-08 14:30:08 - [ACCESS] Usuario admin accedió a index.php
2026-01-08 14:30:40 - [ACCESS] Usuario admin accedió a index.php
2026-01-08 14:31:12 - [ACCESS] Usuario admin accedió a index.php
2026-01-08 14:31:44 - [ACCESS] Usuario admin accedió a index.php
2026-01-08 14:32:16 - [ACCESS] Usuario admin accedió a index.php
2026-01-08 14:32:48 - [ACCESS] Usuario admin accedió a index.php
2026-01-08 14:33:20 - [ACCESS] Usuario admin accedió a index.php
2026-01-08 14:33:52 - [ACCESS] Usuario admin accedió a index.php
2026-01-08 14:34:24 - [ACCESS] Usuario admin accedió a index.php
2026-01-08 14:50:54 - [ACCESS] Usuario admin accedió a index.php
2026-01-08 14:51:26 - [ACCESS] Usuario admin accedió a index.php
2026-01-08 14:51:58 - [ACCESS] Usuario admin accedió a index.php
2026-01-08 14:52:30 - [ACCESS] Usuario admin accedió a index.php
2026-01-08 14:53:02 - [ACCESS] Usuario admin accedió a index.php
2026-01-08 14:53:34 - [ACCESS] Usuario admin accedió a index.php
2026-01-08 14:54:06 - [ACCESS] Usuario admin accedió a index.php
2026-01-08 14:54:38 - [ACCESS] Usuario admin accedió a index.php
2026-01-08 14:55:10 - [ACCESS] Usuario admin accedió a index.php
2026-01-08 14:55:42 - [ACCESS] Usuario admin accedió a index.php
2026-01-08 14:56:14 - [ACCESS] Usuario admin accedió a index.php
2026-01-08 14:56:46 - [ACCESS] Usuario admin accedió a index.php
2026-01-08 14:57:18 - [ACCESS] Usuario admin accedió a index.php
2026-01-08 14:57:50 - [ACCESS] Usuario admin accedió a index.php
2026-01-08 14:58:22 - [ACCESS] Usuario admin accedió a index.php
2026-01-08 14:58:54 - [ACCESS] Usuario admin accedió a index.php
2026-01-08 14:59:26 - [ACCESS] Usuario admin accedió a index.php
2026-01-08 14:59:58 - [ACCESS] Usuario admin accedió a index.php
2026-01-08 15:00:30 - [ACCESS] Usuario admin accedió a index.php
2026-01-08 15:01:02 - [ACCESS] Usuario admin accedió a index.php
2026-01-08 15:01:34 - [ACCESS] Usuario admin accedió a index.php
2026-01-08 15:02:06 - [ACCESS] Usuario admin accedió a index.php
2026-01-08 15:02:38 - [ACCESS] Usuario admin accedió a index.php
2026-01-08 15:03:10 - [ACCESS] Usuario admin accedió a index.php
2026-01-08 15:03:42 - [ACCESS] Usuario admin accedió a index.php
2026-01-08 15:04:14 - [ACCESS] Usuario admin accedió a index.php
2026-01-08 15:04:46 - [ACCESS] Usuario admin accedió a index.php
2026-01-09 12:48:24 - [ACCESS] Login exitoso para usuario: admin
2026-01-09 12:48:24 - [ACCESS] Usuario admin accedió a index.php
2026-01-09 12:48:28 - [ACCESS] Usuario admin accedió a pqrs.php
2026-01-09 12:48:31 - [ACCESS] Usuario admin accedió a reportes.php
2026-01-09 12:48:37 - [ACCESS] Usuario admin accedió a pqrs.php
2026-01-09 17:00:46 - [ACCESS] Login exitoso para usuario: admin
2026-01-09 17:00:46 - [ACCESS] Usuario admin accedió a index.php
2026-01-09 17:00:49 - [ACCESS] Usuario admin accedió a pqrs.php
2026-01-09 17:00:55 - [ACCESS] Usuario admin accedió a festivos.php
2026-01-09 17:00:56 - [ACCESS] Usuario admin accedió a reportes.php
2026-01-09 17:00:57 - [ACCESS] Usuario admin accedió a reportes.php
2026-01-10 02:05:54 - [ACCESS] Login exitoso para usuario: admin
2026-01-10 02:05:54 - [ACCESS] Usuario admin accedió a index.php
2026-01-10 02:05:58 - [ACCESS] Usuario admin accedió a reportes.php
2026-01-10 02:06:05 - [ACCESS] Usuario admin accedió a reportes.php
2026-01-10 02:06:09 - [ACCESS] Usuario admin accedió a pqrs.php
2026-01-10 02:08:55 - [ACCESS] Usuario admin accedió a index.php
2026-01-10 02:09:00 - [ACCESS] Usuario admin accedió a index.php
2026-01-10 02:45:17 - [ACCESS] Usuario admin accedió a pqrs.php
2026-01-10 03:01:46 - [ACCESS] Usuario admin accedió a pqrs.php
2026-01-10 03:01:50 - [ACCESS] Usuario admin accedió a index.php
2026-01-10 03:02:00 - [ACCESS] Usuario admin accedió a reportes.php
2026-01-13 13:07:27 - [ACCESS] Login exitoso para usuario: admin
2026-01-13 13:07:27 - [ACCESS] Usuario admin accedió a index.php
2026-01-13 13:07:36 - [ACCESS] Usuario admin accedió a reportes.php
2026-01-13 18:40:33 - [ACCESS] Login exitoso para usuario: admin
2026-01-13 18:40:33 - [ACCESS] Usuario admin accedió a index.php
2026-01-13 18:40:36 - [ACCESS] Usuario admin accedió a estado.php
2026-01-13 18:40:37 - [ACCESS] Usuario admin accedió a reportes.php
2026-01-13 18:53:19 - [ACCESS] Usuario admin accedió a reportes.php
2026-01-13 18:53:25 - [ACCESS] Usuario admin accedió a pqrs.php
2026-01-14 02:48:42 - [ACCESS] Login exitoso para usuario: admin
2026-01-14 02:48:42 - [ACCESS] Usuario admin accedió a index.php
2026-01-14 02:48:46 - [ACCESS] Usuario admin accedió a pqrs.php
2026-01-14 03:11:50 - [ACCESS] Usuario admin accedió a pqrs.php
2026-01-14 03:12:00 - [ACCESS] Usuario admin accedió a pqrs.php
2026-01-14 03:12:08 - [ACCESS] Usuario admin accedió a reportes.php
2026-01-14 15:06:35 - [ACCESS] Login exitoso para usuario: admin
2026-01-14 15:06:35 - [ACCESS] Usuario admin accedió a index.php
2026-01-14 15:06:39 - [ACCESS] Usuario admin accedió a reportes.php
2026-01-14 15:06:44 - [ACCESS] Usuario admin accedió a pqrs.php
2026-01-14 16:16:15 - [ACCESS] Login exitoso para usuario: admin
2026-01-14 16:16:15 - [ACCESS] Usuario admin accedió a index.php
2026-01-14 16:16:20 - [ACCESS] Usuario admin accedió a festivos.php
2026-01-14 16:16:21 - [ACCESS] Usuario admin accedió a reportes.php
2026-01-14 16:16:25 - [ACCESS] Usuario admin accedió a pqrs.php
2026-01-14 16:16:52 - [ACCESS] Usuario admin accedió a pqrs.php
2026-01-14 16:16:55 - [ACCESS] Usuario admin accedió a reportes.php
2026-01-14 16:28:42 - [ACCESS] Usuario admin accedió a index.php
2026-01-14 16:28:49 - [ACCESS] Usuario admin accedió a pqrs.php
2026-01-14 16:28:54 - [ACCESS] Usuario admin accedió a reportes.php
2026-01-14 18:58:52 - [ACCESS] Login exitoso para usuario: admin
2026-01-14 18:58:52 - [ACCESS] Usuario admin accedió a index.php
2026-01-14 18:58:55 - [ACCESS] Usuario admin accedió a pqrs.php
2026-01-14 18:58:58 - [ACCESS] Usuario admin accedió a reportes.php
2026-01-14 18:59:02 - [ACCESS] Usuario admin accedió a pqrs.php
2026-01-14 18:59:05 - [ACCESS] Usuario admin accedió a reportes.php
2026-01-14 19:52:45 - [ACCESS] Login exitoso para usuario: admin
2026-01-14 19:52:45 - [ACCESS] Usuario admin accedió a index.php
2026-01-14 19:52:51 - [ACCESS] Usuario admin accedió a pqrs.php
2026-01-14 19:52:57 - [ACCESS] Usuario admin accedió a index.php
2026-01-14 19:53:24 - [ACCESS] Usuario admin accedió a reportes.php
2026-01-14 19:54:17 - [ACCESS] Usuario admin accedió a reportes.php
2026-01-14 19:54:19 - [ACCESS] Usuario admin accedió a pqrs.php
2026-01-14 19:55:24 - [ACCESS] Usuario admin accedió a index.php
2026-01-14 19:55:35 - [ACCESS] Usuario admin accedió a pqrs.php
2026-01-14 19:55:46 - [ACCESS] Usuario admin accedió a reportes.php
2026-01-14 19:55:49 - [ACCESS] Usuario admin accedió a pqrs.php
2026-01-14 19:57:38 - [ACCESS] Usuario admin accedió a pqrs.php
2026-01-14 19:57:43 - [ACCESS] Usuario admin accedió a index.php
2026-01-14 19:58:15 - [ACCESS] Usuario admin accedió a index.php
2026-01-14 19:58:27 - [ACCESS] Usuario admin accedió a reportes.php
2026-01-14 22:05:13 - [ACCESS] Login exitoso para usuario: admin
2026-01-14 22:05:13 - [ACCESS] Usuario admin accedió a index.php
2026-01-14 22:05:20 - [ACCESS] Usuario admin accedió a reportes.php
2026-01-15 20:47:23 - [ACCESS] Login exitoso para usuario: admin
2026-01-15 20:47:23 - [ACCESS] Usuario admin accedió a index.php
2026-01-15 20:47:54 - [ACCESS] Usuario admin accedió a index.php
2026-01-15 20:48:25 - [ACCESS] Usuario admin accedió a index.php
2026-01-15 20:48:56 - [ACCESS] Usuario admin accedió a index.php
2026-01-15 20:49:05 - [ACCESS] Usuario admin accedió a reportes.php
2026-01-16 13:14:57 - [ACCESS] Login exitoso para usuario: admin
2026-01-16 13:14:57 - [ACCESS] Usuario admin accedió a index.php
2026-01-16 13:15:04 - [ACCESS] Usuario admin accedió a pqrs.php
2026-01-16 13:16:20 - [ACCESS] Usuario admin accedió a pqrs.php
2026-01-16 13:16:24 - [ACCESS] Usuario admin accedió a reportes.php
2026-01-16 13:16:30 - [ACCESS] Usuario admin accedió a index.php
2026-01-16 13:17:01 - [ACCESS] Usuario admin accedió a index.php
2026-01-16 13:17:33 - [ACCESS] Usuario admin accedió a index.php
2026-01-16 13:18:05 - [ACCESS] Usuario admin accedió a index.php
2026-01-16 13:18:36 - [ACCESS] Usuario admin accedió a index.php
2026-01-16 13:19:08 - [ACCESS] Usuario admin accedió a index.php
2026-01-16 13:19:40 - [ACCESS] Usuario admin accedió a index.php
2026-01-16 13:20:12 - [ACCESS] Usuario admin accedió a index.php
2026-01-16 13:20:44 - [ACCESS] Usuario admin accedió a index.php
2026-01-16 13:21:16 - [ACCESS] Usuario admin accedió a index.php
2026-01-16 13:21:48 - [ACCESS] Usuario admin accedió a index.php
2026-01-16 13:22:20 - [ACCESS] Usuario admin accedió a index.php
2026-01-16 13:22:52 - [ACCESS] Usuario admin accedió a index.php
2026-01-16 13:23:24 - [ACCESS] Usuario admin accedió a index.php
2026-01-16 13:23:56 - [ACCESS] Usuario admin accedió a index.php
2026-01-16 13:24:28 - [ACCESS] Usuario admin accedió a index.php
2026-01-16 13:25:00 - [ACCESS] Usuario admin accedió a index.php
2026-01-16 13:25:32 - [ACCESS] Usuario admin accedió a index.php
2026-01-16 13:26:04 - [ACCESS] Usuario admin accedió a index.php
2026-01-16 13:26:36 - [ACCESS] Usuario admin accedió a index.php
2026-01-16 13:27:08 - [ACCESS] Usuario admin accedió a index.php
2026-01-16 13:27:40 - [ACCESS] Usuario admin accedió a index.php
2026-01-16 13:28:12 - [ACCESS] Usuario admin accedió a index.php
2026-01-16 13:28:44 - [ACCESS] Usuario admin accedió a index.php
2026-01-16 13:29:16 - [ACCESS] Usuario admin accedió a index.php
2026-01-16 13:29:47 - [ACCESS] Usuario admin accedió a index.php
2026-01-16 13:30:18 - [ACCESS] Usuario admin accedió a index.php
2026-01-16 13:30:50 - [ACCESS] Usuario admin accedió a index.php
2026-01-16 13:31:21 - [ACCESS] Usuario admin accedió a index.php
2026-01-16 13:31:53 - [ACCESS] Usuario admin accedió a index.php
2026-01-16 13:32:25 - [ACCESS] Usuario admin accedió a index.php
2026-01-16 13:32:57 - [ACCESS] Usuario admin accedió a index.php
2026-01-16 13:33:29 - [ACCESS] Usuario admin accedió a index.php
2026-01-16 13:34:00 - [ACCESS] Usuario admin accedió a index.php
2026-01-16 13:34:37 - [ACCESS] Usuario admin accedió a index.php
2026-01-16 13:35:09 - [ACCESS] Usuario admin accedió a index.php
2026-01-16 13:35:41 - [ACCESS] Usuario admin accedió a index.php
2026-01-16 13:36:12 - [ACCESS] Usuario admin accedió a index.php
2026-01-16 13:36:43 - [ACCESS] Usuario admin accedió a index.php
2026-01-16 13:37:15 - [ACCESS] Usuario admin accedió a index.php
2026-01-16 13:37:47 - [ACCESS] Usuario admin accedió a index.php
2026-01-16 13:38:18 - [ACCESS] Usuario admin accedió a index.php
2026-01-16 13:38:50 - [ACCESS] Usuario admin accedió a index.php
2026-01-16 13:39:21 - [ACCESS] Usuario admin accedió a index.php
2026-01-16 13:39:53 - [ACCESS] Usuario admin accedió a index.php
2026-01-16 13:40:25 - [ACCESS] Usuario admin accedió a index.php
2026-01-16 13:40:57 - [ACCESS] Usuario admin accedió a index.php
2026-01-16 13:41:29 - [ACCESS] Usuario admin accedió a index.php
2026-01-16 13:42:01 - [ACCESS] Usuario admin accedió a index.php
2026-01-16 13:42:33 - [ACCESS] Usuario admin accedió a index.php
2026-01-16 13:43:05 - [ACCESS] Usuario admin accedió a index.php
2026-01-16 13:43:37 - [ACCESS] Usuario admin accedió a index.php
2026-01-16 13:44:09 - [ACCESS] Usuario admin accedió a index.php
2026-01-16 13:44:41 - [ACCESS] Usuario admin accedió a index.php
2026-01-16 13:45:13 - [ACCESS] Usuario admin accedió a index.php
2026-01-16 13:45:45 - [ACCESS] Usuario admin accedió a index.php
2026-01-16 13:51:08 - [ACCESS] Usuario admin accedió a index.php
2026-01-16 13:51:40 - [ACCESS] Usuario admin accedió a index.php
2026-01-16 13:52:12 - [ACCESS] Usuario admin accedió a index.php
2026-01-16 13:52:44 - [ACCESS] Usuario admin accedió a index.php
2026-01-16 13:53:16 - [ACCESS] Usuario admin accedió a index.php
2026-01-16 13:53:48 - [ACCESS] Usuario admin accedió a index.php
2026-01-16 13:54:20 - [ACCESS] Usuario admin accedió a index.php
2026-01-16 13:54:52 - [ACCESS] Usuario admin accedió a index.php
2026-01-16 13:55:23 - [ACCESS] Usuario admin accedió a index.php
2026-01-16 13:55:55 - [ACCESS] Usuario admin accedió a index.php
2026-01-16 13:56:27 - [ACCESS] Usuario admin accedió a index.php
2026-01-16 13:56:59 - [ACCESS] Usuario admin accedió a index.php
2026-01-16 13:57:31 - [ACCESS] Usuario admin accedió a index.php
2026-01-16 13:58:03 - [ACCESS] Usuario admin accedió a index.php
2026-01-16 13:58:34 - [ACCESS] Usuario admin accedió a index.php
2026-01-16 13:59:06 - [ACCESS] Usuario admin accedió a index.php
2026-01-16 13:59:38 - [ACCESS] Usuario admin accedió a index.php
2026-01-16 14:00:10 - [ACCESS] Usuario admin accedió a index.php
2026-01-16 14:00:42 - [ACCESS] Usuario admin accedió a index.php
2026-01-16 14:01:14 - [ACCESS] Usuario admin accedió a index.php
2026-01-16 14:01:46 - [ACCESS] Usuario admin accedió a index.php
2026-01-16 14:02:18 - [ACCESS] Usuario admin accedió a index.php
2026-01-16 14:02:50 - [ACCESS] Usuario admin accedió a index.php
2026-01-16 14:03:22 - [ACCESS] Usuario admin accedió a index.php
2026-01-16 14:03:54 - [ACCESS] Usuario admin accedió a index.php
2026-01-16 14:04:26 - [ACCESS] Usuario admin accedió a index.php
2026-01-16 14:04:58 - [ACCESS] Usuario admin accedió a index.php
2026-01-16 14:05:30 - [ACCESS] Usuario admin accedió a index.php
2026-01-16 14:06:02 - [ACCESS] Usuario admin accedió a index.php
2026-01-16 14:06:34 - [ACCESS] Usuario admin accedió a index.php
2026-01-16 14:07:05 - [ACCESS] Usuario admin accedió a index.php
2026-01-16 14:07:37 - [ACCESS] Usuario admin accedió a index.php
2026-01-16 14:08:09 - [ACCESS] Usuario admin accedió a index.php
2026-01-16 14:08:41 - [ACCESS] Usuario admin accedió a index.php
2026-01-16 14:09:13 - [ACCESS] Usuario admin accedió a index.php
2026-01-16 14:09:45 - [ACCESS] Usuario admin accedió a index.php
2026-01-16 14:10:17 - [ACCESS] Usuario admin accedió a index.php
2026-01-16 14:10:49 - [ACCESS] Usuario admin accedió a index.php
2026-01-16 14:11:21 - [ACCESS] Usuario admin accedió a index.php
2026-01-16 14:11:53 - [ACCESS] Usuario admin accedió a index.php
2026-01-16 14:12:25 - [ACCESS] Usuario admin accedió a index.php
2026-01-16 14:12:57 - [ACCESS] Usuario admin accedió a index.php
2026-01-16 14:13:29 - [ACCESS] Usuario admin accedió a index.php
2026-01-16 14:14:01 - [ACCESS] Usuario admin accedió a index.php
2026-01-16 14:14:33 - [ACCESS] Usuario admin accedió a index.php
2026-01-16 14:15:05 - [ACCESS] Usuario admin accedió a index.php
2026-01-16 14:15:36 - [ACCESS] Usuario admin accedió a index.php
2026-01-16 14:16:08 - [ACCESS] Usuario admin accedió a index.php
2026-01-16 14:16:40 - [ACCESS] Usuario admin accedió a index.php
2026-01-16 14:17:12 - [ACCESS] Usuario admin accedió a index.php
2026-01-16 14:17:44 - [ACCESS] Usuario admin accedió a index.php
2026-01-16 14:18:16 - [ACCESS] Usuario admin accedió a index.php
2026-01-16 14:18:48 - [ACCESS] Usuario admin accedió a index.php
2026-01-16 14:19:20 - [ACCESS] Usuario admin accedió a index.php
2026-01-16 14:19:52 - [ACCESS] Usuario admin accedió a index.php
2026-01-16 14:20:24 - [ACCESS] Usuario admin accedió a index.php
2026-01-16 14:20:56 - [ACCESS] Usuario admin accedió a index.php
2026-01-16 14:21:28 - [ACCESS] Usuario admin accedió a index.php
2026-01-16 14:22:00 - [ACCESS] Usuario admin accedió a index.php
2026-01-16 14:22:32 - [ACCESS] Usuario admin accedió a index.php
2026-01-16 14:23:04 - [ACCESS] Usuario admin accedió a index.php
2026-01-16 14:23:36 - [ACCESS] Usuario admin accedió a index.php
2026-01-16 14:24:08 - [ACCESS] Usuario admin accedió a index.php
2026-01-16 14:24:40 - [ACCESS] Usuario admin accedió a index.php
2026-01-16 14:25:12 - [ACCESS] Usuario admin accedió a index.php
2026-01-16 14:25:44 - [ACCESS] Usuario admin accedió a index.php
2026-01-16 14:26:16 - [ACCESS] Usuario admin accedió a index.php
2026-01-16 14:26:48 - [ACCESS] Usuario admin accedió a index.php
2026-01-16 14:27:20 - [ACCESS] Usuario admin accedió a index.php
2026-01-16 14:27:52 - [ACCESS] Usuario admin accedió a index.php
2026-01-16 14:28:24 - [ACCESS] Usuario admin accedió a index.php
2026-01-16 14:28:56 - [ACCESS] Usuario admin accedió a index.php
2026-01-16 14:29:28 - [ACCESS] Usuario admin accedió a index.php
2026-01-16 14:30:00 - [ACCESS] Usuario admin accedió a index.php
2026-01-16 14:30:32 - [ACCESS] Usuario admin accedió a index.php
2026-01-16 14:31:04 - [ACCESS] Usuario admin accedió a index.php
2026-01-16 14:31:36 - [ACCESS] Usuario admin accedió a index.php
2026-01-16 14:32:07 - [ACCESS] Usuario admin accedió a index.php
2026-01-16 14:32:39 - [ACCESS] Usuario admin accedió a index.php
2026-01-16 14:33:10 - [ACCESS] Usuario admin accedió a index.php
2026-01-16 14:33:42 - [ACCESS] Usuario admin accedió a index.php
2026-01-16 14:34:14 - [ACCESS] Usuario admin accedió a index.php
2026-01-16 14:34:46 - [ACCESS] Usuario admin accedió a index.php
2026-01-16 14:35:18 - [ACCESS] Usuario admin accedió a index.php
2026-01-16 14:35:50 - [ACCESS] Usuario admin accedió a index.php
2026-01-16 14:36:22 - [ACCESS] Usuario admin accedió a index.php
2026-01-16 14:36:54 - [ACCESS] Usuario admin accedió a index.php
2026-01-16 14:37:25 - [ACCESS] Usuario admin accedió a index.php
2026-01-16 14:37:57 - [ACCESS] Usuario admin accedió a index.php
2026-01-16 14:38:29 - [ACCESS] Usuario admin accedió a index.php
2026-01-16 14:39:01 - [ACCESS] Usuario admin accedió a index.php
2026-01-16 14:39:32 - [ACCESS] Usuario admin accedió a index.php
2026-01-16 14:39:33 - [ACCESS] Usuario admin accedió a index.php
2026-01-16 14:40:04 - [ACCESS] Usuario admin accedió a index.php
2026-01-16 14:40:36 - [ACCESS] Usuario admin accedió a index.php
2026-01-16 14:41:08 - [ACCESS] Usuario admin accedió a index.php
2026-01-16 14:41:39 - [ACCESS] Usuario admin accedió a index.php
2026-01-16 14:42:11 - [ACCESS] Usuario admin accedió a index.php
2026-01-16 14:42:43 - [ACCESS] Usuario admin accedió a index.php
2026-01-16 14:43:15 - [ACCESS] Usuario admin accedió a index.php
2026-01-16 14:43:46 - [ACCESS] Usuario admin accedió a index.php
2026-01-16 14:44:18 - [ACCESS] Usuario admin accedió a index.php
2026-01-16 14:44:50 - [ACCESS] Usuario admin accedió a index.php
2026-01-16 14:45:23 - [ACCESS] Usuario admin accedió a index.php
2026-01-16 14:45:54 - [ACCESS] Usuario admin accedió a index.php
2026-01-16 14:46:26 - [ACCESS] Usuario admin accedió a index.php
2026-01-16 14:46:58 - [ACCESS] Usuario admin accedió a index.php
2026-01-16 14:47:29 - [ACCESS] Usuario admin accedió a index.php
2026-01-16 14:48:01 - [ACCESS] Usuario admin accedió a index.php
2026-01-16 14:48:33 - [ACCESS] Usuario admin accedió a index.php
2026-01-16 14:49:05 - [ACCESS] Usuario admin accedió a index.php
2026-01-16 14:49:37 - [ACCESS] Usuario admin accedió a index.php
2026-01-16 14:50:09 - [ACCESS] Usuario admin accedió a index.php
2026-01-16 14:50:41 - [ACCESS] Usuario admin accedió a index.php
2026-01-16 14:51:13 - [ACCESS] Usuario admin accedió a index.php
2026-01-16 14:51:45 - [ACCESS] Usuario admin accedió a index.php
2026-01-16 14:52:17 - [ACCESS] Usuario admin accedió a index.php
2026-01-16 14:52:49 - [ACCESS] Usuario admin accedió a index.php
2026-01-16 14:53:21 - [ACCESS] Usuario admin accedió a index.php
2026-01-16 14:53:53 - [ACCESS] Usuario admin accedió a index.php
2026-01-16 14:54:25 - [ACCESS] Usuario admin accedió a index.php
2026-01-16 14:54:57 - [ACCESS] Usuario admin accedió a index.php
2026-01-16 14:55:29 - [ACCESS] Usuario admin accedió a index.php
2026-01-16 14:56:00 - [ACCESS] Usuario admin accedió a index.php
2026-01-16 14:56:31 - [ACCESS] Usuario admin accedió a index.php
2026-01-16 14:57:03 - [ACCESS] Usuario admin accedió a index.php
2026-01-16 14:57:35 - [ACCESS] Usuario admin accedió a index.php
2026-01-16 14:58:06 - [ACCESS] Usuario admin accedió a index.php
2026-01-16 14:58:38 - [ACCESS] Usuario admin accedió a index.php
2026-01-16 14:59:10 - [ACCESS] Usuario admin accedió a index.php
2026-01-16 14:59:42 - [ACCESS] Usuario admin accedió a index.php
2026-01-16 15:00:13 - [ACCESS] Usuario admin accedió a index.php
2026-01-16 15:00:45 - [ACCESS] Usuario admin accedió a index.php
2026-01-16 15:01:17 - [ACCESS] Usuario admin accedió a index.php
2026-01-16 15:01:49 - [ACCESS] Usuario admin accedió a index.php
2026-01-16 15:02:21 - [ACCESS] Usuario admin accedió a index.php
2026-01-16 15:02:53 - [ACCESS] Usuario admin accedió a index.php
2026-01-16 15:03:25 - [ACCESS] Usuario admin accedió a index.php
2026-01-16 15:03:57 - [ACCESS] Usuario admin accedió a index.php
2026-01-16 15:04:29 - [ACCESS] Usuario admin accedió a index.php
2026-01-16 15:05:01 - [ACCESS] Usuario admin accedió a index.php
2026-01-16 15:05:33 - [ACCESS] Usuario admin accedió a index.php
2026-01-16 15:06:06 - [ACCESS] Usuario admin accedió a index.php
2026-01-16 15:06:38 - [ACCESS] Usuario admin accedió a index.php
2026-01-16 15:07:10 - [ACCESS] Usuario admin accedió a index.php
2026-01-16 15:07:42 - [ACCESS] Usuario admin accedió a index.php
2026-01-16 15:08:14 - [ACCESS] Usuario admin accedió a index.php
2026-01-16 15:08:46 - [ACCESS] Usuario admin accedió a index.php
2026-01-16 15:09:18 - [ACCESS] Usuario admin accedió a index.php
2026-01-16 15:09:49 - [ACCESS] Usuario admin accedió a index.php
2026-01-16 15:10:21 - [ACCESS] Usuario admin accedió a index.php
2026-01-16 15:10:53 - [ACCESS] Usuario admin accedió a index.php
2026-01-16 15:11:25 - [ACCESS] Usuario admin accedió a index.php
2026-01-16 15:11:57 - [ACCESS] Usuario admin accedió a index.php
2026-01-16 15:12:29 - [ACCESS] Usuario admin accedió a index.php
2026-01-16 15:13:00 - [ACCESS] Usuario admin accedió a index.php
2026-01-16 15:13:32 - [ACCESS] Usuario admin accedió a index.php
2026-01-16 15:14:04 - [ACCESS] Usuario admin accedió a index.php
2026-01-16 15:14:36 - [ACCESS] Usuario admin accedió a index.php
2026-01-16 15:15:08 - [ACCESS] Usuario admin accedió a index.php
2026-01-16 15:15:40 - [ACCESS] Usuario admin accedió a index.php
2026-01-16 15:16:12 - [ACCESS] Usuario admin accedió a index.php
2026-01-16 15:16:44 - [ACCESS] Usuario admin accedió a index.php
2026-01-16 15:17:16 - [ACCESS] Usuario admin accedió a index.php
2026-01-16 15:17:48 - [ACCESS] Usuario admin accedió a index.php
2026-01-16 15:18:19 - [ACCESS] Usuario admin accedió a index.php
2026-01-16 15:18:51 - [ACCESS] Usuario admin accedió a index.php
2026-01-16 15:19:22 - [ACCESS] Usuario admin accedió a index.php
2026-01-16 15:19:54 - [ACCESS] Usuario admin accedió a index.php
2026-01-16 15:20:26 - [ACCESS] Usuario admin accedió a index.php
2026-01-16 15:20:58 - [ACCESS] Usuario admin accedió a index.php
2026-01-16 15:21:30 - [ACCESS] Usuario admin accedió a index.php
2026-01-16 15:22:02 - [ACCESS] Usuario admin accedió a index.php
2026-01-16 15:22:34 - [ACCESS] Usuario admin accedió a index.php
2026-01-16 15:23:08 - [ACCESS] Usuario admin accedió a index.php
2026-01-16 15:23:40 - [ACCESS] Usuario admin accedió a index.php
2026-01-16 15:24:12 - [ACCESS] Usuario admin accedió a index.php
2026-01-16 15:24:44 - [ACCESS] Usuario admin accedió a index.php
2026-01-16 15:25:16 - [ACCESS] Usuario admin accedió a index.php
2026-01-16 15:25:48 - [ACCESS] Usuario admin accedió a index.php
2026-01-16 15:26:21 - [ACCESS] Usuario admin accedió a index.php
2026-01-16 15:26:52 - [ACCESS] Usuario admin accedió a index.php
2026-01-16 15:27:24 - [ACCESS] Usuario admin accedió a index.php
2026-01-16 15:27:56 - [ACCESS] Usuario admin accedió a index.php
2026-01-16 15:28:28 - [ACCESS] Usuario admin accedió a index.php
2026-01-16 15:29:00 - [ACCESS] Usuario admin accedió a index.php
2026-01-16 15:29:32 - [ACCESS] Usuario admin accedió a index.php
2026-01-16 15:30:04 - [ACCESS] Usuario admin accedió a index.php
2026-01-16 15:30:36 - [ACCESS] Usuario admin accedió a index.php
2026-01-16 15:31:08 - [ACCESS] Usuario admin accedió a index.php
2026-01-16 15:31:40 - [ACCESS] Usuario admin accedió a index.php
2026-01-16 15:32:12 - [ACCESS] Usuario admin accedió a index.php
2026-01-16 15:32:44 - [ACCESS] Usuario admin accedió a index.php
2026-01-16 15:33:16 - [ACCESS] Usuario admin accedió a index.php
2026-01-16 15:33:47 - [ACCESS] Usuario admin accedió a index.php
2026-01-16 15:34:19 - [ACCESS] Usuario admin accedió a index.php
2026-01-16 15:34:50 - [ACCESS] Usuario admin accedió a index.php
2026-01-16 15:35:26 - [ACCESS] Usuario admin accedió a index.php
2026-01-16 15:35:58 - [ACCESS] Usuario admin accedió a index.php
2026-01-16 15:36:30 - [ACCESS] Usuario admin accedió a index.php
2026-01-16 15:37:01 - [ACCESS] Usuario admin accedió a index.php
2026-01-16 15:37:33 - [ACCESS] Usuario admin accedió a index.php
2026-01-16 15:38:04 - [ACCESS] Usuario admin accedió a index.php
2026-01-16 15:38:36 - [ACCESS] Usuario admin accedió a index.php
2026-01-16 15:39:08 - [ACCESS] Usuario admin accedió a index.php
2026-01-16 15:39:40 - [ACCESS] Usuario admin accedió a index.php
2026-01-16 15:40:11 - [ACCESS] Usuario admin accedió a index.php
2026-01-16 15:40:43 - [ACCESS] Usuario admin accedió a index.php
2026-01-16 15:41:15 - [ACCESS] Usuario admin accedió a index.php
2026-01-16 15:41:47 - [ACCESS] Usuario admin accedió a index.php
2026-01-16 15:42:18 - [ACCESS] Usuario admin accedió a index.php
2026-01-16 15:42:50 - [ACCESS] Usuario admin accedió a index.php
2026-01-16 15:43:22 - [ACCESS] Usuario admin accedió a index.php
2026-01-16 15:43:56 - [ACCESS] Usuario admin accedió a index.php
2026-01-16 15:44:28 - [ACCESS] Usuario admin accedió a index.php
2026-01-16 15:45:00 - [ACCESS] Usuario admin accedió a index.php
2026-01-16 15:45:32 - [ACCESS] Usuario admin accedió a index.php
2026-01-16 15:46:04 - [ACCESS] Usuario admin accedió a index.php
2026-01-16 15:46:36 - [ACCESS] Usuario admin accedió a index.php
2026-01-16 15:47:08 - [ACCESS] Usuario admin accedió a index.php
2026-01-16 15:47:37 - [ACCESS] Usuario admin accedió a reportes.php
2026-01-16 15:47:43 - [ACCESS] Usuario admin accedió a pqrs.php
2026-01-16 18:20:56 - [ACCESS] Login exitoso para usuario: admin
2026-01-16 18:20:56 - [ACCESS] Usuario admin accedió a index.php
2026-01-16 18:20:59 - [ACCESS] Usuario admin accedió a pqrs.php
2026-01-19 13:22:55 - [ACCESS] Login exitoso para usuario: admin
2026-01-19 13:22:55 - [ACCESS] Usuario admin accedió a index.php
2026-01-19 13:23:27 - [ACCESS] Usuario admin accedió a index.php
2026-01-19 13:23:59 - [ACCESS] Usuario admin accedió a index.php
2026-01-19 13:24:31 - [ACCESS] Usuario admin accedió a index.php
2026-01-19 13:25:03 - [ACCESS] Usuario admin accedió a index.php
2026-01-19 13:25:35 - [ACCESS] Usuario admin accedió a index.php
2026-01-19 13:26:06 - [ACCESS] Usuario admin accedió a index.php
2026-01-19 13:26:37 - [ACCESS] Usuario admin accedió a index.php
2026-01-19 13:27:08 - [ACCESS] Usuario admin accedió a index.php
2026-01-19 13:27:46 - [ACCESS] Usuario admin accedió a index.php
2026-01-19 13:27:58 - [ACCESS] Usuario admin accedió a index.php
2026-01-19 13:28:29 - [ACCESS] Usuario admin accedió a index.php
2026-01-19 13:29:00 - [ACCESS] Usuario admin accedió a index.php
2026-01-19 13:29:32 - [ACCESS] Usuario admin accedió a index.php
2026-01-19 13:30:04 - [ACCESS] Usuario admin accedió a index.php
2026-01-19 13:30:36 - [ACCESS] Usuario admin accedió a index.php
2026-01-19 13:31:08 - [ACCESS] Usuario admin accedió a index.php
2026-01-19 13:31:40 - [ACCESS] Usuario admin accedió a index.php
2026-01-19 13:32:12 - [ACCESS] Usuario admin accedió a index.php
2026-01-19 13:32:44 - [ACCESS] Usuario admin accedió a index.php
2026-01-19 13:33:16 - [ACCESS] Usuario admin accedió a index.php
2026-01-19 13:33:48 - [ACCESS] Usuario admin accedió a index.php
2026-01-19 13:34:20 - [ACCESS] Usuario admin accedió a index.php
2026-01-19 13:34:52 - [ACCESS] Usuario admin accedió a index.php
2026-01-19 13:36:01 - [ACCESS] Usuario admin accedió a index.php
2026-01-19 13:36:33 - [ACCESS] Usuario admin accedió a index.php
2026-01-19 13:37:05 - [ACCESS] Usuario admin accedió a index.php
2026-01-19 13:37:37 - [ACCESS] Usuario admin accedió a index.php
2026-01-19 13:38:09 - [ACCESS] Usuario admin accedió a index.php
2026-01-19 13:38:41 - [ACCESS] Usuario admin accedió a index.php
2026-01-19 13:39:12 - [ACCESS] Usuario admin accedió a index.php
2026-01-19 13:39:44 - [ACCESS] Usuario admin accedió a index.php
2026-01-19 13:40:16 - [ACCESS] Usuario admin accedió a index.php
2026-01-19 13:40:48 - [ACCESS] Usuario admin accedió a index.php
2026-01-19 13:41:20 - [ACCESS] Usuario admin accedió a index.php
2026-01-19 13:41:52 - [ACCESS] Usuario admin accedió a index.php
2026-01-19 13:42:24 - [ACCESS] Usuario admin accedió a index.php
2026-01-19 13:42:56 - [ACCESS] Usuario admin accedió a index.php
2026-01-19 13:43:28 - [ACCESS] Usuario admin accedió a index.php
2026-01-19 13:44:00 - [ACCESS] Usuario admin accedió a index.php
2026-01-19 13:44:32 - [ACCESS] Usuario admin accedió a index.php
2026-01-19 13:45:04 - [ACCESS] Usuario admin accedió a index.php
2026-01-19 13:45:36 - [ACCESS] Usuario admin accedió a index.php
2026-01-19 13:46:08 - [ACCESS] Usuario admin accedió a index.php
2026-01-19 13:46:39 - [ACCESS] Usuario admin accedió a index.php
2026-01-19 13:47:11 - [ACCESS] Usuario admin accedió a index.php
2026-01-19 13:47:43 - [ACCESS] Usuario admin accedió a index.php
2026-01-19 13:48:15 - [ACCESS] Usuario admin accedió a index.php
2026-01-19 13:48:47 - [ACCESS] Usuario admin accedió a index.php
2026-01-19 13:49:19 - [ACCESS] Usuario admin accedió a index.php
2026-01-19 13:49:51 - [ACCESS] Usuario admin accedió a index.php
2026-01-19 13:50:23 - [ACCESS] Usuario admin accedió a index.php
2026-01-19 13:50:55 - [ACCESS] Usuario admin accedió a index.php
2026-01-19 13:51:27 - [ACCESS] Usuario admin accedió a index.php
2026-01-19 13:51:59 - [ACCESS] Usuario admin accedió a index.php
2026-01-19 13:52:31 - [ACCESS] Usuario admin accedió a index.php
2026-01-19 13:53:03 - [ACCESS] Usuario admin accedió a index.php
2026-01-19 13:53:35 - [ACCESS] Usuario admin accedió a index.php
2026-01-19 13:54:07 - [ACCESS] Usuario admin accedió a index.php
2026-01-19 13:54:39 - [ACCESS] Usuario admin accedió a index.php
2026-01-19 13:55:11 - [ACCESS] Usuario admin accedió a index.php
2026-01-19 13:55:43 - [ACCESS] Usuario admin accedió a index.php
2026-01-19 13:56:15 - [ACCESS] Usuario admin accedió a index.php
2026-01-19 13:56:47 - [ACCESS] Usuario admin accedió a index.php
2026-01-19 13:57:19 - [ACCESS] Usuario admin accedió a index.php
2026-01-19 13:57:51 - [ACCESS] Usuario admin accedió a index.php
2026-01-19 13:58:23 - [ACCESS] Usuario admin accedió a index.php
2026-01-19 13:58:55 - [ACCESS] Usuario admin accedió a index.php
2026-01-19 13:59:27 - [ACCESS] Usuario admin accedió a index.php
2026-01-19 13:59:59 - [ACCESS] Usuario admin accedió a index.php
2026-01-19 14:00:31 - [ACCESS] Usuario admin accedió a index.php
2026-01-19 14:01:03 - [ACCESS] Usuario admin accedió a index.php
2026-01-19 14:01:35 - [ACCESS] Usuario admin accedió a index.php
2026-01-19 14:02:07 - [ACCESS] Usuario admin accedió a index.php
2026-01-19 14:02:39 - [ACCESS] Usuario admin accedió a index.php
2026-01-19 14:03:11 - [ACCESS] Usuario admin accedió a index.php
2026-01-19 14:03:43 - [ACCESS] Usuario admin accedió a index.php
2026-01-19 14:04:15 - [ACCESS] Usuario admin accedió a index.php
2026-01-19 14:04:47 - [ACCESS] Usuario admin accedió a index.php
2026-01-19 14:05:19 - [ACCESS] Usuario admin accedió a index.php
2026-01-19 14:05:51 - [ACCESS] Usuario admin accedió a index.php
2026-01-19 14:06:23 - [ACCESS] Usuario admin accedió a index.php
2026-01-19 14:06:55 - [ACCESS] Usuario admin accedió a index.php
2026-01-19 14:07:26 - [ACCESS] Usuario admin accedió a index.php
2026-01-19 14:07:58 - [ACCESS] Usuario admin accedió a index.php
2026-01-19 14:08:30 - [ACCESS] Usuario admin accedió a index.php
2026-01-19 14:09:02 - [ACCESS] Usuario admin accedió a index.php
2026-01-19 14:09:34 - [ACCESS] Usuario admin accedió a index.php
2026-01-19 14:10:06 - [ACCESS] Usuario admin accedió a index.php
2026-01-19 14:10:38 - [ACCESS] Usuario admin accedió a index.php
2026-01-19 14:11:10 - [ACCESS] Usuario admin accedió a index.php
2026-01-19 14:11:42 - [ACCESS] Usuario admin accedió a index.php
2026-01-19 14:12:14 - [ACCESS] Usuario admin accedió a index.php
2026-01-19 18:36:45 - [ACCESS] Login exitoso para usuario: admin
2026-01-19 18:36:46 - [ACCESS] Usuario admin accedió a index.php
2026-01-19 18:37:13 - [ACCESS] Usuario admin accedió a pqrs.php
2026-01-19 18:42:06 - [ACCESS] Usuario admin accedió a index.php
2026-01-19 18:42:08 - [ACCESS] Usuario admin accedió a reportes.php
2026-01-20 23:02:46 - [ACCESS] Login exitoso para usuario: admin
2026-01-20 23:02:46 - [ACCESS] Usuario admin accedió a index.php
2026-01-20 23:02:50 - [ACCESS] Usuario admin accedió a reportes.php
2026-01-21 02:01:17 - [ACCESS] Login exitoso para usuario: admin
2026-01-21 02:01:17 - [ACCESS] Usuario admin accedió a index.php
2026-01-21 02:01:26 - [ACCESS] Usuario admin accedió a reportes.php
2026-01-21 02:20:50 - [ACCESS] Usuario admin accedió a reportes.php
2026-01-21 13:18:06 - [ACCESS] Login exitoso para usuario: admin
2026-01-21 13:18:06 - [ACCESS] Usuario admin accedió a index.php
2026-01-21 13:18:12 - [ACCESS] Usuario admin accedió a reportes.php
2026-01-21 13:32:43 - [ACCESS] Login exitoso para usuario: admin
2026-01-21 13:32:43 - [ACCESS] Usuario admin accedió a index.php
2026-01-21 13:33:09 - [ACCESS] Usuario admin accedió a pqrs.php
2026-01-21 13:33:45 - [ACCESS] Usuario admin accedió a festivos.php
2026-01-21 13:33:49 - [ACCESS] Usuario admin accedió a usuarios.php
2026-01-21 13:33:59 - [ACCESS] Usuario admin accedió a estado.php
2026-01-21 13:34:09 - [ACCESS] Usuario admin accedió a reportes.php
2026-01-21 13:34:40 - [ACCESS] Usuario admin accedió a index.php
2026-01-21 13:35:12 - [ACCESS] Usuario admin accedió a index.php
2026-01-21 13:35:44 - [ACCESS] Usuario admin accedió a index.php
2026-01-21 13:36:16 - [ACCESS] Usuario admin accedió a index.php
2026-01-21 13:36:48 - [ACCESS] Usuario admin accedió a index.php
2026-01-21 13:37:20 - [ACCESS] Usuario admin accedió a index.php
2026-01-21 15:47:53 - [ACCESS] Login exitoso para usuario: admin
2026-01-21 15:47:53 - [ACCESS] Usuario admin accedió a index.php
2026-01-21 15:47:56 - [ACCESS] Usuario admin accedió a pqrs.php
2026-01-21 19:14:04 - [ACCESS] Login exitoso para usuario: admin
2026-01-21 19:14:04 - [ACCESS] Usuario admin accedió a index.php
2026-01-21 19:14:07 - [ACCESS] Usuario admin accedió a reportes.php
2026-01-21 21:56:23 - [ACCESS] Login exitoso para usuario: admin
2026-01-21 21:56:23 - [ACCESS] Usuario admin accedió a index.php
2026-01-21 21:56:26 - [ACCESS] Usuario admin accedió a reportes.php
2026-01-22 15:57:22 - [ACCESS] Login exitoso para usuario: admin
2026-01-22 15:57:22 - [ACCESS] Usuario admin accedió a index.php
2026-01-22 15:57:31 - [ACCESS] Usuario admin accedió a reportes.php
2026-01-22 15:59:49 - [ACCESS] Usuario admin accedió a pqrs.php
2026-01-22 16:00:30 - [ACCESS] Usuario admin accedió a pqrs.php
2026-01-22 16:00:32 - [ACCESS] Usuario admin accedió a reportes.php
2026-01-22 23:08:11 - [SECURITY] Intento de login fallido para usuario: directoradeexperiencia
2026-01-23 01:18:25 - [ACCESS] Login exitoso para usuario: admin
2026-01-23 01:18:26 - [ACCESS] Usuario admin accedió a index.php
2026-01-23 01:18:28 - [ACCESS] Usuario admin accedió a reportes.php
2026-01-23 01:18:33 - [ACCESS] Usuario admin accedió a pqrs.php
2026-01-23 01:30:39 - [ACCESS] Usuario admin accedió a pqrs.php
2026-01-23 01:30:45 - [ACCESS] Usuario admin accedió a pqrs.php
2026-01-23 01:30:49 - [ACCESS] Usuario admin accedió a reportes.php
2026-01-23 01:32:55 - [ACCESS] Usuario admin accedió a index.php
2026-01-23 01:32:57 - [ACCESS] Usuario admin accedió a reportes.php
2026-01-23 18:52:21 - [ACCESS] Login exitoso para usuario: admin
2026-01-23 18:52:21 - [ACCESS] Usuario admin accedió a index.php
2026-01-23 18:52:25 - [ACCESS] Usuario admin accedió a reportes.php
2026-01-23 18:52:29 - [ACCESS] Usuario admin accedió a pqrs.php
2026-01-23 21:31:19 - [ACCESS] Login exitoso para usuario: admin
2026-01-23 21:31:19 - [ACCESS] Usuario admin accedió a index.php
2026-01-23 21:31:23 - [ACCESS] Usuario admin accedió a reportes.php
2026-01-23 21:31:25 - [ACCESS] Usuario admin accedió a pqrs.php
2026-01-23 21:39:54 - [ACCESS] Usuario admin accedió a pqrs.php
2026-01-24 02:39:06 - [ACCESS] Login exitoso para usuario: admin
2026-01-24 02:39:06 - [ACCESS] Usuario admin accedió a index.php
2026-01-24 02:39:10 - [ACCESS] Usuario admin accedió a reportes.php
2026-01-24 02:39:16 - [ACCESS] Usuario admin accedió a pqrs.php
2026-01-24 03:41:16 - [ACCESS] Login exitoso para usuario: admin
2026-01-24 03:41:16 - [ACCESS] Usuario admin accedió a index.php
2026-01-24 03:41:49 - [ACCESS] Usuario admin accedió a index.php
2026-01-24 03:42:22 - [ACCESS] Usuario admin accedió a index.php
2026-01-24 03:42:54 - [ACCESS] Usuario admin accedió a index.php
2026-01-24 03:43:26 - [ACCESS] Usuario admin accedió a index.php
2026-01-24 03:43:58 - [ACCESS] Usuario admin accedió a index.php
2026-01-24 03:44:30 - [ACCESS] Usuario admin accedió a index.php
2026-01-24 03:45:02 - [ACCESS] Usuario admin accedió a index.php
2026-01-24 03:45:34 - [ACCESS] Usuario admin accedió a index.php
2026-01-24 03:46:06 - [ACCESS] Usuario admin accedió a index.php
2026-01-24 03:46:38 - [ACCESS] Usuario admin accedió a index.php
2026-01-24 03:47:10 - [ACCESS] Usuario admin accedió a index.php
2026-01-24 03:47:42 - [ACCESS] Usuario admin accedió a index.php
2026-01-24 03:48:14 - [ACCESS] Usuario admin accedió a index.php
2026-01-24 03:48:44 - [ACCESS] Usuario admin accedió a index.php
2026-01-24 03:48:49 - [ACCESS] Usuario admin accedió a reportes.php
2026-01-26 20:32:08 - [ACCESS] Login exitoso para usuario: admin
2026-01-26 20:32:09 - [ACCESS] Usuario admin accedió a index.php
2026-01-26 20:32:13 - [ACCESS] Usuario admin accedió a pqrs.php
2026-01-26 20:32:15 - [ACCESS] Usuario admin accedió a reportes.php
2026-01-26 20:32:22 - [ACCESS] Usuario admin accedió a pqrs.php
2026-01-26 21:10:11 - [ACCESS] Login exitoso para usuario: admin
2026-01-26 21:10:11 - [ACCESS] Usuario admin accedió a index.php
2026-01-26 21:10:15 - [ACCESS] Usuario admin accedió a pqrs.php
2026-01-26 21:10:49 - [ACCESS] Usuario admin accedió a pqrs.php
2026-01-26 21:10:54 - [ACCESS] Usuario admin accedió a reportes.php
2026-01-27 00:10:38 - [ACCESS] Login exitoso para usuario: admin
2026-01-27 00:10:38 - [ACCESS] Usuario admin accedió a index.php
2026-01-27 00:10:41 - [ACCESS] Usuario admin accedió a reportes.php
2026-01-27 00:10:45 - [ACCESS] Usuario admin accedió a reportes.php
2026-01-27 00:10:46 - [ACCESS] Usuario admin accedió a pqrs.php
2026-01-27 14:31:29 - [ACCESS] Login exitoso para usuario: admin
2026-01-27 14:31:29 - [ACCESS] Usuario admin accedió a index.php
2026-01-27 14:31:49 - [ACCESS] Usuario admin accedió a reportes.php
2026-01-27 14:31:52 - [ACCESS] Usuario admin accedió a pqrs.php
2026-01-27 15:34:31 - [ACCESS] Login exitoso para usuario: admin
2026-01-27 15:34:31 - [ACCESS] Usuario admin accedió a index.php
2026-01-27 15:34:39 - [ACCESS] Usuario admin accedió a index.php
2026-01-27 15:35:10 - [ACCESS] Usuario admin accedió a index.php
2026-01-27 15:35:42 - [ACCESS] Usuario admin accedió a index.php
2026-01-27 15:36:14 - [ACCESS] Usuario admin accedió a index.php
2026-01-27 15:36:46 - [ACCESS] Usuario admin accedió a index.php
2026-01-27 15:37:18 - [ACCESS] Usuario admin accedió a index.php
2026-01-27 15:37:50 - [ACCESS] Usuario admin accedió a index.php
2026-01-27 15:38:22 - [ACCESS] Usuario admin accedió a index.php
2026-01-27 15:38:54 - [ACCESS] Usuario admin accedió a index.php
2026-01-27 15:39:26 - [ACCESS] Usuario admin accedió a index.php
2026-01-27 15:39:58 - [ACCESS] Usuario admin accedió a index.php
2026-01-27 15:40:30 - [ACCESS] Usuario admin accedió a index.php
2026-01-27 15:41:02 - [ACCESS] Usuario admin accedió a index.php
2026-01-27 15:41:34 - [ACCESS] Usuario admin accedió a index.php
2026-01-27 15:42:06 - [ACCESS] Usuario admin accedió a index.php
2026-01-27 15:47:25 - [ACCESS] Usuario admin accedió a index.php
2026-01-27 15:47:57 - [ACCESS] Usuario admin accedió a index.php
2026-01-27 15:48:29 - [ACCESS] Usuario admin accedió a index.php
2026-01-27 15:49:01 - [ACCESS] Usuario admin accedió a index.php
2026-01-27 15:49:33 - [ACCESS] Usuario admin accedió a index.php
2026-01-27 15:50:05 - [ACCESS] Usuario admin accedió a index.php
2026-01-27 15:50:37 - [ACCESS] Usuario admin accedió a index.php
2026-01-27 15:51:09 - [ACCESS] Usuario admin accedió a index.php
2026-01-27 15:51:41 - [ACCESS] Usuario admin accedió a index.php
2026-01-27 15:52:13 - [ACCESS] Usuario admin accedió a index.php
2026-01-27 15:52:45 - [ACCESS] Usuario admin accedió a index.php
2026-01-27 15:53:17 - [ACCESS] Usuario admin accedió a index.php
2026-01-27 15:53:49 - [ACCESS] Usuario admin accedió a index.php
2026-01-27 15:54:21 - [ACCESS] Usuario admin accedió a index.php
2026-01-27 15:54:53 - [ACCESS] Usuario admin accedió a index.php
2026-01-27 15:55:25 - [ACCESS] Usuario admin accedió a index.php
2026-01-27 15:55:57 - [ACCESS] Usuario admin accedió a index.php
2026-01-27 15:56:29 - [ACCESS] Usuario admin accedió a index.php
2026-01-27 15:57:01 - [ACCESS] Usuario admin accedió a index.php
2026-01-27 15:57:34 - [ACCESS] Usuario admin accedió a index.php
2026-01-27 15:58:06 - [ACCESS] Usuario admin accedió a index.php
2026-01-27 15:58:38 - [ACCESS] Usuario admin accedió a index.php
2026-01-27 15:59:10 - [ACCESS] Usuario admin accedió a index.php
2026-01-27 15:59:42 - [ACCESS] Usuario admin accedió a index.php
2026-01-27 16:00:14 - [ACCESS] Usuario admin accedió a index.php
2026-01-27 16:00:46 - [ACCESS] Usuario admin accedió a index.php
2026-01-27 16:01:18 - [ACCESS] Usuario admin accedió a index.php
2026-01-27 16:01:51 - [ACCESS] Usuario admin accedió a index.php
2026-01-27 16:02:23 - [ACCESS] Usuario admin accedió a index.php
2026-01-27 16:02:55 - [ACCESS] Usuario admin accedió a index.php
2026-01-27 16:03:27 - [ACCESS] Usuario admin accedió a index.php
2026-01-27 16:03:59 - [ACCESS] Usuario admin accedió a index.php
2026-01-27 16:04:31 - [ACCESS] Usuario admin accedió a index.php
2026-01-27 16:05:03 - [ACCESS] Usuario admin accedió a index.php
2026-01-27 16:05:35 - [ACCESS] Usuario admin accedió a index.php
2026-01-27 16:06:07 - [ACCESS] Usuario admin accedió a index.php
2026-01-27 16:06:39 - [ACCESS] Usuario admin accedió a index.php
2026-01-27 16:07:11 - [ACCESS] Usuario admin accedió a index.php
2026-01-27 16:07:43 - [ACCESS] Usuario admin accedió a index.php
2026-01-27 16:08:15 - [ACCESS] Usuario admin accedió a index.php
2026-01-27 16:08:47 - [ACCESS] Usuario admin accedió a index.php
2026-01-27 16:09:19 - [ACCESS] Usuario admin accedió a index.php
2026-01-27 16:09:51 - [ACCESS] Usuario admin accedió a index.php
2026-01-27 16:10:23 - [ACCESS] Usuario admin accedió a index.php
2026-01-27 16:10:55 - [ACCESS] Usuario admin accedió a index.php
2026-01-27 16:11:27 - [ACCESS] Usuario admin accedió a index.php
2026-01-27 16:11:59 - [ACCESS] Usuario admin accedió a index.php
2026-01-27 16:12:31 - [ACCESS] Usuario admin accedió a index.php
2026-01-27 16:13:03 - [ACCESS] Usuario admin accedió a index.php
2026-01-27 16:13:35 - [ACCESS] Usuario admin accedió a index.php
2026-01-27 16:14:07 - [ACCESS] Usuario admin accedió a index.php
2026-01-27 16:14:39 - [ACCESS] Usuario admin accedió a index.php
2026-01-27 16:15:11 - [ACCESS] Usuario admin accedió a index.php
2026-01-27 16:15:43 - [ACCESS] Usuario admin accedió a index.php
2026-01-27 16:16:15 - [ACCESS] Usuario admin accedió a index.php
2026-01-27 16:24:45 - [ACCESS] Usuario admin accedió a index.php
2026-01-27 16:25:17 - [ACCESS] Usuario admin accedió a index.php
2026-01-27 16:25:49 - [ACCESS] Usuario admin accedió a index.php
2026-01-27 16:26:21 - [ACCESS] Usuario admin accedió a index.php
2026-01-27 16:26:53 - [ACCESS] Usuario admin accedió a index.php
2026-01-27 16:27:25 - [ACCESS] Usuario admin accedió a index.php
2026-01-27 16:27:57 - [ACCESS] Usuario admin accedió a index.php
2026-01-27 16:28:29 - [ACCESS] Usuario admin accedió a index.php
2026-01-27 16:29:01 - [ACCESS] Usuario admin accedió a index.php
2026-01-27 16:29:33 - [ACCESS] Usuario admin accedió a index.php
2026-01-27 16:43:36 - [ACCESS] Usuario admin accedió a index.php
2026-01-27 16:44:08 - [ACCESS] Usuario admin accedió a index.php
2026-01-27 16:44:40 - [ACCESS] Usuario admin accedió a index.php
2026-01-27 16:45:12 - [ACCESS] Usuario admin accedió a index.php
2026-01-27 16:45:44 - [ACCESS] Usuario admin accedió a index.php
2026-01-27 16:46:16 - [ACCESS] Usuario admin accedió a index.php
2026-01-27 16:46:48 - [ACCESS] Usuario admin accedió a index.php
2026-01-27 16:47:20 - [ACCESS] Usuario admin accedió a index.php
2026-01-27 16:47:52 - [ACCESS] Usuario admin accedió a index.php
2026-01-27 16:48:24 - [ACCESS] Usuario admin accedió a index.php
2026-01-27 16:48:56 - [ACCESS] Usuario admin accedió a index.php
2026-01-27 16:49:28 - [ACCESS] Usuario admin accedió a index.php
2026-01-27 16:50:00 - [ACCESS] Usuario admin accedió a index.php
2026-01-27 16:50:32 - [ACCESS] Usuario admin accedió a index.php
2026-01-27 16:51:04 - [ACCESS] Usuario admin accedió a index.php
2026-01-27 16:51:36 - [ACCESS] Usuario admin accedió a index.php
2026-01-27 16:52:08 - [ACCESS] Usuario admin accedió a index.php
2026-01-27 16:52:40 - [ACCESS] Usuario admin accedió a index.php
2026-01-27 16:53:12 - [ACCESS] Usuario admin accedió a index.php
2026-01-27 16:53:44 - [ACCESS] Usuario admin accedió a index.php
2026-01-27 16:54:16 - [ACCESS] Usuario admin accedió a index.php
2026-01-27 16:54:48 - [ACCESS] Usuario admin accedió a index.php
2026-01-27 16:55:20 - [ACCESS] Usuario admin accedió a index.php
2026-01-27 16:55:52 - [ACCESS] Usuario admin accedió a index.php
2026-01-27 16:56:24 - [ACCESS] Usuario admin accedió a index.php
2026-01-27 16:56:56 - [ACCESS] Usuario admin accedió a index.php
2026-01-27 16:57:28 - [ACCESS] Usuario admin accedió a index.php
2026-01-27 16:58:00 - [ACCESS] Usuario admin accedió a index.php
2026-01-27 16:58:32 - [ACCESS] Usuario admin accedió a index.php
2026-01-27 16:59:04 - [ACCESS] Usuario admin accedió a index.php
2026-01-27 16:59:36 - [ACCESS] Usuario admin accedió a index.php
2026-01-27 17:00:08 - [ACCESS] Usuario admin accedió a index.php
2026-01-27 17:00:40 - [ACCESS] Usuario admin accedió a index.php
2026-01-27 17:01:12 - [ACCESS] Usuario admin accedió a index.php
2026-01-27 17:01:44 - [ACCESS] Usuario admin accedió a index.php
2026-01-27 17:02:16 - [ACCESS] Usuario admin accedió a index.php
2026-01-27 17:02:53 - [ACCESS] Usuario admin accedió a index.php
2026-01-27 17:03:25 - [ACCESS] Usuario admin accedió a index.php
2026-01-27 17:03:57 - [ACCESS] Usuario admin accedió a index.php
2026-01-27 17:04:29 - [ACCESS] Usuario admin accedió a index.php
2026-01-27 17:05:01 - [ACCESS] Usuario admin accedió a index.php
2026-01-27 17:05:33 - [ACCESS] Usuario admin accedió a index.php
2026-01-27 17:06:05 - [ACCESS] Usuario admin accedió a index.php
2026-01-27 17:06:37 - [ACCESS] Usuario admin accedió a index.php
2026-01-27 17:07:09 - [ACCESS] Usuario admin accedió a index.php
2026-01-27 17:07:41 - [ACCESS] Usuario admin accedió a index.php
2026-01-27 17:08:13 - [ACCESS] Usuario admin accedió a index.php
2026-01-27 17:08:45 - [ACCESS] Usuario admin accedió a index.php
2026-01-27 17:09:17 - [ACCESS] Usuario admin accedió a index.php
2026-01-27 17:09:49 - [ACCESS] Usuario admin accedió a index.php
2026-01-27 17:10:21 - [ACCESS] Usuario admin accedió a index.php
2026-01-27 17:10:53 - [ACCESS] Usuario admin accedió a index.php
2026-01-27 17:11:25 - [ACCESS] Usuario admin accedió a index.php
2026-01-27 17:11:57 - [ACCESS] Usuario admin accedió a index.php
2026-01-27 17:12:29 - [ACCESS] Usuario admin accedió a index.php
2026-01-27 17:13:01 - [ACCESS] Usuario admin accedió a index.php
2026-01-27 17:13:33 - [ACCESS] Usuario admin accedió a index.php
2026-01-27 17:14:05 - [ACCESS] Usuario admin accedió a index.php
2026-01-27 17:14:37 - [ACCESS] Usuario admin accedió a index.php
2026-01-27 17:15:09 - [ACCESS] Usuario admin accedió a index.php
2026-01-27 17:15:41 - [ACCESS] Usuario admin accedió a index.php
2026-01-27 17:16:13 - [ACCESS] Usuario admin accedió a index.php
2026-01-27 17:16:45 - [ACCESS] Usuario admin accedió a index.php
2026-01-27 17:17:17 - [ACCESS] Usuario admin accedió a index.php
2026-01-27 17:17:49 - [ACCESS] Usuario admin accedió a index.php
2026-01-27 17:18:21 - [ACCESS] Usuario admin accedió a index.php
2026-01-27 17:18:53 - [ACCESS] Usuario admin accedió a index.php
2026-01-27 17:19:25 - [ACCESS] Usuario admin accedió a index.php
2026-01-27 17:19:57 - [ACCESS] Usuario admin accedió a index.php
2026-01-27 17:20:29 - [ACCESS] Usuario admin accedió a index.php
2026-01-27 17:21:01 - [ACCESS] Usuario admin accedió a index.php
2026-01-27 17:21:33 - [ACCESS] Usuario admin accedió a index.php
2026-01-27 17:22:05 - [ACCESS] Usuario admin accedió a index.php
2026-01-27 17:22:37 - [ACCESS] Usuario admin accedió a index.php
2026-01-27 17:23:09 - [ACCESS] Usuario admin accedió a index.php
2026-01-27 17:23:41 - [ACCESS] Usuario admin accedió a index.php
2026-01-27 17:24:13 - [ACCESS] Usuario admin accedió a index.php
2026-01-27 17:24:45 - [ACCESS] Usuario admin accedió a index.php
2026-01-27 17:25:17 - [ACCESS] Usuario admin accedió a index.php
2026-01-27 17:25:49 - [ACCESS] Usuario admin accedió a index.php
2026-01-27 17:26:21 - [ACCESS] Usuario admin accedió a index.php
2026-01-27 17:26:53 - [ACCESS] Usuario admin accedió a index.php
2026-01-27 17:27:25 - [ACCESS] Usuario admin accedió a index.php
2026-01-27 17:27:57 - [ACCESS] Usuario admin accedió a index.php
2026-01-27 19:49:45 - [ACCESS] Login exitoso para usuario: admin
2026-01-27 19:49:46 - [ACCESS] Usuario admin accedió a index.php
2026-01-27 19:49:49 - [ACCESS] Usuario admin accedió a pqrs.php
2026-01-27 23:23:30 - [ACCESS] Login exitoso para usuario: admin
2026-01-27 23:23:30 - [ACCESS] Usuario admin accedió a index.php
2026-01-27 23:23:34 - [ACCESS] Usuario admin accedió a reportes.php
2026-01-27 23:23:37 - [ACCESS] Usuario admin accedió a pqrs.php
2026-01-28 01:30:59 - [ACCESS] Login exitoso para usuario: admin
2026-01-28 01:30:59 - [ACCESS] Usuario admin accedió a index.php
2026-01-28 01:31:11 - [ACCESS] Usuario admin accedió a pqrs.php
2026-01-28 01:31:14 - [ACCESS] Usuario admin accedió a reportes.php
2026-01-28 01:56:55 - [ACCESS] Usuario admin accedió a reportes.php
2026-01-28 12:46:24 - [ACCESS] Login exitoso para usuario: admin
2026-01-28 12:46:24 - [ACCESS] Usuario admin accedió a index.php
2026-01-28 12:46:28 - [ACCESS] Usuario admin accedió a pqrs.php
2026-01-28 12:46:31 - [ACCESS] Usuario admin accedió a reportes.php
2026-01-28 12:47:59 - [ACCESS] Usuario admin accedió a index.php
2026-01-28 12:48:30 - [ACCESS] Usuario admin accedió a index.php
2026-01-28 12:49:01 - [ACCESS] Usuario admin accedió a index.php
2026-01-28 12:49:32 - [ACCESS] Usuario admin accedió a index.php
2026-01-28 12:49:52 - [ACCESS] Usuario admin accedió a pqrs.php
2026-01-28 12:50:34 - [ACCESS] Usuario admin accedió a reportes.php
2026-01-28 12:55:42 - [ACCESS] Usuario admin accedió a reportes.php
2026-01-28 12:55:51 - [ACCESS] Usuario admin accedió a pqrs.php
2026-01-28 13:30:52 - [ACCESS] Login exitoso para usuario: admin
2026-01-28 13:30:52 - [ACCESS] Usuario admin accedió a index.php
2026-01-28 13:31:00 - [ACCESS] Usuario admin accedió a reportes.php
2026-01-28 16:41:14 - [ACCESS] Login exitoso para usuario: admin
2026-01-28 16:41:14 - [ACCESS] Usuario admin accedió a index.php
2026-01-28 16:41:39 - [ACCESS] Usuario admin accedió a reportes.php
2026-01-28 16:48:26 - [ACCESS] Usuario admin accedió a reportes.php
2026-01-28 17:16:13 - [ACCESS] Usuario admin accedió a reportes.php
2026-01-28 17:16:19 - [ACCESS] Usuario admin accedió a reportes.php
2026-01-28 18:40:53 - [ACCESS] Login exitoso para usuario: admin
2026-01-28 18:40:53 - [ACCESS] Usuario admin accedió a index.php
2026-01-28 18:41:01 - [ACCESS] Usuario admin accedió a reportes.php
2026-01-28 18:51:19 - [ACCESS] Usuario admin accedió a reportes.php
2026-01-28 18:51:32 - [ACCESS] Usuario admin accedió a reportes.php
2026-01-28 20:07:17 - [ACCESS] Login exitoso para usuario: admin
2026-01-28 20:07:17 - [ACCESS] Usuario admin accedió a index.php
2026-01-28 20:07:49 - [ACCESS] Usuario admin accedió a index.php
2026-01-28 20:08:21 - [ACCESS] Usuario admin accedió a index.php
2026-01-28 20:08:53 - [ACCESS] Usuario admin accedió a index.php
2026-01-28 20:09:25 - [ACCESS] Usuario admin accedió a index.php
2026-01-28 20:09:57 - [ACCESS] Usuario admin accedió a index.php
2026-01-28 20:10:29 - [ACCESS] Usuario admin accedió a index.php
2026-01-28 20:11:01 - [ACCESS] Usuario admin accedió a index.php
2026-01-28 20:11:05 - [ACCESS] Usuario admin accedió a index.php
2026-01-28 20:11:09 - [ACCESS] Usuario admin accedió a pqrs.php
2026-01-28 20:11:12 - [ACCESS] Usuario admin accedió a index.php
2026-01-28 20:11:43 - [ACCESS] Usuario admin accedió a index.php
2026-01-28 20:12:15 - [ACCESS] Usuario admin accedió a index.php
2026-01-28 20:12:47 - [ACCESS] Usuario admin accedió a index.php
2026-01-28 20:13:19 - [ACCESS] Usuario admin accedió a index.php
2026-01-28 20:13:51 - [ACCESS] Usuario admin accedió a index.php
2026-01-28 20:14:23 - [ACCESS] Usuario admin accedió a index.php
2026-01-28 20:14:55 - [ACCESS] Usuario admin accedió a index.php
2026-01-28 20:15:27 - [ACCESS] Usuario admin accedió a index.php
2026-01-28 20:15:59 - [ACCESS] Usuario admin accedió a index.php
2026-01-28 20:16:31 - [ACCESS] Usuario admin accedió a index.php
2026-01-28 20:18:08 - [ACCESS] Usuario admin accedió a index.php
2026-01-28 20:18:40 - [ACCESS] Usuario admin accedió a index.php
2026-01-28 20:19:14 - [ACCESS] Usuario admin accedió a index.php
2026-01-28 20:19:46 - [ACCESS] Usuario admin accedió a index.php
2026-01-28 20:20:18 - [ACCESS] Usuario admin accedió a index.php
2026-01-28 20:20:50 - [ACCESS] Usuario admin accedió a index.php
2026-01-28 20:21:22 - [ACCESS] Usuario admin accedió a index.php
2026-01-28 20:21:54 - [ACCESS] Usuario admin accedió a index.php
2026-01-28 20:22:26 - [ACCESS] Usuario admin accedió a index.php
2026-01-28 20:22:58 - [ACCESS] Usuario admin accedió a index.php
2026-01-28 20:23:30 - [ACCESS] Usuario admin accedió a index.php
2026-01-28 20:24:02 - [ACCESS] Usuario admin accedió a index.php
2026-01-28 20:24:34 - [ACCESS] Usuario admin accedió a index.php
2026-01-28 20:24:39 - [ACCESS] Usuario admin accedió a index.php
2026-01-28 20:24:43 - [ACCESS] Usuario admin accedió a reportes.php
2026-01-28 20:41:00 - [ACCESS] Usuario admin accedió a reportes.php
2026-01-28 21:13:16 - [ACCESS] Usuario admin accedió a reportes.php
2026-01-28 21:13:23 - [ACCESS] Usuario admin accedió a reportes.php
2026-01-28 21:13:28 - [ACCESS] Usuario admin accedió a index.php
2026-01-28 21:13:33 - [ACCESS] Usuario admin accedió a pqrs.php
2026-01-29 13:13:17 - [ACCESS] Login exitoso para usuario: admin
2026-01-29 13:13:17 - [ACCESS] Usuario admin accedió a index.php
2026-01-29 13:13:49 - [ACCESS] Usuario admin accedió a index.php
2026-01-29 13:14:21 - [ACCESS] Usuario admin accedió a index.php
2026-01-29 13:14:53 - [ACCESS] Usuario admin accedió a index.php
2026-01-29 13:15:25 - [ACCESS] Usuario admin accedió a index.php
2026-01-29 13:15:57 - [ACCESS] Usuario admin accedió a index.php
2026-01-29 13:16:29 - [ACCESS] Usuario admin accedió a index.php
2026-01-29 13:17:01 - [ACCESS] Usuario admin accedió a index.php
2026-01-29 13:17:33 - [ACCESS] Usuario admin accedió a index.php
2026-01-29 13:18:05 - [ACCESS] Usuario admin accedió a index.php
2026-01-29 13:18:47 - [ACCESS] Usuario admin accedió a index.php
2026-01-29 13:19:19 - [ACCESS] Usuario admin accedió a index.php
2026-01-29 13:19:51 - [ACCESS] Usuario admin accedió a index.php
2026-01-29 13:20:23 - [ACCESS] Usuario admin accedió a index.php
2026-01-29 13:20:55 - [ACCESS] Usuario admin accedió a index.php
2026-01-29 13:21:27 - [ACCESS] Usuario admin accedió a index.php
2026-01-29 13:21:59 - [ACCESS] Usuario admin accedió a index.php
2026-01-29 13:22:31 - [ACCESS] Usuario admin accedió a index.php
2026-01-29 13:23:03 - [ACCESS] Usuario admin accedió a index.php
2026-01-29 13:23:35 - [ACCESS] Usuario admin accedió a index.php
2026-01-29 13:24:07 - [ACCESS] Usuario admin accedió a index.php
2026-01-29 13:24:39 - [ACCESS] Usuario admin accedió a index.php
2026-01-29 13:25:11 - [ACCESS] Usuario admin accedió a index.php
2026-01-29 13:25:43 - [ACCESS] Usuario admin accedió a index.php
2026-01-29 13:26:15 - [ACCESS] Usuario admin accedió a index.php
2026-01-29 13:26:47 - [ACCESS] Usuario admin accedió a index.php
2026-01-29 13:27:19 - [ACCESS] Usuario admin accedió a index.php
2026-01-29 13:27:51 - [ACCESS] Usuario admin accedió a index.php
2026-01-29 13:28:23 - [ACCESS] Usuario admin accedió a index.php
2026-01-29 13:28:55 - [ACCESS] Usuario admin accedió a index.php
2026-01-29 13:29:27 - [ACCESS] Usuario admin accedió a index.php
2026-01-29 13:29:59 - [ACCESS] Usuario admin accedió a index.php
2026-01-29 13:30:31 - [ACCESS] Usuario admin accedió a index.php
2026-01-29 13:31:03 - [ACCESS] Usuario admin accedió a index.php
2026-01-29 13:31:35 - [ACCESS] Usuario admin accedió a index.php
2026-01-29 13:32:07 - [ACCESS] Usuario admin accedió a index.php
2026-01-29 13:32:39 - [ACCESS] Usuario admin accedió a index.php
2026-01-29 13:33:11 - [ACCESS] Usuario admin accedió a index.php
2026-01-29 13:33:43 - [ACCESS] Usuario admin accedió a index.php
2026-01-29 13:34:15 - [ACCESS] Usuario admin accedió a index.php
2026-01-29 13:34:47 - [ACCESS] Usuario admin accedió a index.php
2026-01-29 13:35:19 - [ACCESS] Usuario admin accedió a index.php
2026-01-29 13:35:51 - [ACCESS] Usuario admin accedió a index.php
2026-01-29 13:36:23 - [ACCESS] Usuario admin accedió a index.php
2026-01-29 13:36:55 - [ACCESS] Usuario admin accedió a index.php
2026-01-29 13:37:27 - [ACCESS] Usuario admin accedió a index.php
2026-01-29 13:37:59 - [ACCESS] Usuario admin accedió a index.php
2026-01-29 13:38:31 - [ACCESS] Usuario admin accedió a index.php
2026-01-29 13:39:03 - [ACCESS] Usuario admin accedió a index.php
2026-01-29 13:39:35 - [ACCESS] Usuario admin accedió a index.php
2026-01-29 13:40:07 - [ACCESS] Usuario admin accedió a index.php
2026-01-29 13:40:39 - [ACCESS] Usuario admin accedió a index.php
2026-01-29 13:41:11 - [ACCESS] Usuario admin accedió a index.php
2026-01-29 13:41:43 - [ACCESS] Usuario admin accedió a index.php
2026-01-29 13:42:15 - [ACCESS] Usuario admin accedió a index.php
2026-01-29 13:42:47 - [ACCESS] Usuario admin accedió a index.php
2026-01-29 13:43:19 - [ACCESS] Usuario admin accedió a index.php
2026-01-29 13:43:51 - [ACCESS] Usuario admin accedió a index.php
2026-01-29 13:44:23 - [ACCESS] Usuario admin accedió a index.php
2026-01-29 13:44:55 - [ACCESS] Usuario admin accedió a index.php
2026-01-29 13:45:27 - [ACCESS] Usuario admin accedió a index.php
2026-01-29 13:45:59 - [ACCESS] Usuario admin accedió a index.php
2026-01-29 13:46:31 - [ACCESS] Usuario admin accedió a index.php
2026-01-29 13:47:03 - [ACCESS] Usuario admin accedió a index.php
2026-01-29 13:47:35 - [ACCESS] Usuario admin accedió a index.php
2026-01-29 13:48:07 - [ACCESS] Usuario admin accedió a index.php
2026-01-29 13:48:39 - [ACCESS] Usuario admin accedió a index.php
2026-01-29 13:49:11 - [ACCESS] Usuario admin accedió a index.php
2026-01-29 13:49:43 - [ACCESS] Usuario admin accedió a index.php
2026-01-29 13:50:15 - [ACCESS] Usuario admin accedió a index.php
2026-01-29 13:50:47 - [ACCESS] Usuario admin accedió a index.php
2026-01-29 13:51:19 - [ACCESS] Usuario admin accedió a index.php
2026-01-29 13:52:01 - [ACCESS] Usuario admin accedió a index.php
2026-01-29 13:52:33 - [ACCESS] Usuario admin accedió a index.php
2026-01-29 13:53:05 - [ACCESS] Usuario admin accedió a index.php
2026-01-29 13:53:37 - [ACCESS] Usuario admin accedió a index.php
2026-01-29 13:54:09 - [ACCESS] Usuario admin accedió a index.php
2026-01-29 13:54:41 - [ACCESS] Usuario admin accedió a index.php
2026-01-29 13:55:13 - [ACCESS] Usuario admin accedió a index.php
2026-01-29 13:55:45 - [ACCESS] Usuario admin accedió a index.php
2026-01-29 13:56:17 - [ACCESS] Usuario admin accedió a index.php
2026-01-29 13:56:49 - [ACCESS] Usuario admin accedió a index.php
2026-01-29 13:57:21 - [ACCESS] Usuario admin accedió a index.php
2026-01-29 13:57:53 - [ACCESS] Usuario admin accedió a index.php
2026-01-29 13:58:25 - [ACCESS] Usuario admin accedió a index.php
2026-01-29 13:58:57 - [ACCESS] Usuario admin accedió a index.php
2026-01-29 13:59:29 - [ACCESS] Usuario admin accedió a index.php
2026-01-29 14:00:01 - [ACCESS] Usuario admin accedió a index.php
2026-01-29 14:00:33 - [ACCESS] Usuario admin accedió a index.php
2026-01-29 14:01:05 - [ACCESS] Usuario admin accedió a index.php
2026-01-29 14:01:37 - [ACCESS] Usuario admin accedió a index.php
2026-01-29 14:02:09 - [ACCESS] Usuario admin accedió a index.php
2026-01-29 14:02:41 - [ACCESS] Usuario admin accedió a index.php
2026-01-29 14:03:13 - [ACCESS] Usuario admin accedió a index.php
2026-01-29 14:03:45 - [ACCESS] Usuario admin accedió a index.php
2026-01-29 14:04:17 - [ACCESS] Usuario admin accedió a index.php
2026-01-29 14:04:49 - [ACCESS] Usuario admin accedió a index.php
2026-01-29 14:05:21 - [ACCESS] Usuario admin accedió a index.php
2026-01-29 14:05:53 - [ACCESS] Usuario admin accedió a index.php
2026-01-29 14:06:25 - [ACCESS] Usuario admin accedió a index.php
2026-01-29 14:06:57 - [ACCESS] Usuario admin accedió a index.php
2026-01-29 14:07:29 - [ACCESS] Usuario admin accedió a index.php
2026-01-29 14:08:01 - [ACCESS] Usuario admin accedió a index.php
2026-01-29 14:08:33 - [ACCESS] Usuario admin accedió a index.php
2026-01-29 14:09:05 - [ACCESS] Usuario admin accedió a index.php
2026-01-29 14:09:37 - [ACCESS] Usuario admin accedió a index.php
2026-01-29 14:10:09 - [ACCESS] Usuario admin accedió a index.php
2026-01-29 14:10:41 - [ACCESS] Usuario admin accedió a index.php
2026-01-29 14:11:16 - [ACCESS] Usuario admin accedió a index.php
2026-01-29 14:11:48 - [ACCESS] Usuario admin accedió a index.php
2026-01-29 14:12:20 - [ACCESS] Usuario admin accedió a index.php
2026-01-29 14:12:52 - [ACCESS] Usuario admin accedió a index.php
2026-01-29 14:57:06 - [ACCESS] Usuario admin accedió a index.php
2026-01-29 14:57:38 - [ACCESS] Usuario admin accedió a index.php
2026-01-29 14:57:53 - [ACCESS] Usuario admin accedió a index.php
2026-01-29 14:57:57 - [ACCESS] Usuario admin accedió a reportes.php
2026-01-29 14:57:59 - [ACCESS] Usuario admin accedió a index.php
2026-01-29 14:58:32 - [ACCESS] Usuario admin accedió a index.php
2026-01-29 14:59:04 - [ACCESS] Usuario admin accedió a index.php
2026-01-29 14:59:37 - [ACCESS] Usuario admin accedió a index.php
2026-01-29 15:00:09 - [ACCESS] Usuario admin accedió a index.php
2026-01-29 15:00:41 - [ACCESS] Usuario admin accedió a index.php
2026-01-29 15:01:13 - [ACCESS] Usuario admin accedió a index.php
2026-01-29 15:01:34 - [ACCESS] Usuario admin accedió a pqrs.php
2026-01-29 15:01:37 - [ACCESS] Usuario admin accedió a reportes.php
2026-01-29 19:38:40 - [ACCESS] Login exitoso para usuario: admin
2026-01-29 19:38:40 - [ACCESS] Usuario admin accedió a index.php
2026-01-29 19:38:44 - [ACCESS] Usuario admin accedió a pqrs.php
2026-01-29 19:38:47 - [ACCESS] Usuario admin accedió a reportes.php
2026-01-29 21:40:31 - [ACCESS] Login exitoso para usuario: admin
2026-01-29 21:40:31 - [ACCESS] Usuario admin accedió a index.php
2026-01-29 21:41:02 - [ACCESS] Usuario admin accedió a index.php
2026-01-29 21:41:02 - [ACCESS] Usuario admin accedió a reportes.php
2026-01-29 22:07:02 - [ACCESS] Usuario admin accedió a index.php
2026-01-29 23:56:15 - [ACCESS] Login exitoso para usuario: admin
2026-01-29 23:56:15 - [ACCESS] Usuario admin accedió a index.php
2026-01-29 23:56:47 - [ACCESS] Usuario admin accedió a index.php
2026-01-29 23:57:19 - [ACCESS] Usuario admin accedió a index.php
2026-01-29 23:57:51 - [ACCESS] Usuario admin accedió a index.php
2026-01-29 23:58:23 - [ACCESS] Usuario admin accedió a index.php
2026-01-29 23:58:55 - [ACCESS] Usuario admin accedió a index.php
2026-01-30 13:33:47 - [ACCESS] Login exitoso para usuario: admin
2026-01-30 13:33:47 - [ACCESS] Usuario admin accedió a index.php
2026-01-30 13:33:53 - [ACCESS] Usuario admin accedió a reportes.php
2026-01-30 13:34:00 - [ACCESS] Usuario admin accedió a pqrs.php
2026-01-30 17:56:57 - [ACCESS] Login exitoso para usuario: admin
2026-01-30 17:56:57 - [ACCESS] Usuario admin accedió a index.php
2026-01-30 17:57:06 - [ACCESS] Usuario admin accedió a pqrs.php
2026-01-30 17:57:08 - [ACCESS] Usuario admin accedió a reportes.php
2026-01-30 19:10:21 - [ACCESS] Login exitoso para usuario: admin
2026-01-30 19:10:24 - [ACCESS] Usuario admin accedió a index.php
2026-01-30 19:10:36 - [ACCESS] Usuario admin accedió a reportes.php
2026-02-02 16:28:26 - [ACCESS] Login exitoso para usuario: admin
2026-02-02 16:28:26 - [ACCESS] Usuario admin accedió a index.php
2026-02-02 16:28:44 - [ACCESS] Usuario admin accedió a pqrs.php
2026-02-02 16:28:47 - [ACCESS] Usuario admin accedió a reportes.php
2026-02-02 23:19:26 - [ACCESS] Login exitoso para usuario: admin
2026-02-02 23:19:26 - [ACCESS] Usuario admin accedió a index.php
2026-02-02 23:19:29 - [ACCESS] Usuario admin accedió a pqrs.php
2026-02-02 23:19:35 - [ACCESS] Usuario admin accedió a reportes.php
2026-02-02 23:20:12 - [ACCESS] Usuario admin accedió a pqrs.php
2026-02-03 13:12:31 - [ACCESS] Login exitoso para usuario: admin
2026-02-03 13:12:31 - [ACCESS] Usuario admin accedió a index.php
2026-02-03 13:13:03 - [ACCESS] Usuario admin accedió a index.php
2026-02-03 13:13:20 - [ACCESS] Usuario admin accedió a pqrs.php
2026-02-03 13:13:23 - [ACCESS] Usuario admin accedió a reportes.php
2026-02-03 14:00:02 - [ACCESS] Login exitoso para usuario: admin
2026-02-03 14:00:02 - [ACCESS] Usuario admin accedió a index.php
2026-02-03 14:00:05 - [ACCESS] Usuario admin accedió a reportes.php
2026-02-03 14:00:12 - [ACCESS] Usuario admin accedió a index.php
2026-02-03 14:00:15 - [ACCESS] Usuario admin accedió a pqrs.php
2026-02-04 18:41:41 - [ACCESS] Login exitoso para usuario: admin
2026-02-04 18:41:41 - [ACCESS] Usuario admin accedió a index.php
2026-02-04 18:41:44 - [ACCESS] Usuario admin accedió a reportes.php
2026-02-04 18:41:53 - [ACCESS] Usuario admin accedió a index.php
2026-02-04 18:54:09 - [ACCESS] Usuario admin accedió a reportes.php
2026-02-04 18:54:13 - [ACCESS] Usuario admin accedió a pqrs.php
2026-02-04 19:33:12 - [ACCESS] Login exitoso para usuario: admin
2026-02-04 19:33:12 - [ACCESS] Usuario admin accedió a index.php
2026-02-04 19:33:15 - [ACCESS] Usuario admin accedió a reportes.php
2026-02-05 01:21:08 - [ACCESS] Login exitoso para usuario: admin
2026-02-05 01:21:08 - [ACCESS] Usuario admin accedió a index.php
2026-02-05 01:21:12 - [ACCESS] Usuario admin accedió a reportes.php
2026-02-05 22:58:17 - [ACCESS] Login exitoso para usuario: admin
2026-02-05 22:58:17 - [ACCESS] Usuario admin accedió a index.php
2026-02-05 22:58:22 - [ACCESS] Usuario admin accedió a reportes.php
2026-02-06 21:38:12 - [ACCESS] Login exitoso para usuario: admin
2026-02-06 21:38:12 - [ACCESS] Usuario admin accedió a index.php
2026-02-06 21:38:20 - [ACCESS] Usuario admin accedió a festivos.php
2026-02-06 21:38:20 - [ACCESS] Usuario admin accedió a reportes.php
2026-02-06 22:12:12 - [ACCESS] Usuario admin accedió a reportes.php
2026-02-09 13:42:59 - [ACCESS] Login exitoso para usuario: admin
2026-02-09 13:42:59 - [ACCESS] Usuario admin accedió a index.php
2026-02-09 13:43:02 - [ACCESS] Usuario admin accedió a pqrs.php
2026-02-09 13:43:05 - [ACCESS] Usuario admin accedió a reportes.php
2026-02-09 13:43:19 - [ACCESS] Usuario admin accedió a pqrs.php
2026-02-09 18:41:47 - [SECURITY] Intento de login fallido para usuario: Experiencia
2026-02-09 18:50:58 - [ACCESS] Login exitoso para usuario: admin
2026-02-09 18:50:58 - [ACCESS] Usuario admin accedió a index.php
2026-02-09 18:51:06 - [ACCESS] Usuario admin accedió a reportes.php
2026-02-09 18:51:10 - [ACCESS] Usuario admin accedió a pqrs.php
2026-02-09 19:14:43 - [ACCESS] Usuario admin accedió a pqrs.php
2026-02-09 19:26:51 - [ACCESS] Usuario admin accedió a pqrs.php
2026-02-09 19:26:54 - [ACCESS] Usuario admin accedió a reportes.php
2026-02-11 15:55:16 - [ACCESS] Login exitoso para usuario: admin
2026-02-11 15:55:16 - [ACCESS] Usuario admin accedió a index.php
2026-02-11 15:55:20 - [ACCESS] Usuario admin accedió a pqrs.php
2026-02-11 15:55:24 - [ACCESS] Usuario admin accedió a reportes.php
2026-02-12 01:56:17 - [ACCESS] Login exitoso para usuario: admin
2026-02-12 01:56:17 - [ACCESS] Usuario admin accedió a index.php
2026-02-12 01:56:21 - [ACCESS] Usuario admin accedió a reportes.php
2026-02-12 02:26:04 - [ACCESS] Usuario admin accedió a reportes.php
2026-02-12 02:26:09 - [ACCESS] Usuario admin accedió a pqrs.php
2026-02-12 03:11:20 - [ACCESS] Login exitoso para usuario: admin
2026-02-12 03:11:20 - [ACCESS] Usuario admin accedió a index.php
2026-02-12 03:11:23 - [ACCESS] Usuario admin accedió a pqrs.php
2026-02-12 03:11:26 - [ACCESS] Usuario admin accedió a reportes.php
2026-02-12 03:34:20 - [ACCESS] Usuario admin accedió a reportes.php
2026-02-12 03:34:22 - [ACCESS] Usuario admin accedió a reportes.php
2026-02-12 03:34:27 - [ACCESS] Usuario admin accedió a reportes.php
2026-02-12 03:34:28 - [ACCESS] Usuario admin accedió a pqrs.php
2026-02-12 03:34:33 - [ACCESS] Usuario admin accedió a reportes.php
2026-02-12 23:47:18 - [ACCESS] Login exitoso para usuario: admin
2026-02-12 23:47:18 - [ACCESS] Usuario admin accedió a index.php
2026-02-12 23:47:22 - [ACCESS] Usuario admin accedió a pqrs.php
2026-02-12 23:47:26 - [ACCESS] Usuario admin accedió a reportes.php
2026-02-12 23:58:34 - [ACCESS] Usuario admin accedió a reportes.php
2026-02-13 16:06:35 - [ACCESS] Login exitoso para usuario: admin
2026-02-13 16:06:35 - [ACCESS] Usuario admin accedió a index.php
2026-02-13 16:06:38 - [ACCESS] Usuario admin accedió a reportes.php
2026-02-13 16:06:41 - [ACCESS] Usuario admin accedió a pqrs.php
2026-02-13 17:17:00 - [ACCESS] Login exitoso para usuario: admin
2026-02-13 17:17:00 - [ACCESS] Usuario admin accedió a index.php
2026-02-13 17:17:06 - [ACCESS] Usuario admin accedió a pqrs.php
2026-02-13 17:19:21 - [ACCESS] Usuario admin accedió a pqrs.php
2026-02-13 17:19:24 - [ACCESS] Usuario admin accedió a index.php
2026-02-13 17:19:27 - [ACCESS] Usuario admin accedió a reportes.php
2026-02-13 19:15:02 - [ACCESS] Login exitoso para usuario: admin
2026-02-13 19:15:02 - [ACCESS] Usuario admin accedió a index.php
2026-02-13 19:15:06 - [ACCESS] Usuario admin accedió a pqrs.php
2026-02-13 19:15:09 - [ACCESS] Usuario admin accedió a index.php
2026-02-13 19:15:40 - [ACCESS] Usuario admin accedió a index.php
2026-02-13 19:16:11 - [ACCESS] Usuario admin accedió a index.php
2026-02-13 19:16:21 - [ACCESS] Usuario admin accedió a reportes.php
2026-02-13 20:09:43 - [ACCESS] Login exitoso para usuario: admin
2026-02-13 20:09:43 - [ACCESS] Usuario admin accedió a index.php
2026-02-13 20:09:45 - [ACCESS] Usuario admin accedió a reportes.php
2026-02-13 20:09:50 - [ACCESS] Usuario admin accedió a pqrs.php
2026-02-13 21:09:20 - [ACCESS] Login exitoso para usuario: admin
2026-02-13 21:09:21 - [ACCESS] Usuario admin accedió a index.php
2026-02-13 21:09:52 - [ACCESS] Usuario admin accedió a index.php
2026-02-13 21:09:59 - [ACCESS] Usuario admin accedió a reportes.php
2026-02-13 21:58:20 - [ACCESS] Login exitoso para usuario: admin
2026-02-13 21:58:20 - [ACCESS] Usuario admin accedió a index.php
2026-02-13 21:58:23 - [ACCESS] Usuario admin accedió a pqrs.php
2026-02-13 23:19:14 - [ACCESS] Login exitoso para usuario: admin
2026-02-13 23:19:14 - [ACCESS] Usuario admin accedió a index.php
2026-02-13 23:19:45 - [ACCESS] Usuario admin accedió a index.php
2026-02-13 23:20:17 - [ACCESS] Usuario admin accedió a index.php
2026-02-13 23:20:49 - [ACCESS] Usuario admin accedió a index.php
2026-02-13 23:21:21 - [ACCESS] Usuario admin accedió a index.php
2026-02-13 23:21:53 - [ACCESS] Usuario admin accedió a index.php
2026-02-13 23:22:25 - [ACCESS] Usuario admin accedió a index.php
2026-02-13 23:22:38 - [ACCESS] Usuario admin accedió a reportes.php
2026-02-16 14:24:17 - [ACCESS] Login exitoso para usuario: admin
2026-02-16 14:24:17 - [ACCESS] Usuario admin accedió a index.php
2026-02-16 14:24:20 - [ACCESS] Usuario admin accedió a pqrs.php
2026-02-16 21:37:47 - [ACCESS] Login exitoso para usuario: admin
2026-02-16 21:37:48 - [ACCESS] Usuario admin accedió a index.php
2026-02-16 21:37:51 - [ACCESS] Usuario admin accedió a pqrs.php
2026-02-16 21:37:55 - [ACCESS] Usuario admin accedió a reportes.php
2026-02-16 23:19:48 - [ACCESS] Login exitoso para usuario: admin
2026-02-16 23:19:48 - [ACCESS] Usuario admin accedió a index.php
2026-02-16 23:20:19 - [ACCESS] Usuario admin accedió a index.php
2026-02-16 23:20:50 - [ACCESS] Usuario admin accedió a index.php
2026-02-16 23:21:21 - [ACCESS] Usuario admin accedió a index.php
2026-02-16 23:21:52 - [ACCESS] Usuario admin accedió a index.php
2026-02-16 23:22:23 - [ACCESS] Usuario admin accedió a index.php
2026-02-16 23:22:55 - [ACCESS] Usuario admin accedió a index.php
2026-02-16 23:23:26 - [ACCESS] Usuario admin accedió a index.php
2026-02-16 23:23:57 - [ACCESS] Usuario admin accedió a index.php
2026-02-16 23:24:28 - [ACCESS] Usuario admin accedió a index.php
2026-02-16 23:24:59 - [ACCESS] Usuario admin accedió a index.php
2026-02-16 23:25:30 - [ACCESS] Usuario admin accedió a index.php
2026-02-16 23:26:01 - [ACCESS] Usuario admin accedió a index.php
2026-02-16 23:26:32 - [ACCESS] Usuario admin accedió a index.php
2026-02-16 23:27:03 - [ACCESS] Usuario admin accedió a index.php
2026-02-16 23:27:35 - [ACCESS] Usuario admin accedió a index.php
2026-02-16 23:28:06 - [ACCESS] Usuario admin accedió a index.php
2026-02-16 23:28:37 - [ACCESS] Usuario admin accedió a index.php
2026-02-16 23:29:08 - [ACCESS] Usuario admin accedió a index.php
2026-02-16 23:29:39 - [ACCESS] Usuario admin accedió a index.php
2026-02-16 23:30:10 - [ACCESS] Usuario admin accedió a index.php
2026-02-16 23:30:41 - [ACCESS] Usuario admin accedió a index.php
2026-02-16 23:31:13 - [ACCESS] Usuario admin accedió a index.php
2026-02-16 23:31:44 - [ACCESS] Usuario admin accedió a index.php
2026-02-16 23:32:15 - [ACCESS] Usuario admin accedió a index.php
2026-02-16 23:32:46 - [ACCESS] Usuario admin accedió a index.php
2026-02-16 23:33:17 - [ACCESS] Usuario admin accedió a index.php
2026-02-16 23:33:48 - [ACCESS] Usuario admin accedió a index.php
2026-02-16 23:34:19 - [ACCESS] Usuario admin accedió a index.php
2026-02-16 23:34:50 - [ACCESS] Usuario admin accedió a index.php
2026-02-16 23:35:21 - [ACCESS] Usuario admin accedió a index.php
2026-02-16 23:35:53 - [ACCESS] Usuario admin accedió a index.php
2026-02-16 23:36:24 - [ACCESS] Usuario admin accedió a index.php
2026-02-16 23:36:55 - [ACCESS] Usuario admin accedió a index.php
2026-02-16 23:37:27 - [ACCESS] Usuario admin accedió a index.php
2026-02-16 23:37:59 - [ACCESS] Usuario admin accedió a index.php
2026-02-16 23:38:31 - [ACCESS] Usuario admin accedió a index.php
2026-02-16 23:39:03 - [ACCESS] Usuario admin accedió a index.php
2026-02-16 23:39:35 - [ACCESS] Usuario admin accedió a index.php
2026-02-16 23:40:07 - [ACCESS] Usuario admin accedió a index.php
2026-02-16 23:40:39 - [ACCESS] Usuario admin accedió a index.php
2026-02-16 23:41:11 - [ACCESS] Usuario admin accedió a index.php
2026-02-16 23:41:43 - [ACCESS] Usuario admin accedió a index.php
2026-02-16 23:42:15 - [ACCESS] Usuario admin accedió a index.php
2026-02-16 23:42:47 - [ACCESS] Usuario admin accedió a index.php
2026-02-16 23:43:19 - [ACCESS] Usuario admin accedió a index.php
2026-02-16 23:43:51 - [ACCESS] Usuario admin accedió a index.php
2026-02-16 23:44:23 - [ACCESS] Usuario admin accedió a index.php
2026-02-16 23:44:55 - [ACCESS] Usuario admin accedió a index.php
2026-02-16 23:45:27 - [ACCESS] Usuario admin accedió a index.php
2026-02-16 23:45:59 - [ACCESS] Usuario admin accedió a index.php
2026-02-16 23:46:31 - [ACCESS] Usuario admin accedió a index.php
2026-02-16 23:47:03 - [ACCESS] Usuario admin accedió a index.php
2026-02-16 23:47:35 - [ACCESS] Usuario admin accedió a index.php
2026-02-16 23:48:07 - [ACCESS] Usuario admin accedió a index.php
2026-02-16 23:48:39 - [ACCESS] Usuario admin accedió a index.php
2026-02-16 23:49:11 - [ACCESS] Usuario admin accedió a index.php
2026-02-16 23:49:43 - [ACCESS] Usuario admin accedió a index.php
2026-02-16 23:50:15 - [ACCESS] Usuario admin accedió a index.php
2026-02-16 23:50:47 - [ACCESS] Usuario admin accedió a index.php
2026-02-16 23:51:19 - [ACCESS] Usuario admin accedió a index.php
2026-02-16 23:51:51 - [ACCESS] Usuario admin accedió a index.php
2026-02-16 23:52:23 - [ACCESS] Usuario admin accedió a index.php
2026-02-16 23:52:55 - [ACCESS] Usuario admin accedió a index.php
2026-02-16 23:53:27 - [ACCESS] Usuario admin accedió a index.php
2026-02-16 23:53:59 - [ACCESS] Usuario admin accedió a index.php
2026-02-16 23:54:31 - [ACCESS] Usuario admin accedió a index.php
2026-02-16 23:55:03 - [ACCESS] Usuario admin accedió a index.php
2026-02-16 23:55:35 - [ACCESS] Usuario admin accedió a index.php
2026-02-16 23:56:07 - [ACCESS] Usuario admin accedió a index.php
2026-02-16 23:56:39 - [ACCESS] Usuario admin accedió a index.php
2026-02-16 23:57:11 - [ACCESS] Usuario admin accedió a index.php
2026-02-16 23:57:43 - [ACCESS] Usuario admin accedió a index.php
2026-02-16 23:58:15 - [ACCESS] Usuario admin accedió a index.php
2026-02-16 23:58:47 - [ACCESS] Usuario admin accedió a index.php
2026-02-16 23:59:19 - [ACCESS] Usuario admin accedió a index.php
2026-02-16 23:59:51 - [ACCESS] Usuario admin accedió a index.php
2026-02-17 00:00:23 - [ACCESS] Usuario admin accedió a index.php
2026-02-17 00:00:55 - [ACCESS] Usuario admin accedió a index.php
2026-02-17 00:01:27 - [ACCESS] Usuario admin accedió a index.php
2026-02-17 00:01:59 - [ACCESS] Usuario admin accedió a index.php
2026-02-17 00:02:31 - [ACCESS] Usuario admin accedió a index.php
2026-02-17 00:03:03 - [ACCESS] Usuario admin accedió a index.php
2026-02-17 00:03:35 - [ACCESS] Usuario admin accedió a index.php
2026-02-17 00:04:07 - [ACCESS] Usuario admin accedió a index.php
2026-02-17 00:04:39 - [ACCESS] Usuario admin accedió a index.php
2026-02-17 00:05:11 - [ACCESS] Usuario admin accedió a index.php
2026-02-17 00:05:43 - [ACCESS] Usuario admin accedió a index.php
2026-02-17 00:06:15 - [ACCESS] Usuario admin accedió a index.php
2026-02-17 00:06:47 - [ACCESS] Usuario admin accedió a index.php
2026-02-17 00:07:19 - [ACCESS] Usuario admin accedió a index.php
2026-02-17 00:07:51 - [ACCESS] Usuario admin accedió a index.php
2026-02-17 00:08:23 - [ACCESS] Usuario admin accedió a index.php
2026-02-17 00:08:55 - [ACCESS] Usuario admin accedió a index.php
2026-02-17 00:09:27 - [ACCESS] Usuario admin accedió a index.php
2026-02-17 00:09:59 - [ACCESS] Usuario admin accedió a index.php
2026-02-17 00:10:31 - [ACCESS] Usuario admin accedió a index.php
2026-02-17 00:11:03 - [ACCESS] Usuario admin accedió a index.php
2026-02-17 00:11:35 - [ACCESS] Usuario admin accedió a index.php
2026-02-17 00:12:07 - [ACCESS] Usuario admin accedió a index.php
2026-02-17 00:12:39 - [ACCESS] Usuario admin accedió a index.php
2026-02-17 00:13:11 - [ACCESS] Usuario admin accedió a index.php
2026-02-17 00:13:43 - [ACCESS] Usuario admin accedió a index.php
2026-02-17 00:14:15 - [ACCESS] Usuario admin accedió a index.php
2026-02-17 00:14:47 - [ACCESS] Usuario admin accedió a index.php
2026-02-17 00:15:19 - [ACCESS] Usuario admin accedió a index.php
2026-02-17 00:15:51 - [ACCESS] Usuario admin accedió a index.php
2026-02-17 00:16:23 - [ACCESS] Usuario admin accedió a index.php
2026-02-17 00:16:55 - [ACCESS] Usuario admin accedió a index.php
2026-02-17 00:17:27 - [ACCESS] Usuario admin accedió a index.php
2026-02-17 00:17:59 - [ACCESS] Usuario admin accedió a index.php
2026-02-17 00:18:31 - [ACCESS] Usuario admin accedió a index.php
2026-02-17 00:19:03 - [ACCESS] Usuario admin accedió a index.php
2026-02-17 00:19:35 - [ACCESS] Usuario admin accedió a index.php
2026-02-17 00:20:07 - [ACCESS] Usuario admin accedió a index.php
2026-02-17 00:20:39 - [ACCESS] Usuario admin accedió a index.php
2026-02-17 00:21:11 - [ACCESS] Usuario admin accedió a index.php
2026-02-17 00:21:43 - [ACCESS] Usuario admin accedió a index.php
2026-02-17 00:22:15 - [ACCESS] Usuario admin accedió a index.php
2026-02-17 00:22:47 - [ACCESS] Usuario admin accedió a index.php
2026-02-17 00:23:19 - [ACCESS] Usuario admin accedió a index.php
2026-02-17 00:23:51 - [ACCESS] Usuario admin accedió a index.php
2026-02-17 00:24:23 - [ACCESS] Usuario admin accedió a index.php
2026-02-17 00:24:55 - [ACCESS] Usuario admin accedió a index.php
2026-02-17 00:25:27 - [ACCESS] Usuario admin accedió a index.php
2026-02-17 00:26:01 - [ACCESS] Usuario admin accedió a index.php
2026-02-17 00:26:33 - [ACCESS] Usuario admin accedió a index.php
2026-02-17 00:27:07 - [ACCESS] Usuario admin accedió a index.php
2026-02-17 00:27:39 - [ACCESS] Usuario admin accedió a index.php
2026-02-17 00:28:11 - [ACCESS] Usuario admin accedió a index.php
2026-02-17 00:28:43 - [ACCESS] Usuario admin accedió a index.php
2026-02-17 00:29:15 - [ACCESS] Usuario admin accedió a index.php
2026-02-17 00:29:47 - [ACCESS] Usuario admin accedió a index.php
2026-02-17 00:30:19 - [ACCESS] Usuario admin accedió a index.php
2026-02-17 00:30:51 - [ACCESS] Usuario admin accedió a index.php
2026-02-17 00:31:23 - [ACCESS] Usuario admin accedió a index.php
2026-02-17 00:31:55 - [ACCESS] Usuario admin accedió a index.php
2026-02-17 00:32:27 - [ACCESS] Usuario admin accedió a index.php
2026-02-17 00:32:59 - [ACCESS] Usuario admin accedió a index.php
2026-02-17 00:33:31 - [ACCESS] Usuario admin accedió a index.php
2026-02-17 00:34:03 - [ACCESS] Usuario admin accedió a index.php
2026-02-17 00:34:35 - [ACCESS] Usuario admin accedió a index.php
2026-02-17 00:35:07 - [ACCESS] Usuario admin accedió a index.php
2026-02-17 00:35:39 - [ACCESS] Usuario admin accedió a index.php
2026-02-17 00:36:11 - [ACCESS] Usuario admin accedió a index.php
2026-02-17 00:36:43 - [ACCESS] Usuario admin accedió a index.php
2026-02-17 00:37:15 - [ACCESS] Usuario admin accedió a index.php
2026-02-17 00:37:47 - [ACCESS] Usuario admin accedió a index.php
2026-02-17 00:38:19 - [ACCESS] Usuario admin accedió a index.php
2026-02-17 00:38:51 - [ACCESS] Usuario admin accedió a index.php
2026-02-17 00:39:23 - [ACCESS] Usuario admin accedió a index.php
2026-02-17 00:39:55 - [ACCESS] Usuario admin accedió a index.php
2026-02-17 00:40:27 - [ACCESS] Usuario admin accedió a index.php
2026-02-17 00:40:59 - [ACCESS] Usuario admin accedió a index.php
2026-02-17 00:41:31 - [ACCESS] Usuario admin accedió a index.php
2026-02-17 00:42:03 - [ACCESS] Usuario admin accedió a index.php
2026-02-17 00:42:35 - [ACCESS] Usuario admin accedió a index.php
2026-02-17 00:43:07 - [ACCESS] Usuario admin accedió a index.php
2026-02-17 00:43:39 - [ACCESS] Usuario admin accedió a index.php
2026-02-17 00:44:11 - [ACCESS] Usuario admin accedió a index.php
2026-02-17 00:44:43 - [ACCESS] Usuario admin accedió a index.php
2026-02-17 00:45:15 - [ACCESS] Usuario admin accedió a index.php
2026-02-17 00:45:47 - [ACCESS] Usuario admin accedió a index.php
2026-02-17 00:46:19 - [ACCESS] Usuario admin accedió a index.php
2026-02-17 00:46:51 - [ACCESS] Usuario admin accedió a index.php
2026-02-17 00:47:23 - [ACCESS] Usuario admin accedió a index.php
2026-02-17 00:47:55 - [ACCESS] Usuario admin accedió a index.php
2026-02-17 00:48:27 - [ACCESS] Usuario admin accedió a index.php
2026-02-17 00:48:59 - [ACCESS] Usuario admin accedió a index.php
2026-02-17 00:49:31 - [ACCESS] Usuario admin accedió a index.php
2026-02-17 00:50:03 - [ACCESS] Usuario admin accedió a index.php
2026-02-17 00:50:35 - [ACCESS] Usuario admin accedió a index.php
2026-02-17 00:51:07 - [ACCESS] Usuario admin accedió a index.php
2026-02-17 00:51:39 - [ACCESS] Usuario admin accedió a index.php
2026-02-17 00:52:11 - [ACCESS] Usuario admin accedió a index.php
2026-02-17 00:52:43 - [ACCESS] Usuario admin accedió a index.php
2026-02-17 00:53:15 - [ACCESS] Usuario admin accedió a index.php
2026-02-17 00:53:47 - [ACCESS] Usuario admin accedió a index.php
2026-02-17 00:54:19 - [ACCESS] Usuario admin accedió a index.php
2026-02-17 00:54:51 - [ACCESS] Usuario admin accedió a index.php
2026-02-17 00:55:23 - [ACCESS] Usuario admin accedió a index.php
2026-02-17 00:55:55 - [ACCESS] Usuario admin accedió a index.php
2026-02-17 00:56:28 - [ACCESS] Usuario admin accedió a index.php
2026-02-17 00:57:00 - [ACCESS] Usuario admin accedió a index.php
2026-02-17 02:53:36 - [ACCESS] Login exitoso para usuario: admin
2026-02-17 02:53:36 - [ACCESS] Usuario admin accedió a index.php
2026-02-17 02:53:40 - [ACCESS] Usuario admin accedió a pqrs.php
2026-02-17 02:53:41 - [ACCESS] Usuario admin accedió a pqrs.php
2026-02-18 00:11:51 - [ACCESS] Login exitoso para usuario: admin
2026-02-18 00:11:51 - [ACCESS] Usuario admin accedió a index.php
2026-02-18 00:11:54 - [ACCESS] Usuario admin accedió a reportes.php
2026-02-18 00:12:00 - [ACCESS] Usuario admin accedió a pqrs.php
2026-02-18 01:35:48 - [ACCESS] Login exitoso para usuario: admin
2026-02-18 01:35:48 - [ACCESS] Usuario admin accedió a index.php
2026-02-18 01:35:51 - [ACCESS] Usuario admin accedió a reportes.php
2026-02-18 01:35:53 - [ACCESS] Usuario admin accedió a pqrs.php
2026-02-18 01:36:13 - [ACCESS] Usuario admin accedió a reportes.php
2026-02-18 01:36:13 - [ACCESS] Usuario admin accedió a pqrs.php
2026-02-18 01:36:16 - [ACCESS] Usuario admin accedió a reportes.php
2026-02-18 01:36:21 - [ACCESS] Usuario admin accedió a pqrs.php
2026-02-18 15:39:48 - [ACCESS] Login exitoso para usuario: admin
2026-02-18 15:39:48 - [ACCESS] Usuario admin accedió a index.php
2026-02-18 15:40:19 - [ACCESS] Usuario admin accedió a index.php
2026-02-18 15:40:29 - [ACCESS] Usuario admin accedió a pqrs.php
2026-02-18 15:40:41 - [ACCESS] Usuario admin accedió a pqrs.php
2026-02-18 17:08:16 - [ACCESS] Login exitoso para usuario: admin
2026-02-18 17:08:16 - [ACCESS] Usuario admin accedió a index.php
2026-02-18 17:08:19 - [ACCESS] Usuario admin accedió a reportes.php
2026-02-18 20:22:39 - [ACCESS] Login exitoso para usuario: admin
2026-02-18 20:22:39 - [ACCESS] Usuario admin accedió a index.php
2026-02-18 20:22:42 - [ACCESS] Usuario admin accedió a reportes.php
2026-02-18 21:25:00 - [ACCESS] Login exitoso para usuario: admin
2026-02-18 21:25:00 - [ACCESS] Usuario admin accedió a index.php
2026-02-18 21:25:04 - [ACCESS] Usuario admin accedió a index.php
2026-02-18 21:25:32 - [ACCESS] Usuario admin accedió a index.php
2026-02-18 21:26:04 - [ACCESS] Usuario admin accedió a index.php
2026-02-18 21:26:23 - [ACCESS] Usuario admin accedió a pqrs.php
2026-02-19 02:05:53 - [ACCESS] Login exitoso para usuario: admin
2026-02-19 02:05:53 - [ACCESS] Usuario admin accedió a index.php
2026-02-19 02:05:57 - [ACCESS] Usuario admin accedió a reportes.php
2026-02-19 02:06:04 - [ACCESS] Usuario admin accedió a pqrs.php
2026-02-19 03:32:53 - [ACCESS] Login exitoso para usuario: admin
2026-02-19 03:32:53 - [ACCESS] Usuario admin accedió a index.php
2026-02-19 03:33:08 - [ACCESS] Usuario admin accedió a reportes.php
2026-02-19 03:35:11 - [ACCESS] Usuario admin accedió a reportes.php
2026-02-19 03:36:00 - [ACCESS] Usuario admin accedió a reportes.php
2026-02-19 03:36:19 - [ACCESS] Usuario admin accedió a pqrs.php
2026-02-20 01:40:54 - [ACCESS] Login exitoso para usuario: admin
2026-02-20 01:40:54 - [ACCESS] Usuario admin accedió a index.php
2026-02-20 01:41:02 - [ACCESS] Usuario admin accedió a pqrs.php
2026-02-20 01:41:51 - [ACCESS] Usuario admin accedió a pqrs.php
2026-02-20 01:42:02 - [ACCESS] Usuario admin accedió a reportes.php
2026-02-20 01:42:08 - [ACCESS] Usuario admin accedió a pqrs.php
2026-02-20 13:30:56 - [ACCESS] Login exitoso para usuario: admin
2026-02-20 13:30:56 - [ACCESS] Usuario admin accedió a index.php
2026-02-20 13:31:00 - [ACCESS] Usuario admin accedió a pqrs.php
2026-02-20 13:52:16 - [ACCESS] Usuario admin accedió a pqrs.php
2026-02-20 14:35:06 - [ACCESS] Login exitoso para usuario: admin
2026-02-20 14:35:06 - [ACCESS] Usuario admin accedió a index.php
2026-02-20 14:35:38 - [ACCESS] Usuario admin accedió a index.php
2026-02-20 14:36:08 - [ACCESS] Usuario admin accedió a reportes.php
2026-02-20 14:36:14 - [ACCESS] Usuario admin accedió a pqrs.php
2026-02-20 15:13:51 - [ACCESS] Login exitoso para usuario: admin
2026-02-20 15:13:51 - [ACCESS] Usuario admin accedió a index.php
2026-02-20 15:13:54 - [ACCESS] Usuario admin accedió a pqrs.php
2026-02-20 15:13:58 - [ACCESS] Usuario admin accedió a reportes.php
2026-02-20 15:21:37 - [ACCESS] Usuario admin accedió a reportes.php
2026-02-20 15:36:29 - [ACCESS] Usuario admin accedió a reportes.php
2026-02-20 15:36:35 - [ACCESS] Usuario admin accedió a pqrs.php
2026-02-20 16:57:31 - [ACCESS] Login exitoso para usuario: admin
2026-02-20 16:57:31 - [ACCESS] Usuario admin accedió a index.php
2026-02-20 16:57:41 - [ACCESS] Usuario admin accedió a pqrs.php
2026-02-20 16:57:52 - [ACCESS] Usuario admin accedió a pqrs.php
2026-02-20 16:58:05 - [ACCESS] Usuario admin accedió a reportes.php
2026-02-20 17:03:54 - [ACCESS] Usuario admin accedió a pqrs.php
2026-02-20 22:27:49 - [ACCESS] Login exitoso para usuario: admin
2026-02-20 22:27:49 - [ACCESS] Usuario admin accedió a index.php
2026-02-20 22:27:54 - [ACCESS] Usuario admin accedió a reportes.php
2026-02-21 02:27:42 - [ACCESS] Login exitoso para usuario: admin
2026-02-21 02:27:43 - [ACCESS] Usuario admin accedió a index.php
2026-02-21 02:28:14 - [ACCESS] Usuario admin accedió a index.php
2026-02-21 02:28:16 - [ACCESS] Usuario admin accedió a reportes.php
2026-02-21 02:35:52 - [ACCESS] Usuario admin accedió a pqrs.php
2026-02-21 03:45:58 - [ACCESS] Login exitoso para usuario: admin
2026-02-21 03:45:58 - [ACCESS] Usuario admin accedió a index.php
2026-02-21 03:46:02 - [ACCESS] Usuario admin accedió a pqrs.php
2026-02-21 04:13:27 - [ACCESS] Usuario admin accedió a pqrs.php
2026-02-21 04:13:30 - [ACCESS] Usuario admin accedió a index.php
2026-02-21 04:13:40 - [ACCESS] Usuario admin accedió a reportes.php
2026-02-23 16:03:22 - [ACCESS] Login exitoso para usuario: admin
2026-02-23 16:03:22 - [ACCESS] Usuario admin accedió a index.php
2026-02-23 16:03:26 - [ACCESS] Usuario admin accedió a reportes.php
2026-02-23 16:03:31 - [ACCESS] Usuario admin accedió a pqrs.php
2026-02-23 20:42:49 - [ACCESS] Login exitoso para usuario: admin
2026-02-23 20:42:49 - [ACCESS] Usuario admin accedió a index.php
2026-02-23 20:43:21 - [ACCESS] Usuario admin accedió a index.php
2026-02-23 20:43:53 - [ACCESS] Usuario admin accedió a index.php
2026-02-23 20:44:25 - [ACCESS] Usuario admin accedió a index.php
2026-02-23 20:44:57 - [ACCESS] Usuario admin accedió a index.php
2026-02-23 20:45:29 - [ACCESS] Usuario admin accedió a index.php
2026-02-23 20:46:01 - [ACCESS] Usuario admin accedió a index.php
2026-02-23 20:46:33 - [ACCESS] Usuario admin accedió a index.php
2026-02-23 20:47:05 - [ACCESS] Usuario admin accedió a index.php
2026-02-23 20:47:37 - [ACCESS] Usuario admin accedió a index.php
2026-02-23 20:48:09 - [ACCESS] Usuario admin accedió a index.php
2026-02-23 20:48:41 - [ACCESS] Usuario admin accedió a index.php
2026-02-23 20:49:13 - [ACCESS] Usuario admin accedió a index.php
2026-02-23 20:49:45 - [ACCESS] Usuario admin accedió a index.php
2026-02-23 20:50:17 - [ACCESS] Usuario admin accedió a index.php
2026-02-23 20:50:49 - [ACCESS] Usuario admin accedió a index.php
2026-02-23 20:51:21 - [ACCESS] Usuario admin accedió a index.php
2026-02-23 20:51:53 - [ACCESS] Usuario admin accedió a index.php
2026-02-23 20:52:25 - [ACCESS] Usuario admin accedió a index.php
2026-02-23 20:52:57 - [ACCESS] Usuario admin accedió a index.php
2026-02-23 20:53:29 - [ACCESS] Usuario admin accedió a index.php
2026-02-23 20:54:01 - [ACCESS] Usuario admin accedió a index.php
2026-02-23 20:54:33 - [ACCESS] Usuario admin accedió a index.php
2026-02-23 20:55:05 - [ACCESS] Usuario admin accedió a index.php
2026-02-23 20:55:37 - [ACCESS] Usuario admin accedió a index.php
2026-02-23 20:56:09 - [ACCESS] Usuario admin accedió a index.php
2026-02-23 20:56:41 - [ACCESS] Usuario admin accedió a index.php
2026-02-23 20:57:13 - [ACCESS] Usuario admin accedió a index.php
2026-02-23 20:57:45 - [ACCESS] Usuario admin accedió a index.php
2026-02-23 20:58:17 - [ACCESS] Usuario admin accedió a index.php
2026-02-23 20:58:49 - [ACCESS] Usuario admin accedió a index.php
2026-02-23 20:59:21 - [ACCESS] Usuario admin accedió a index.php
2026-02-23 20:59:53 - [ACCESS] Usuario admin accedió a index.php
2026-02-23 21:00:25 - [ACCESS] Usuario admin accedió a index.php
2026-02-23 21:00:57 - [ACCESS] Usuario admin accedió a index.php
2026-02-23 21:01:29 - [ACCESS] Usuario admin accedió a index.php
2026-02-23 21:02:01 - [ACCESS] Usuario admin accedió a index.php
2026-02-23 21:02:33 - [ACCESS] Usuario admin accedió a index.php
2026-02-23 21:03:05 - [ACCESS] Usuario admin accedió a index.php
2026-02-23 21:03:37 - [ACCESS] Usuario admin accedió a index.php
2026-02-23 21:04:09 - [ACCESS] Usuario admin accedió a index.php
2026-02-23 21:04:41 - [ACCESS] Usuario admin accedió a index.php
2026-02-23 21:05:13 - [ACCESS] Usuario admin accedió a index.php
2026-02-23 21:05:45 - [ACCESS] Usuario admin accedió a index.php
2026-02-23 21:06:17 - [ACCESS] Usuario admin accedió a index.php
2026-02-23 21:06:49 - [ACCESS] Usuario admin accedió a index.php
2026-02-23 21:07:21 - [ACCESS] Usuario admin accedió a index.php
2026-02-23 21:07:53 - [ACCESS] Usuario admin accedió a index.php
2026-02-23 21:08:25 - [ACCESS] Usuario admin accedió a index.php
2026-02-23 21:08:57 - [ACCESS] Usuario admin accedió a index.php
2026-02-23 21:09:29 - [ACCESS] Usuario admin accedió a index.php
2026-02-23 21:10:01 - [ACCESS] Usuario admin accedió a index.php
2026-02-23 21:10:34 - [ACCESS] Usuario admin accedió a index.php
2026-02-23 21:11:06 - [ACCESS] Usuario admin accedió a index.php
2026-02-23 21:11:38 - [ACCESS] Usuario admin accedió a index.php
2026-02-23 21:12:10 - [ACCESS] Usuario admin accedió a index.php
2026-02-23 21:12:42 - [ACCESS] Usuario admin accedió a index.php
2026-02-23 21:13:14 - [ACCESS] Usuario admin accedió a index.php
2026-02-23 21:13:46 - [ACCESS] Usuario admin accedió a index.php
2026-02-23 21:14:18 - [ACCESS] Usuario admin accedió a index.php
2026-02-23 21:14:50 - [ACCESS] Usuario admin accedió a index.php
2026-02-23 21:15:22 - [ACCESS] Usuario admin accedió a index.php
2026-02-23 21:15:54 - [ACCESS] Usuario admin accedió a index.php
2026-02-23 21:16:26 - [ACCESS] Usuario admin accedió a index.php
2026-02-23 21:16:58 - [ACCESS] Usuario admin accedió a index.php
2026-02-23 21:17:30 - [ACCESS] Usuario admin accedió a index.php
2026-02-23 21:18:02 - [ACCESS] Usuario admin accedió a index.php
2026-02-23 21:18:34 - [ACCESS] Usuario admin accedió a index.php
2026-02-23 21:19:06 - [ACCESS] Usuario admin accedió a index.php
2026-02-23 21:19:38 - [ACCESS] Usuario admin accedió a index.php
2026-02-23 21:20:10 - [ACCESS] Usuario admin accedió a index.php
2026-02-23 21:20:42 - [ACCESS] Usuario admin accedió a index.php
2026-02-23 21:21:14 - [ACCESS] Usuario admin accedió a index.php
2026-02-23 21:21:47 - [ACCESS] Usuario admin accedió a index.php
2026-02-23 21:22:19 - [ACCESS] Usuario admin accedió a index.php
2026-02-23 21:22:51 - [ACCESS] Usuario admin accedió a index.php
2026-02-23 21:23:23 - [ACCESS] Usuario admin accedió a index.php
2026-02-23 21:23:55 - [ACCESS] Usuario admin accedió a index.php
2026-02-23 21:24:27 - [ACCESS] Usuario admin accedió a index.php
2026-02-23 21:24:59 - [ACCESS] Usuario admin accedió a index.php
2026-02-23 21:25:31 - [ACCESS] Usuario admin accedió a index.php
2026-02-23 21:26:03 - [ACCESS] Usuario admin accedió a index.php
2026-02-23 21:26:35 - [ACCESS] Usuario admin accedió a index.php
2026-02-23 21:27:07 - [ACCESS] Usuario admin accedió a index.php
2026-02-23 21:27:39 - [ACCESS] Usuario admin accedió a index.php
2026-02-23 21:28:11 - [ACCESS] Usuario admin accedió a index.php
2026-02-23 21:28:43 - [ACCESS] Usuario admin accedió a index.php
2026-02-23 21:29:15 - [ACCESS] Usuario admin accedió a index.php
2026-02-23 21:29:47 - [ACCESS] Usuario admin accedió a index.php
2026-02-23 21:30:19 - [ACCESS] Usuario admin accedió a index.php
2026-02-23 21:30:51 - [ACCESS] Usuario admin accedió a index.php
2026-02-23 21:31:23 - [ACCESS] Usuario admin accedió a index.php
2026-02-23 21:31:55 - [ACCESS] Usuario admin accedió a index.php
2026-02-23 21:32:27 - [ACCESS] Usuario admin accedió a index.php
2026-02-23 21:32:59 - [ACCESS] Usuario admin accedió a index.php
2026-02-23 21:33:31 - [ACCESS] Usuario admin accedió a index.php
2026-02-23 21:34:03 - [ACCESS] Usuario admin accedió a index.php
2026-02-23 21:34:35 - [ACCESS] Usuario admin accedió a index.php
2026-02-23 21:35:07 - [ACCESS] Usuario admin accedió a index.php
2026-02-23 21:35:39 - [ACCESS] Usuario admin accedió a index.php
2026-02-23 21:36:11 - [ACCESS] Usuario admin accedió a index.php
2026-02-23 21:36:43 - [ACCESS] Usuario admin accedió a index.php
2026-02-23 21:37:15 - [ACCESS] Usuario admin accedió a index.php
2026-02-23 21:37:47 - [ACCESS] Usuario admin accedió a index.php
2026-02-23 21:38:19 - [ACCESS] Usuario admin accedió a index.php
2026-02-23 21:38:51 - [ACCESS] Usuario admin accedió a index.php
2026-02-23 21:39:23 - [ACCESS] Usuario admin accedió a index.php
2026-02-23 21:39:55 - [ACCESS] Usuario admin accedió a index.php
2026-02-23 21:40:27 - [ACCESS] Usuario admin accedió a index.php
2026-02-23 21:40:59 - [ACCESS] Usuario admin accedió a index.php
2026-02-23 21:41:31 - [ACCESS] Usuario admin accedió a index.php
2026-02-23 21:42:03 - [ACCESS] Usuario admin accedió a index.php
2026-02-23 21:42:35 - [ACCESS] Usuario admin accedió a index.php
2026-02-23 21:43:07 - [ACCESS] Usuario admin accedió a index.php
2026-02-23 21:43:39 - [ACCESS] Usuario admin accedió a index.php
2026-02-23 21:44:11 - [ACCESS] Usuario admin accedió a index.php
2026-02-23 21:44:43 - [ACCESS] Usuario admin accedió a index.php
2026-02-23 21:45:15 - [ACCESS] Usuario admin accedió a index.php
2026-02-23 21:45:47 - [ACCESS] Usuario admin accedió a index.php
2026-02-23 21:46:19 - [ACCESS] Usuario admin accedió a index.php
2026-02-23 21:46:51 - [ACCESS] Usuario admin accedió a index.php
2026-02-23 21:47:23 - [ACCESS] Usuario admin accedió a index.php
2026-02-23 21:47:55 - [ACCESS] Usuario admin accedió a index.php
2026-02-23 21:48:27 - [ACCESS] Usuario admin accedió a index.php
2026-02-23 21:48:59 - [ACCESS] Usuario admin accedió a index.php
2026-02-23 21:49:31 - [ACCESS] Usuario admin accedió a index.php
2026-02-23 21:50:03 - [ACCESS] Usuario admin accedió a index.php
2026-02-23 21:50:35 - [ACCESS] Usuario admin accedió a index.php
2026-02-23 21:51:07 - [ACCESS] Usuario admin accedió a index.php
2026-02-23 21:51:39 - [ACCESS] Usuario admin accedió a index.php
2026-02-23 21:52:11 - [ACCESS] Usuario admin accedió a index.php
2026-02-23 21:52:43 - [ACCESS] Usuario admin accedió a index.php
2026-02-23 21:53:15 - [ACCESS] Usuario admin accedió a index.php
2026-02-23 21:53:16 - [ACCESS] Usuario admin accedió a index.php
2026-02-23 21:53:47 - [ACCESS] Usuario admin accedió a index.php
2026-02-23 21:54:19 - [ACCESS] Usuario admin accedió a index.php
2026-02-23 21:54:51 - [ACCESS] Usuario admin accedió a index.php
2026-02-23 21:55:23 - [ACCESS] Usuario admin accedió a index.php
2026-02-23 21:55:55 - [ACCESS] Usuario admin accedió a index.php
2026-02-23 21:56:27 - [ACCESS] Usuario admin accedió a index.php
2026-02-23 21:56:59 - [ACCESS] Usuario admin accedió a index.php
2026-02-23 21:57:31 - [ACCESS] Usuario admin accedió a index.php
2026-02-23 21:58:03 - [ACCESS] Usuario admin accedió a index.php
2026-02-23 21:58:35 - [ACCESS] Usuario admin accedió a index.php
2026-02-23 21:59:07 - [ACCESS] Usuario admin accedió a index.php
2026-02-23 21:59:39 - [ACCESS] Usuario admin accedió a index.php
2026-02-23 22:00:11 - [ACCESS] Usuario admin accedió a index.php
2026-02-23 22:00:43 - [ACCESS] Usuario admin accedió a index.php
2026-02-23 22:01:15 - [ACCESS] Usuario admin accedió a index.php
2026-02-23 22:01:47 - [ACCESS] Usuario admin accedió a index.php
2026-02-23 22:02:19 - [ACCESS] Usuario admin accedió a index.php
2026-02-23 22:02:51 - [ACCESS] Usuario admin accedió a index.php
2026-02-23 22:03:23 - [ACCESS] Usuario admin accedió a index.php
2026-02-23 22:03:55 - [ACCESS] Usuario admin accedió a index.php
2026-02-23 22:04:27 - [ACCESS] Usuario admin accedió a index.php
2026-02-23 22:04:59 - [ACCESS] Usuario admin accedió a index.php
2026-02-23 22:05:31 - [ACCESS] Usuario admin accedió a index.php
2026-02-23 22:06:03 - [ACCESS] Usuario admin accedió a index.php
2026-02-23 22:06:35 - [ACCESS] Usuario admin accedió a index.php
[23-Feb-2026 22:06:35 UTC] Sophía DB Error: Connection refused
2026-02-23 22:07:06 - [ACCESS] Usuario admin accedió a index.php
2026-02-23 22:07:38 - [ACCESS] Usuario admin accedió a index.php
2026-02-23 22:08:10 - [ACCESS] Usuario admin accedió a index.php
2026-02-23 22:08:42 - [ACCESS] Usuario admin accedió a index.php
2026-02-23 22:09:14 - [ACCESS] Usuario admin accedió a index.php
2026-02-23 22:09:46 - [ACCESS] Usuario admin accedió a index.php
2026-02-23 22:10:18 - [ACCESS] Usuario admin accedió a index.php
2026-02-23 22:10:51 - [ACCESS] Usuario admin accedió a index.php
2026-02-23 22:11:23 - [ACCESS] Usuario admin accedió a index.php
2026-02-23 22:11:55 - [ACCESS] Usuario admin accedió a index.php
2026-02-23 22:12:27 - [ACCESS] Usuario admin accedió a index.php
2026-02-23 22:12:59 - [ACCESS] Usuario admin accedió a index.php
2026-02-23 22:13:31 - [ACCESS] Usuario admin accedió a index.php
2026-02-23 22:14:03 - [ACCESS] Usuario admin accedió a index.php
2026-02-23 22:14:35 - [ACCESS] Usuario admin accedió a index.php
2026-02-23 22:15:07 - [ACCESS] Usuario admin accedió a index.php
2026-02-23 22:15:39 - [ACCESS] Usuario admin accedió a index.php
2026-02-23 22:16:11 - [ACCESS] Usuario admin accedió a index.php
2026-02-23 22:16:43 - [ACCESS] Usuario admin accedió a index.php
2026-02-23 22:17:15 - [ACCESS] Usuario admin accedió a index.php
2026-02-23 22:17:47 - [ACCESS] Usuario admin accedió a index.php
2026-02-23 22:18:19 - [ACCESS] Usuario admin accedió a index.php
2026-02-23 22:18:51 - [ACCESS] Usuario admin accedió a index.php
2026-02-23 22:19:23 - [ACCESS] Usuario admin accedió a index.php
2026-02-23 22:19:55 - [ACCESS] Usuario admin accedió a index.php
2026-02-23 22:20:27 - [ACCESS] Usuario admin accedió a index.php
2026-02-23 22:20:59 - [ACCESS] Usuario admin accedió a index.php
2026-02-23 22:21:31 - [ACCESS] Usuario admin accedió a index.php
2026-02-23 22:22:03 - [ACCESS] Usuario admin accedió a index.php
2026-02-23 22:22:35 - [ACCESS] Usuario admin accedió a index.php
2026-02-23 22:23:07 - [ACCESS] Usuario admin accedió a index.php
2026-02-23 22:23:39 - [ACCESS] Usuario admin accedió a index.php
2026-02-23 22:24:11 - [ACCESS] Usuario admin accedió a index.php
2026-02-23 22:24:43 - [ACCESS] Usuario admin accedió a index.php
2026-02-23 22:25:15 - [ACCESS] Usuario admin accedió a index.php
2026-02-23 22:25:47 - [ACCESS] Usuario admin accedió a index.php
2026-02-23 22:26:19 - [ACCESS] Usuario admin accedió a index.php
2026-02-23 22:26:51 - [ACCESS] Usuario admin accedió a index.php
2026-02-23 22:27:23 - [ACCESS] Usuario admin accedió a index.php
2026-02-23 22:27:55 - [ACCESS] Usuario admin accedió a index.php
2026-02-23 22:28:27 - [ACCESS] Usuario admin accedió a index.php
2026-02-23 22:28:59 - [ACCESS] Usuario admin accedió a index.php
2026-02-23 22:29:31 - [ACCESS] Usuario admin accedió a index.php
2026-02-23 22:30:04 - [ACCESS] Usuario admin accedió a index.php
2026-02-23 22:30:35 - [ACCESS] Usuario admin accedió a index.php
2026-02-23 22:31:07 - [ACCESS] Usuario admin accedió a index.php
2026-02-23 22:31:39 - [ACCESS] Usuario admin accedió a index.php
2026-02-23 22:32:11 - [ACCESS] Usuario admin accedió a index.php
2026-02-23 22:32:43 - [ACCESS] Usuario admin accedió a index.php
2026-02-23 22:33:15 - [ACCESS] Usuario admin accedió a index.php
2026-02-23 22:33:47 - [ACCESS] Usuario admin accedió a index.php
2026-02-23 22:34:19 - [ACCESS] Usuario admin accedió a index.php
2026-02-23 22:34:51 - [ACCESS] Usuario admin accedió a index.php
2026-02-23 22:35:23 - [ACCESS] Usuario admin accedió a index.php
2026-02-23 22:35:55 - [ACCESS] Usuario admin accedió a index.php
2026-02-23 22:36:27 - [ACCESS] Usuario admin accedió a index.php
2026-02-23 22:36:59 - [ACCESS] Usuario admin accedió a index.php
2026-02-23 22:37:31 - [ACCESS] Usuario admin accedió a index.php
2026-02-23 22:38:03 - [ACCESS] Usuario admin accedió a index.php
2026-02-23 22:38:35 - [ACCESS] Usuario admin accedió a index.php
2026-02-23 22:39:07 - [ACCESS] Usuario admin accedió a index.php
2026-02-23 22:39:39 - [ACCESS] Usuario admin accedió a index.php
2026-02-23 22:40:11 - [ACCESS] Usuario admin accedió a index.php
2026-02-23 22:40:43 - [ACCESS] Usuario admin accedió a index.php
2026-02-23 22:41:15 - [ACCESS] Usuario admin accedió a index.php
2026-02-23 22:41:47 - [ACCESS] Usuario admin accedió a index.php
2026-02-23 22:42:19 - [ACCESS] Usuario admin accedió a index.php
2026-02-23 22:42:51 - [ACCESS] Usuario admin accedió a index.php
2026-02-23 22:43:23 - [ACCESS] Usuario admin accedió a index.php
2026-02-23 22:43:55 - [ACCESS] Usuario admin accedió a index.php
2026-02-23 22:44:27 - [ACCESS] Usuario admin accedió a index.php
2026-02-23 22:44:59 - [ACCESS] Usuario admin accedió a index.php
2026-02-23 22:45:31 - [ACCESS] Usuario admin accedió a index.php
2026-02-23 22:46:03 - [ACCESS] Usuario admin accedió a index.php
2026-02-23 22:46:35 - [ACCESS] Usuario admin accedió a index.php
2026-02-23 22:47:07 - [ACCESS] Usuario admin accedió a index.php
2026-02-23 22:47:39 - [ACCESS] Usuario admin accedió a index.php
2026-02-23 22:48:11 - [ACCESS] Usuario admin accedió a index.php
2026-02-23 22:48:43 - [ACCESS] Usuario admin accedió a index.php
2026-02-23 22:49:15 - [ACCESS] Usuario admin accedió a index.php
2026-02-23 22:49:47 - [ACCESS] Usuario admin accedió a index.php
2026-02-23 22:50:19 - [ACCESS] Usuario admin accedió a index.php
2026-02-23 22:50:51 - [ACCESS] Usuario admin accedió a index.php
2026-02-23 22:51:23 - [ACCESS] Usuario admin accedió a index.php
2026-02-23 22:51:55 - [ACCESS] Usuario admin accedió a index.php
2026-02-23 22:52:27 - [ACCESS] Usuario admin accedió a index.php
2026-02-23 22:52:59 - [ACCESS] Usuario admin accedió a index.php
2026-02-23 22:53:31 - [ACCESS] Usuario admin accedió a index.php
2026-02-23 22:54:03 - [ACCESS] Usuario admin accedió a index.php
2026-02-23 22:54:35 - [ACCESS] Usuario admin accedió a index.php
2026-02-23 22:55:07 - [ACCESS] Usuario admin accedió a index.php
2026-02-23 22:55:39 - [ACCESS] Usuario admin accedió a index.php
2026-02-23 22:56:11 - [ACCESS] Usuario admin accedió a index.php
2026-02-23 22:56:43 - [ACCESS] Usuario admin accedió a index.php
2026-02-23 22:57:15 - [ACCESS] Usuario admin accedió a index.php
2026-02-23 22:57:47 - [ACCESS] Usuario admin accedió a index.php
2026-02-23 22:58:19 - [ACCESS] Usuario admin accedió a index.php
2026-02-23 22:58:51 - [ACCESS] Usuario admin accedió a index.php
2026-02-23 22:59:23 - [ACCESS] Usuario admin accedió a index.php
2026-02-23 22:59:55 - [ACCESS] Usuario admin accedió a index.php
2026-02-23 23:00:27 - [ACCESS] Usuario admin accedió a index.php
2026-02-23 23:00:59 - [ACCESS] Usuario admin accedió a index.php
2026-02-23 23:01:31 - [ACCESS] Usuario admin accedió a index.php
2026-02-23 23:02:03 - [ACCESS] Usuario admin accedió a index.php
2026-02-23 23:02:35 - [ACCESS] Usuario admin accedió a index.php
2026-02-23 23:03:07 - [ACCESS] Usuario admin accedió a index.php
2026-02-23 23:03:39 - [ACCESS] Usuario admin accedió a index.php
2026-02-23 23:04:11 - [ACCESS] Usuario admin accedió a index.php
2026-02-23 23:04:43 - [ACCESS] Usuario admin accedió a index.php
2026-02-23 23:05:15 - [ACCESS] Usuario admin accedió a index.php
2026-02-23 23:05:47 - [ACCESS] Usuario admin accedió a index.php
2026-02-23 23:06:19 - [ACCESS] Usuario admin accedió a index.php
2026-02-23 23:06:51 - [ACCESS] Usuario admin accedió a index.php
2026-02-23 23:07:23 - [ACCESS] Usuario admin accedió a index.php
2026-02-23 23:07:55 - [ACCESS] Usuario admin accedió a index.php
2026-02-23 23:08:27 - [ACCESS] Usuario admin accedió a index.php
2026-02-23 23:08:59 - [ACCESS] Usuario admin accedió a index.php
2026-02-23 23:09:31 - [ACCESS] Usuario admin accedió a index.php
2026-02-23 23:10:03 - [ACCESS] Usuario admin accedió a index.php
2026-02-23 23:10:35 - [ACCESS] Usuario admin accedió a index.php
2026-02-23 23:11:07 - [ACCESS] Usuario admin accedió a index.php
2026-02-23 23:11:39 - [ACCESS] Usuario admin accedió a index.php
2026-02-23 23:12:11 - [ACCESS] Usuario admin accedió a index.php
2026-02-23 23:12:43 - [ACCESS] Usuario admin accedió a index.php
2026-02-23 23:13:15 - [ACCESS] Usuario admin accedió a index.php
2026-02-23 23:13:47 - [ACCESS] Usuario admin accedió a index.php
2026-02-23 23:14:19 - [ACCESS] Usuario admin accedió a index.php
2026-02-23 23:14:51 - [ACCESS] Usuario admin accedió a index.php
2026-02-23 23:15:23 - [ACCESS] Usuario admin accedió a index.php
2026-02-23 23:15:55 - [ACCESS] Usuario admin accedió a index.php
2026-02-23 23:16:27 - [ACCESS] Usuario admin accedió a index.php
2026-02-23 23:16:59 - [ACCESS] Usuario admin accedió a index.php
2026-02-23 23:17:31 - [ACCESS] Usuario admin accedió a index.php
2026-02-23 23:18:03 - [ACCESS] Usuario admin accedió a index.php
2026-02-23 23:18:35 - [ACCESS] Usuario admin accedió a index.php
2026-02-23 23:19:07 - [ACCESS] Usuario admin accedió a index.php
2026-02-23 23:19:39 - [ACCESS] Usuario admin accedió a index.php
2026-02-23 23:20:11 - [ACCESS] Usuario admin accedió a index.php
2026-02-23 23:20:43 - [ACCESS] Usuario admin accedió a index.php
2026-02-23 23:21:15 - [ACCESS] Usuario admin accedió a index.php
2026-02-23 23:21:47 - [ACCESS] Usuario admin accedió a index.php
2026-02-23 23:22:19 - [ACCESS] Usuario admin accedió a index.php
2026-02-25 03:03:18 - [ACCESS] Login exitoso para usuario: admin
2026-02-25 03:03:18 - [ACCESS] Usuario admin accedió a index.php
2026-02-25 03:03:21 - [ACCESS] Usuario admin accedió a pqrs.php
2026-02-25 03:03:24 - [ACCESS] Usuario admin accedió a reportes.php
2026-02-25 03:03:30 - [ACCESS] Usuario admin accedió a pqrs.php
2026-02-25 03:37:10 - [ACCESS] Login exitoso para usuario: admin
2026-02-25 03:37:10 - [ACCESS] Usuario admin accedió a index.php
2026-02-25 03:37:13 - [ACCESS] Usuario admin accedió a reportes.php
2026-02-25 03:37:14 - [ACCESS] Usuario admin accedió a pqrs.php
2026-02-25 03:55:53 - [ACCESS] Usuario admin accedió a pqrs.php
2026-02-25 03:55:59 - [ACCESS] Usuario admin accedió a pqrs.php
2026-02-25 03:56:06 - [ACCESS] Usuario admin accedió a reportes.php
2026-02-25 04:52:19 - [ACCESS] Login exitoso para usuario: admin
2026-02-25 04:52:20 - [ACCESS] Usuario admin accedió a index.php
2026-02-25 04:52:23 - [ACCESS] Usuario admin accedió a reportes.php
2026-02-25 04:52:27 - [ACCESS] Usuario admin accedió a pqrs.php
2026-02-25 04:52:51 - [ACCESS] Usuario admin accedió a pqrs.php
2026-02-26 02:24:42 - [ACCESS] Login exitoso para usuario: admin
2026-02-26 02:24:42 - [ACCESS] Usuario admin accedió a index.php
2026-02-26 02:25:09 - [ACCESS] Usuario admin accedió a pqrs.php
2026-02-26 02:57:14 - [ACCESS] Usuario admin accedió a pqrs.php
2026-02-26 02:57:18 - [ACCESS] Usuario admin accedió a reportes.php
2026-02-26 21:09:30 - [ACCESS] Login exitoso para usuario: admin
2026-02-26 21:09:30 - [ACCESS] Usuario admin accedió a index.php
2026-02-26 21:09:33 - [ACCESS] Usuario admin accedió a festivos.php
2026-02-26 21:09:34 - [ACCESS] Usuario admin accedió a reportes.php
2026-02-26 21:09:39 - [ACCESS] Usuario admin accedió a pqrs.php
2026-02-26 21:41:44 - [ACCESS] Usuario admin accedió a pqrs.php
2026-02-26 23:27:10 - [ACCESS] Login exitoso para usuario: admin
2026-02-26 23:27:10 - [ACCESS] Usuario admin accedió a index.php
2026-02-26 23:27:12 - [ACCESS] Usuario admin accedió a reportes.php
2026-02-26 23:27:16 - [ACCESS] Usuario admin accedió a pqrs.php
2026-02-27 01:27:00 - [ACCESS] Login exitoso para usuario: admin
2026-02-27 01:27:00 - [ACCESS] Usuario admin accedió a index.php
2026-02-27 01:27:14 - [ACCESS] Usuario admin accedió a pqrs.php
2026-02-27 01:27:20 - [ACCESS] Usuario admin accedió a reportes.php
2026-02-27 20:46:37 - [ACCESS] Login exitoso para usuario: admin
2026-02-27 20:46:37 - [ACCESS] Usuario admin accedió a index.php
2026-02-27 20:46:40 - [ACCESS] Usuario admin accedió a pqrs.php
2026-02-27 20:46:43 - [ACCESS] Usuario admin accedió a reportes.php
2026-02-28 02:36:29 - [ACCESS] Login exitoso para usuario: admin
2026-02-28 02:36:29 - [ACCESS] Usuario admin accedió a index.php
2026-02-28 02:36:32 - [ACCESS] Usuario admin accedió a pqrs.php
2026-02-28 02:36:35 - [ACCESS] Usuario admin accedió a reportes.php
2026-03-02 13:47:02 - [ACCESS] Login exitoso para usuario: admin
2026-03-02 13:47:02 - [ACCESS] Usuario admin accedió a index.php
2026-03-02 13:47:34 - [ACCESS] Usuario admin accedió a index.php
2026-03-02 13:48:05 - [ACCESS] Usuario admin accedió a index.php
2026-03-02 13:48:36 - [ACCESS] Usuario admin accedió a index.php
2026-03-02 13:49:08 - [ACCESS] Usuario admin accedió a index.php
2026-03-02 13:49:40 - [ACCESS] Usuario admin accedió a index.php
2026-03-02 13:50:12 - [ACCESS] Usuario admin accedió a index.php
2026-03-02 13:50:44 - [ACCESS] Usuario admin accedió a index.php
2026-03-02 13:51:16 - [ACCESS] Usuario admin accedió a index.php
2026-03-02 13:51:48 - [ACCESS] Usuario admin accedió a index.php
2026-03-02 13:52:20 - [ACCESS] Usuario admin accedió a index.php
2026-03-02 13:52:52 - [ACCESS] Usuario admin accedió a index.php
2026-03-02 13:53:24 - [ACCESS] Usuario admin accedió a index.php
2026-03-02 13:53:56 - [ACCESS] Usuario admin accedió a index.php
2026-03-02 13:54:28 - [ACCESS] Usuario admin accedió a index.php
2026-03-02 13:55:00 - [ACCESS] Usuario admin accedió a index.php
2026-03-02 13:55:32 - [ACCESS] Usuario admin accedió a index.php
2026-03-02 13:56:04 - [ACCESS] Usuario admin accedió a index.php
2026-03-02 13:56:38 - [ACCESS] Usuario admin accedió a index.php
2026-03-02 13:57:10 - [ACCESS] Usuario admin accedió a index.php
2026-03-02 13:57:42 - [ACCESS] Usuario admin accedió a index.php
2026-03-02 13:58:14 - [ACCESS] Usuario admin accedió a index.php
2026-03-02 13:58:45 - [ACCESS] Usuario admin accedió a index.php
2026-03-02 13:59:16 - [ACCESS] Usuario admin accedió a index.php
2026-03-02 13:59:48 - [ACCESS] Usuario admin accedió a index.php
2026-03-02 14:00:20 - [ACCESS] Usuario admin accedió a index.php
2026-03-02 14:00:51 - [ACCESS] Usuario admin accedió a index.php
2026-03-02 14:01:23 - [ACCESS] Usuario admin accedió a index.php
2026-03-02 14:01:55 - [ACCESS] Usuario admin accedió a index.php
2026-03-02 14:02:27 - [ACCESS] Usuario admin accedió a index.php
2026-03-02 14:02:59 - [ACCESS] Usuario admin accedió a index.php
2026-03-02 14:03:31 - [ACCESS] Usuario admin accedió a index.php
2026-03-02 14:04:03 - [ACCESS] Usuario admin accedió a index.php
2026-03-02 14:04:35 - [ACCESS] Usuario admin accedió a index.php
2026-03-02 14:05:07 - [ACCESS] Usuario admin accedió a index.php
2026-03-02 14:05:39 - [ACCESS] Usuario admin accedió a index.php
2026-03-02 14:06:11 - [ACCESS] Usuario admin accedió a index.php
2026-03-02 14:06:43 - [ACCESS] Usuario admin accedió a index.php
2026-03-02 14:07:15 - [ACCESS] Usuario admin accedió a index.php
2026-03-02 14:07:47 - [ACCESS] Usuario admin accedió a index.php
2026-03-02 14:08:20 - [ACCESS] Usuario admin accedió a index.php
2026-03-02 14:08:51 - [ACCESS] Usuario admin accedió a index.php
2026-03-02 14:09:24 - [ACCESS] Usuario admin accedió a index.php
2026-03-02 14:09:55 - [ACCESS] Usuario admin accedió a index.php
2026-03-02 14:10:27 - [ACCESS] Usuario admin accedió a index.php
2026-03-02 14:10:59 - [ACCESS] Usuario admin accedió a index.php
2026-03-02 14:11:31 - [ACCESS] Usuario admin accedió a index.php
2026-03-02 14:12:03 - [ACCESS] Usuario admin accedió a index.php
2026-03-02 14:12:35 - [ACCESS] Usuario admin accedió a index.php
2026-03-02 14:13:07 - [ACCESS] Usuario admin accedió a index.php
2026-03-02 14:13:39 - [ACCESS] Usuario admin accedió a index.php
2026-03-02 14:14:10 - [ACCESS] Usuario admin accedió a index.php
2026-03-02 14:14:42 - [ACCESS] Usuario admin accedió a index.php
2026-03-02 14:15:14 - [ACCESS] Usuario admin accedió a index.php
2026-03-02 14:15:46 - [ACCESS] Usuario admin accedió a index.php
2026-03-02 14:16:18 - [ACCESS] Usuario admin accedió a index.php
2026-03-02 14:16:50 - [ACCESS] Usuario admin accedió a index.php
2026-03-02 14:17:21 - [ACCESS] Usuario admin accedió a index.php
2026-03-02 14:17:53 - [ACCESS] Usuario admin accedió a index.php
2026-03-02 14:18:25 - [ACCESS] Usuario admin accedió a index.php
2026-03-02 14:18:57 - [ACCESS] Usuario admin accedió a index.php
2026-03-02 14:19:28 - [ACCESS] Usuario admin accedió a index.php
2026-03-02 14:20:00 - [ACCESS] Usuario admin accedió a index.php
2026-03-02 14:20:32 - [ACCESS] Usuario admin accedió a index.php
2026-03-02 14:21:04 - [ACCESS] Usuario admin accedió a index.php
2026-03-02 14:21:36 - [ACCESS] Usuario admin accedió a index.php
2026-03-02 14:22:08 - [ACCESS] Usuario admin accedió a index.php
2026-03-02 14:22:40 - [ACCESS] Usuario admin accedió a index.php
2026-03-02 14:23:12 - [ACCESS] Usuario admin accedió a index.php
2026-03-02 14:23:44 - [ACCESS] Usuario admin accedió a index.php
2026-03-02 14:24:06 - [ACCESS] Usuario admin accedió a reportes.php
2026-03-02 17:34:42 - [ACCESS] Login exitoso para usuario: admin
2026-03-02 17:34:42 - [ACCESS] Usuario admin accedió a index.php
2026-03-02 17:34:45 - [ACCESS] Usuario admin accedió a reportes.php
2026-03-03 01:20:34 - [ACCESS] Login exitoso para usuario: admin
2026-03-03 01:20:34 - [ACCESS] Usuario admin accedió a index.php
2026-03-03 01:20:38 - [ACCESS] Usuario admin accedió a pqrs.php
2026-03-03 01:20:41 - [ACCESS] Usuario admin accedió a reportes.php
2026-03-03 02:18:35 - [ACCESS] Login exitoso para usuario: admin
2026-03-03 02:18:35 - [ACCESS] Usuario admin accedió a index.php
2026-03-03 02:18:37 - [ACCESS] Usuario admin accedió a index.php
2026-03-03 02:18:39 - [ACCESS] Usuario admin accedió a reportes.php
2026-03-03 02:42:47 - [ACCESS] Login exitoso para usuario: admin
2026-03-03 02:42:47 - [ACCESS] Usuario admin accedió a index.php
2026-03-03 02:42:50 - [ACCESS] Usuario admin accedió a reportes.php
2026-03-03 13:19:41 - [ACCESS] Login exitoso para usuario: admin
2026-03-03 13:19:41 - [ACCESS] Usuario admin accedió a index.php
2026-03-03 13:19:47 - [ACCESS] Usuario admin accedió a pqrs.php
2026-03-04 01:31:15 - [ACCESS] Login exitoso para usuario: admin
2026-03-04 01:31:15 - [ACCESS] Usuario admin accedió a index.php
2026-03-04 01:31:19 - [ACCESS] Usuario admin accedió a pqrs.php
2026-03-04 01:31:21 - [ACCESS] Usuario admin accedió a reportes.php
2026-03-04 13:14:38 - [ACCESS] Login exitoso para usuario: admin
2026-03-04 13:14:38 - [ACCESS] Usuario admin accedió a index.php
2026-03-04 13:15:11 - [ACCESS] Usuario admin accedió a index.php
2026-03-04 13:15:43 - [ACCESS] Usuario admin accedió a index.php
2026-03-04 13:16:15 - [ACCESS] Usuario admin accedió a index.php
2026-03-04 13:16:47 - [ACCESS] Usuario admin accedió a index.php
2026-03-04 13:17:19 - [ACCESS] Usuario admin accedió a index.php
2026-03-04 13:17:51 - [ACCESS] Usuario admin accedió a index.php
2026-03-04 13:18:23 - [ACCESS] Usuario admin accedió a index.php
2026-03-04 13:18:55 - [ACCESS] Usuario admin accedió a index.php
2026-03-04 13:19:27 - [ACCESS] Usuario admin accedió a index.php
2026-03-04 13:19:58 - [ACCESS] Usuario admin accedió a index.php
2026-03-04 13:20:30 - [ACCESS] Usuario admin accedió a index.php
2026-03-04 13:21:02 - [ACCESS] Usuario admin accedió a index.php
2026-03-04 13:21:34 - [ACCESS] Usuario admin accedió a index.php
2026-03-04 13:22:06 - [ACCESS] Usuario admin accedió a index.php
2026-03-04 13:22:38 - [ACCESS] Usuario admin accedió a index.php
2026-03-04 13:23:10 - [ACCESS] Usuario admin accedió a index.php
2026-03-04 13:23:42 - [ACCESS] Usuario admin accedió a index.php
2026-03-04 13:24:14 - [ACCESS] Usuario admin accedió a index.php
2026-03-04 13:24:46 - [ACCESS] Usuario admin accedió a index.php
2026-03-04 13:25:18 - [ACCESS] Usuario admin accedió a index.php
2026-03-04 13:25:50 - [ACCESS] Usuario admin accedió a index.php
2026-03-04 13:26:22 - [ACCESS] Usuario admin accedió a index.php
2026-03-04 13:26:54 - [ACCESS] Usuario admin accedió a index.php
2026-03-04 13:27:26 - [ACCESS] Usuario admin accedió a index.php
2026-03-04 13:27:58 - [ACCESS] Usuario admin accedió a index.php
2026-03-04 13:28:30 - [ACCESS] Usuario admin accedió a index.php
2026-03-04 13:29:02 - [ACCESS] Usuario admin accedió a index.php
2026-03-04 13:29:34 - [ACCESS] Usuario admin accedió a index.php
2026-03-04 13:30:06 - [ACCESS] Usuario admin accedió a index.php
2026-03-04 13:30:38 - [ACCESS] Usuario admin accedió a index.php
2026-03-04 13:31:10 - [ACCESS] Usuario admin accedió a index.php
2026-03-04 13:31:42 - [ACCESS] Usuario admin accedió a index.php
2026-03-04 13:32:14 - [ACCESS] Usuario admin accedió a index.php
2026-03-04 13:32:38 - [ACCESS] Usuario admin accedió a reportes.php
2026-03-04 13:32:39 - [ACCESS] Usuario admin accedió a pqrs.php
2026-03-04 13:32:39 - [ACCESS] Usuario admin accedió a reportes.php
2026-03-04 14:46:51 - [ACCESS] Login exitoso para usuario: admin
2026-03-04 14:46:51 - [ACCESS] Usuario admin accedió a index.php
2026-03-04 14:47:22 - [ACCESS] Usuario admin accedió a index.php
2026-03-04 14:47:29 - [ACCESS] Usuario admin accedió a reportes.php
2026-03-04 14:47:53 - [ACCESS] Usuario admin accedió a pqrs.php
2026-03-04 23:27:52 - [ACCESS] Login exitoso para usuario: admin
2026-03-04 23:27:52 - [ACCESS] Usuario admin accedió a index.php
2026-03-04 23:27:54 - [ACCESS] Usuario admin accedió a reportes.php
2026-03-05 00:59:13 - [ACCESS] Login exitoso para usuario: admin
2026-03-05 00:59:13 - [ACCESS] Usuario admin accedió a index.php
2026-03-05 00:59:15 - [ACCESS] Usuario admin accedió a pqrs.php
2026-03-05 00:59:19 - [ACCESS] Usuario admin accedió a reportes.php
2026-03-05 23:57:11 - [ACCESS] Login exitoso para usuario: admin
2026-03-05 23:57:11 - [ACCESS] Usuario admin accedió a index.php
2026-03-05 23:57:14 - [ACCESS] Usuario admin accedió a reportes.php
2026-03-06 13:26:33 - [ACCESS] Login exitoso para usuario: admin
2026-03-06 13:26:33 - [ACCESS] Usuario admin accedió a index.php
2026-03-06 13:26:39 - [ACCESS] Usuario admin accedió a reportes.php
2026-03-06 13:29:25 - [ACCESS] Usuario admin accedió a reportes.php
2026-03-06 13:30:19 - [ACCESS] Usuario admin accedió a reportes.php
2026-03-06 13:30:21 - [ACCESS] Usuario admin accedió a pqrs.php
2026-03-06 19:28:00 - [ACCESS] Login exitoso para usuario: admin
2026-03-06 19:28:00 - [ACCESS] Usuario admin accedió a index.php
2026-03-06 19:28:03 - [ACCESS] Usuario admin accedió a reportes.php
2026-03-06 19:28:06 - [ACCESS] Usuario admin accedió a pqrs.php
2026-03-06 23:13:44 - [ACCESS] Login exitoso para usuario: admin
2026-03-06 23:13:44 - [ACCESS] Usuario admin accedió a index.php
2026-03-06 23:13:47 - [ACCESS] Usuario admin accedió a pqrs.php
2026-03-06 23:41:29 - [ACCESS] Usuario admin accedió a pqrs.php
2026-03-06 23:57:11 - [ACCESS] Usuario admin accedió a pqrs.php
2026-03-06 23:57:15 - [ACCESS] Usuario admin accedió a pqrs.php
2026-03-06 23:57:17 - [ACCESS] Usuario admin accedió a reportes.php
2026-03-09 13:22:14 - [ACCESS] Login exitoso para usuario: admin
2026-03-09 13:22:14 - [ACCESS] Usuario admin accedió a index.php
2026-03-09 13:22:18 - [ACCESS] Usuario admin accedió a reportes.php
2026-03-09 17:25:25 - [ACCESS] Login exitoso para usuario: admin
2026-03-09 17:25:25 - [ACCESS] Usuario admin accedió a index.php
2026-03-09 17:25:27 - [ACCESS] Usuario admin accedió a reportes.php
2026-03-09 17:25:29 - [ACCESS] Usuario admin accedió a pqrs.php
2026-03-09 20:49:51 - [ACCESS] Login exitoso para usuario: admin
2026-03-09 20:49:51 - [ACCESS] Usuario admin accedió a index.php
2026-03-09 20:49:54 - [ACCESS] Usuario admin accedió a reportes.php
2026-03-09 21:08:22 - [ACCESS] Usuario admin accedió a index.php
2026-03-09 21:08:53 - [ACCESS] Usuario admin accedió a index.php
2026-03-09 21:09:25 - [ACCESS] Usuario admin accedió a index.php
2026-03-09 21:09:56 - [ACCESS] Usuario admin accedió a index.php
2026-03-09 21:10:27 - [ACCESS] Usuario admin accedió a index.php
2026-03-09 21:10:59 - [ACCESS] Usuario admin accedió a index.php
2026-03-09 21:11:31 - [ACCESS] Usuario admin accedió a index.php
2026-03-09 21:12:03 - [ACCESS] Usuario admin accedió a index.php
2026-03-09 21:12:35 - [ACCESS] Usuario admin accedió a index.php
2026-03-09 21:13:07 - [ACCESS] Usuario admin accedió a index.php
2026-03-09 21:13:39 - [ACCESS] Usuario admin accedió a index.php
2026-03-09 21:14:11 - [ACCESS] Usuario admin accedió a index.php
2026-03-09 21:14:43 - [ACCESS] Usuario admin accedió a index.php
2026-03-09 21:15:15 - [ACCESS] Usuario admin accedió a index.php
2026-03-09 21:15:47 - [ACCESS] Usuario admin accedió a index.php
2026-03-09 21:16:19 - [ACCESS] Usuario admin accedió a index.php
2026-03-09 21:16:51 - [ACCESS] Usuario admin accedió a index.php
2026-03-09 21:17:23 - [ACCESS] Usuario admin accedió a index.php
2026-03-09 21:17:55 - [ACCESS] Usuario admin accedió a index.php
2026-03-09 21:18:27 - [ACCESS] Usuario admin accedió a index.php
2026-03-09 21:18:59 - [ACCESS] Usuario admin accedió a index.php
2026-03-09 21:19:31 - [ACCESS] Usuario admin accedió a index.php
2026-03-09 21:20:03 - [ACCESS] Usuario admin accedió a index.php
2026-03-09 21:20:35 - [ACCESS] Usuario admin accedió a index.php
2026-03-09 21:21:07 - [ACCESS] Usuario admin accedió a index.php
2026-03-09 21:21:39 - [ACCESS] Usuario admin accedió a index.php
2026-03-09 21:22:11 - [ACCESS] Usuario admin accedió a index.php
2026-03-09 21:22:43 - [ACCESS] Usuario admin accedió a index.php
2026-03-09 21:23:15 - [ACCESS] Usuario admin accedió a index.php
2026-03-09 21:23:47 - [ACCESS] Usuario admin accedió a index.php
2026-03-09 21:24:19 - [ACCESS] Usuario admin accedió a index.php
2026-03-09 21:24:51 - [ACCESS] Usuario admin accedió a index.php
2026-03-09 21:25:23 - [ACCESS] Usuario admin accedió a index.php
2026-03-09 21:25:55 - [ACCESS] Usuario admin accedió a index.php
2026-03-09 21:26:27 - [ACCESS] Usuario admin accedió a index.php
2026-03-09 21:26:59 - [ACCESS] Usuario admin accedió a index.php
2026-03-09 21:27:31 - [ACCESS] Usuario admin accedió a index.php
2026-03-09 21:28:03 - [ACCESS] Usuario admin accedió a index.php
2026-03-09 21:28:35 - [ACCESS] Usuario admin accedió a index.php
2026-03-09 21:29:07 - [ACCESS] Usuario admin accedió a index.php
2026-03-09 21:29:39 - [ACCESS] Usuario admin accedió a index.php
2026-03-09 21:30:11 - [ACCESS] Usuario admin accedió a index.php
2026-03-09 21:30:43 - [ACCESS] Usuario admin accedió a index.php
2026-03-09 21:31:15 - [ACCESS] Usuario admin accedió a index.php
2026-03-09 21:31:47 - [ACCESS] Usuario admin accedió a index.php
2026-03-09 21:32:19 - [ACCESS] Usuario admin accedió a index.php
2026-03-09 21:32:51 - [ACCESS] Usuario admin accedió a index.php
2026-03-09 21:33:23 - [ACCESS] Usuario admin accedió a index.php
2026-03-09 21:33:55 - [ACCESS] Usuario admin accedió a index.php
2026-03-09 21:34:27 - [ACCESS] Usuario admin accedió a index.php
2026-03-09 21:34:59 - [ACCESS] Usuario admin accedió a index.php
2026-03-09 21:35:28 - [ACCESS] Usuario admin accedió a reportes.php
2026-03-09 21:35:31 - [ACCESS] Usuario admin accedió a pqrs.php
2026-03-09 22:03:35 - [ACCESS] Login exitoso para usuario: admin
2026-03-09 22:03:35 - [ACCESS] Usuario admin accedió a index.php
2026-03-09 22:04:06 - [ACCESS] Usuario admin accedió a index.php
2026-03-09 22:04:37 - [ACCESS] Usuario admin accedió a index.php
2026-03-09 22:05:09 - [ACCESS] Usuario admin accedió a index.php
2026-03-09 22:05:41 - [ACCESS] Usuario admin accedió a index.php
2026-03-09 22:06:13 - [ACCESS] Usuario admin accedió a index.php
2026-03-09 22:06:45 - [ACCESS] Usuario admin accedió a index.php
2026-03-09 22:07:17 - [ACCESS] Usuario admin accedió a index.php
2026-03-09 22:07:49 - [ACCESS] Usuario admin accedió a index.php
2026-03-09 22:08:21 - [ACCESS] Usuario admin accedió a index.php
2026-03-09 22:08:53 - [ACCESS] Usuario admin accedió a index.php
2026-03-09 22:09:25 - [ACCESS] Usuario admin accedió a index.php
2026-03-09 22:09:57 - [ACCESS] Usuario admin accedió a index.php
2026-03-09 22:10:29 - [ACCESS] Usuario admin accedió a index.php
2026-03-09 22:11:01 - [ACCESS] Usuario admin accedió a index.php
2026-03-09 22:11:33 - [ACCESS] Usuario admin accedió a index.php
2026-03-09 22:12:05 - [ACCESS] Usuario admin accedió a index.php
2026-03-09 22:12:37 - [ACCESS] Usuario admin accedió a index.php
2026-03-09 22:13:09 - [ACCESS] Usuario admin accedió a index.php
2026-03-09 22:13:41 - [ACCESS] Usuario admin accedió a index.php
2026-03-09 22:14:13 - [ACCESS] Usuario admin accedió a index.php
2026-03-09 22:14:45 - [ACCESS] Usuario admin accedió a index.php
2026-03-09 22:15:17 - [ACCESS] Usuario admin accedió a index.php
2026-03-09 22:15:49 - [ACCESS] Usuario admin accedió a index.php
2026-03-09 22:16:21 - [ACCESS] Usuario admin accedió a index.php
2026-03-09 22:16:53 - [ACCESS] Usuario admin accedió a index.php
2026-03-09 22:17:24 - [ACCESS] Usuario admin accedió a index.php
2026-03-09 22:17:56 - [ACCESS] Usuario admin accedió a index.php
2026-03-09 22:18:28 - [ACCESS] Usuario admin accedió a index.php
2026-03-09 22:19:00 - [ACCESS] Usuario admin accedió a index.php
2026-03-09 22:19:32 - [ACCESS] Usuario admin accedió a index.php
2026-03-09 22:20:04 - [ACCESS] Usuario admin accedió a index.php
2026-03-09 22:20:36 - [ACCESS] Usuario admin accedió a index.php
2026-03-09 22:21:08 - [ACCESS] Usuario admin accedió a index.php
2026-03-09 22:21:40 - [ACCESS] Usuario admin accedió a index.php
2026-03-09 22:22:12 - [ACCESS] Usuario admin accedió a index.php
2026-03-09 22:22:44 - [ACCESS] Usuario admin accedió a index.php
2026-03-09 22:23:16 - [ACCESS] Usuario admin accedió a index.php
2026-03-09 22:23:48 - [ACCESS] Usuario admin accedió a index.php
2026-03-09 22:24:20 - [ACCESS] Usuario admin accedió a index.php
2026-03-09 22:24:52 - [ACCESS] Usuario admin accedió a index.php
2026-03-09 22:25:24 - [ACCESS] Usuario admin accedió a index.php
2026-03-09 22:25:55 - [ACCESS] Usuario admin accedió a index.php
2026-03-09 22:26:26 - [ACCESS] Usuario admin accedió a index.php
2026-03-09 22:26:57 - [ACCESS] Usuario admin accedió a index.php
2026-03-09 22:27:28 - [ACCESS] Usuario admin accedió a index.php
2026-03-09 22:27:59 - [ACCESS] Usuario admin accedió a index.php
2026-03-09 22:28:30 - [ACCESS] Usuario admin accedió a index.php
2026-03-09 22:29:01 - [ACCESS] Usuario admin accedió a index.php
2026-03-09 22:29:32 - [ACCESS] Usuario admin accedió a index.php
2026-03-09 22:30:04 - [ACCESS] Usuario admin accedió a index.php
2026-03-09 22:30:36 - [ACCESS] Usuario admin accedió a index.php
2026-03-09 22:31:08 - [ACCESS] Usuario admin accedió a index.php
2026-03-09 22:31:40 - [ACCESS] Usuario admin accedió a index.php
2026-03-09 22:32:12 - [ACCESS] Usuario admin accedió a index.php
2026-03-09 22:32:44 - [ACCESS] Usuario admin accedió a index.php
2026-03-09 22:33:16 - [ACCESS] Usuario admin accedió a index.php
2026-03-09 22:33:48 - [ACCESS] Usuario admin accedió a index.php
2026-03-09 22:34:20 - [ACCESS] Usuario admin accedió a index.php
2026-03-09 22:34:52 - [ACCESS] Usuario admin accedió a index.php
2026-03-09 22:35:24 - [ACCESS] Usuario admin accedió a index.php
2026-03-09 22:35:56 - [ACCESS] Usuario admin accedió a index.php
2026-03-09 22:36:28 - [ACCESS] Usuario admin accedió a index.php
2026-03-09 22:37:00 - [ACCESS] Usuario admin accedió a index.php
2026-03-09 22:37:32 - [ACCESS] Usuario admin accedió a index.php
2026-03-09 22:38:04 - [ACCESS] Usuario admin accedió a index.php
2026-03-09 22:38:36 - [ACCESS] Usuario admin accedió a index.php
2026-03-09 22:39:08 - [ACCESS] Usuario admin accedió a index.php
2026-03-09 22:39:40 - [ACCESS] Usuario admin accedió a index.php
2026-03-09 22:40:12 - [ACCESS] Usuario admin accedió a index.php
2026-03-09 22:40:44 - [ACCESS] Usuario admin accedió a index.php
2026-03-09 22:41:16 - [ACCESS] Usuario admin accedió a index.php
2026-03-09 22:41:48 - [ACCESS] Usuario admin accedió a index.php
2026-03-09 22:42:20 - [ACCESS] Usuario admin accedió a index.php
2026-03-09 22:42:52 - [ACCESS] Usuario admin accedió a index.php
2026-03-09 22:43:24 - [ACCESS] Usuario admin accedió a index.php
2026-03-09 22:43:56 - [ACCESS] Usuario admin accedió a index.php
2026-03-09 22:44:28 - [ACCESS] Usuario admin accedió a index.php
2026-03-09 22:45:00 - [ACCESS] Usuario admin accedió a index.php
2026-03-09 22:45:32 - [ACCESS] Usuario admin accedió a index.php
2026-03-09 22:46:04 - [ACCESS] Usuario admin accedió a index.php
2026-03-09 22:46:36 - [ACCESS] Usuario admin accedió a index.php
2026-03-09 22:47:08 - [ACCESS] Usuario admin accedió a index.php
2026-03-09 22:47:40 - [ACCESS] Usuario admin accedió a index.php
2026-03-09 22:48:12 - [ACCESS] Usuario admin accedió a index.php
2026-03-09 22:48:44 - [ACCESS] Usuario admin accedió a index.php
2026-03-09 22:49:16 - [ACCESS] Usuario admin accedió a index.php
2026-03-09 22:49:48 - [ACCESS] Usuario admin accedió a index.php
2026-03-09 22:50:20 - [ACCESS] Usuario admin accedió a index.php
2026-03-09 22:50:52 - [ACCESS] Usuario admin accedió a index.php
2026-03-09 22:51:24 - [ACCESS] Usuario admin accedió a index.php
2026-03-09 22:51:56 - [ACCESS] Usuario admin accedió a index.php
2026-03-09 22:52:28 - [ACCESS] Usuario admin accedió a index.php
2026-03-09 22:53:00 - [ACCESS] Usuario admin accedió a index.php
2026-03-09 22:53:32 - [ACCESS] Usuario admin accedió a index.php
2026-03-09 22:54:04 - [ACCESS] Usuario admin accedió a index.php
2026-03-09 22:54:36 - [ACCESS] Usuario admin accedió a index.php
2026-03-09 22:55:08 - [ACCESS] Usuario admin accedió a index.php
2026-03-09 22:55:40 - [ACCESS] Usuario admin accedió a index.php
2026-03-09 22:56:12 - [ACCESS] Usuario admin accedió a index.php
2026-03-09 22:56:44 - [ACCESS] Usuario admin accedió a index.php
2026-03-09 22:57:16 - [ACCESS] Usuario admin accedió a index.php
2026-03-09 22:57:48 - [ACCESS] Usuario admin accedió a index.php
2026-03-09 22:58:20 - [ACCESS] Usuario admin accedió a index.php
2026-03-09 22:58:52 - [ACCESS] Usuario admin accedió a index.php
2026-03-09 22:59:24 - [ACCESS] Usuario admin accedió a index.php
2026-03-09 22:59:56 - [ACCESS] Usuario admin accedió a index.php
2026-03-09 23:00:28 - [ACCESS] Usuario admin accedió a index.php
2026-03-09 23:01:00 - [ACCESS] Usuario admin accedió a index.php
2026-03-09 23:01:32 - [ACCESS] Usuario admin accedió a index.php
2026-03-09 23:02:04 - [ACCESS] Usuario admin accedió a index.php
2026-03-09 23:02:36 - [ACCESS] Usuario admin accedió a index.php
2026-03-09 23:03:08 - [ACCESS] Usuario admin accedió a index.php
2026-03-09 23:03:40 - [ACCESS] Usuario admin accedió a index.php
2026-03-09 23:04:12 - [ACCESS] Usuario admin accedió a index.php
2026-03-09 23:04:44 - [ACCESS] Usuario admin accedió a index.php
2026-03-09 23:05:16 - [ACCESS] Usuario admin accedió a index.php
2026-03-09 23:05:48 - [ACCESS] Usuario admin accedió a index.php
2026-03-09 23:06:20 - [ACCESS] Usuario admin accedió a index.php
2026-03-09 23:06:52 - [ACCESS] Usuario admin accedió a index.php
2026-03-09 23:07:24 - [ACCESS] Usuario admin accedió a index.php
2026-03-09 23:07:56 - [ACCESS] Usuario admin accedió a index.php
2026-03-09 23:08:28 - [ACCESS] Usuario admin accedió a index.php
2026-03-09 23:09:00 - [ACCESS] Usuario admin accedió a index.php
2026-03-09 23:09:32 - [ACCESS] Usuario admin accedió a index.php
2026-03-09 23:10:04 - [ACCESS] Usuario admin accedió a index.php
2026-03-09 23:10:36 - [ACCESS] Usuario admin accedió a index.php
2026-03-09 23:11:08 - [ACCESS] Usuario admin accedió a index.php
2026-03-09 23:11:40 - [ACCESS] Usuario admin accedió a index.php
2026-03-09 23:12:12 - [ACCESS] Usuario admin accedió a index.php
2026-03-09 23:40:06 - [ACCESS] Usuario admin accedió a index.php
2026-03-09 23:40:40 - [ACCESS] Usuario admin accedió a index.php
2026-03-09 23:42:07 - [ACCESS] Usuario admin accedió a index.php
2026-03-09 23:42:44 - [ACCESS] Usuario admin accedió a index.php
2026-03-09 23:43:16 - [ACCESS] Usuario admin accedió a index.php
2026-03-10 00:55:48 - [ACCESS] Login exitoso para usuario: admin
2026-03-10 00:55:48 - [ACCESS] Usuario admin accedió a index.php
2026-03-10 00:55:51 - [ACCESS] Usuario admin accedió a reportes.php
2026-03-11 02:53:30 - [ACCESS] Login exitoso para usuario: admin
2026-03-11 02:53:30 - [ACCESS] Usuario admin accedió a index.php
2026-03-11 02:53:42 - [ACCESS] Usuario admin accedió a reportes.php
2026-03-11 02:53:50 - [ACCESS] Usuario admin accedió a pqrs.php
2026-03-11 03:58:26 - [ACCESS] Login exitoso para usuario: admin
2026-03-11 03:58:26 - [ACCESS] Usuario admin accedió a index.php
2026-03-11 03:58:30 - [ACCESS] Usuario admin accedió a pqrs.php
2026-03-11 03:58:37 - [ACCESS] Usuario admin accedió a reportes.php
2026-03-11 12:49:05 - [ACCESS] Login exitoso para usuario: admin
2026-03-11 12:49:05 - [ACCESS] Usuario admin accedió a index.php
2026-03-11 12:49:37 - [ACCESS] Usuario admin accedió a index.php
2026-03-11 12:50:09 - [ACCESS] Usuario admin accedió a index.php
2026-03-11 12:50:41 - [ACCESS] Usuario admin accedió a index.php
2026-03-11 12:51:13 - [ACCESS] Usuario admin accedió a index.php
2026-03-11 12:51:45 - [ACCESS] Usuario admin accedió a index.php
2026-03-11 12:52:17 - [ACCESS] Usuario admin accedió a index.php
2026-03-11 12:52:49 - [ACCESS] Usuario admin accedió a index.php
2026-03-11 12:53:21 - [ACCESS] Usuario admin accedió a index.php
2026-03-11 12:53:53 - [ACCESS] Usuario admin accedió a index.php
2026-03-11 12:54:25 - [ACCESS] Usuario admin accedió a index.php
2026-03-11 12:54:57 - [ACCESS] Usuario admin accedió a index.php
2026-03-11 12:55:30 - [ACCESS] Usuario admin accedió a index.php
2026-03-11 12:56:02 - [ACCESS] Usuario admin accedió a index.php
2026-03-11 12:56:34 - [ACCESS] Usuario admin accedió a index.php
2026-03-11 12:57:06 - [ACCESS] Usuario admin accedió a index.php
2026-03-11 12:57:38 - [ACCESS] Usuario admin accedió a index.php
2026-03-11 12:58:10 - [ACCESS] Usuario admin accedió a index.php
2026-03-11 12:58:42 - [ACCESS] Usuario admin accedió a index.php
2026-03-11 12:59:14 - [ACCESS] Usuario admin accedió a index.php
2026-03-11 12:59:46 - [ACCESS] Usuario admin accedió a index.php
2026-03-11 13:00:18 - [ACCESS] Usuario admin accedió a index.php
2026-03-11 13:00:50 - [ACCESS] Usuario admin accedió a index.php
2026-03-11 13:01:22 - [ACCESS] Usuario admin accedió a index.php
2026-03-11 13:01:54 - [ACCESS] Usuario admin accedió a index.php
2026-03-11 13:02:26 - [ACCESS] Usuario admin accedió a index.php
2026-03-11 13:02:58 - [ACCESS] Usuario admin accedió a index.php
2026-03-11 13:03:30 - [ACCESS] Usuario admin accedió a index.php
2026-03-11 13:04:02 - [ACCESS] Usuario admin accedió a index.php
2026-03-11 13:04:34 - [ACCESS] Usuario admin accedió a index.php
2026-03-11 13:05:06 - [ACCESS] Usuario admin accedió a index.php
2026-03-11 13:05:38 - [ACCESS] Usuario admin accedió a index.php
2026-03-11 13:06:10 - [ACCESS] Usuario admin accedió a index.php
2026-03-11 13:06:41 - [ACCESS] Usuario admin accedió a reportes.php
2026-03-11 13:06:42 - [ACCESS] Usuario admin accedió a index.php
2026-03-11 13:06:43 - [ACCESS] Usuario admin accedió a pqrs.php
2026-03-11 23:13:09 - [ACCESS] Login exitoso para usuario: admin
2026-03-11 23:13:09 - [ACCESS] Usuario admin accedió a index.php
2026-03-11 23:13:12 - [ACCESS] Usuario admin accedió a reportes.php
2026-03-12 01:54:19 - [ACCESS] Login exitoso para usuario: admin
2026-03-12 01:54:19 - [ACCESS] Usuario admin accedió a index.php
2026-03-12 01:54:25 - [ACCESS] Usuario admin accedió a reportes.php
2026-03-12 01:54:38 - [ACCESS] Usuario admin accedió a reportes.php
2026-03-12 01:54:38 - [ACCESS] Usuario admin accedió a index.php
2026-03-12 01:55:10 - [ACCESS] Usuario admin accedió a index.php
2026-03-12 01:55:20 - [ACCESS] Usuario admin accedió a index.php
2026-03-12 14:43:38 - [ACCESS] Login exitoso para usuario: admin
2026-03-12 14:43:38 - [ACCESS] Usuario admin accedió a index.php
2026-03-12 14:43:41 - [ACCESS] Usuario admin accedió a reportes.php
2026-03-12 14:44:05 - [ACCESS] Usuario admin accedió a pqrs.php
2026-03-12 14:48:51 - [ACCESS] Usuario admin accedió a pqrs.php
2026-03-12 14:49:19 - [ACCESS] Usuario admin accedió a pqrs.php
2026-03-12 14:50:16 - [ACCESS] Usuario admin accedió a reportes.php
2026-03-12 14:51:24 - [ACCESS] Usuario admin accedió a pqrs.php
2026-03-12 14:51:28 - [ACCESS] Usuario admin accedió a index.php
2026-03-12 14:52:00 - [ACCESS] Usuario admin accedió a index.php
2026-03-12 14:52:31 - [ACCESS] Usuario admin accedió a index.php
2026-03-12 14:53:02 - [ACCESS] Usuario admin accedió a index.php
2026-03-12 14:53:33 - [ACCESS] Usuario admin accedió a index.php
2026-03-12 14:54:04 - [ACCESS] Usuario admin accedió a index.php
2026-03-12 14:54:35 - [ACCESS] Usuario admin accedió a index.php
2026-03-12 14:55:06 - [ACCESS] Usuario admin accedió a index.php
2026-03-12 14:55:23 - [ACCESS] Usuario admin accedió a pqrs.php
2026-03-12 14:59:04 - [ACCESS] Usuario admin accedió a pqrs.php
2026-03-12 14:59:07 - [ACCESS] Usuario admin accedió a reportes.php
2026-03-12 20:50:23 - [ACCESS] Login exitoso para usuario: admin
2026-03-12 20:50:23 - [ACCESS] Usuario admin accedió a index.php
2026-03-12 20:50:28 - [ACCESS] Usuario admin accedió a reportes.php
2026-03-12 20:50:31 - [ACCESS] Usuario admin accedió a pqrs.php
2026-03-13 02:47:22 - [ACCESS] Login exitoso para usuario: admin
2026-03-13 02:47:24 - [ACCESS] Usuario admin accedió a index.php
2026-03-13 02:47:56 - [ACCESS] Usuario admin accedió a index.php
2026-03-13 02:48:30 - [ACCESS] Usuario admin accedió a index.php
2026-03-13 02:49:03 - [ACCESS] Usuario admin accedió a index.php
2026-03-13 02:49:36 - [ACCESS] Usuario admin accedió a index.php
2026-03-13 02:50:10 - [ACCESS] Usuario admin accedió a index.php
2026-03-13 02:50:42 - [ACCESS] Usuario admin accedió a index.php
2026-03-13 02:51:14 - [ACCESS] Usuario admin accedió a index.php
2026-03-13 02:51:46 - [ACCESS] Usuario admin accedió a index.php
2026-03-13 02:52:18 - [ACCESS] Usuario admin accedió a index.php
2026-03-13 02:52:33 - [ACCESS] Usuario admin accedió a pqrs.php
2026-03-13 03:08:13 - [ACCESS] Usuario admin accedió a pqrs.php
2026-03-13 03:08:18 - [ACCESS] Usuario admin accedió a reportes.php
2026-03-13 03:08:28 - [ACCESS] Usuario admin accedió a pqrs.php
2026-03-13 19:36:37 - [ACCESS] Login exitoso para usuario: admin
2026-03-13 19:36:37 - [ACCESS] Usuario admin accedió a index.php
2026-03-13 19:36:40 - [ACCESS] Usuario admin accedió a pqrs.php
2026-03-13 19:57:43 - [ACCESS] Usuario admin accedió a index.php
2026-03-13 22:26:23 - [ACCESS] Login exitoso para usuario: admin
2026-03-13 22:26:23 - [ACCESS] Usuario admin accedió a index.php
2026-03-13 22:26:25 - [ACCESS] Usuario admin accedió a reportes.php
2026-03-13 22:26:29 - [ACCESS] Usuario admin accedió a pqrs.php
2026-03-13 22:52:42 - [ACCESS] Usuario admin accedió a pqrs.php
2026-03-13 22:52:46 - [ACCESS] Usuario admin accedió a reportes.php
2026-03-13 22:52:47 - [ACCESS] Usuario admin accedió a pqrs.php
2026-03-13 22:52:48 - [ACCESS] Usuario admin accedió a reportes.php
2026-03-13 22:55:09 - [ACCESS] Usuario admin accedió a reportes.php
2026-03-13 22:55:13 - [ACCESS] Usuario admin accedió a pqrs.php
2026-03-13 22:58:23 - [ACCESS] Usuario admin accedió a pqrs.php
2026-03-13 23:00:21 - [ACCESS] Usuario admin accedió a reportes.php
2026-03-17 02:59:07 - [ACCESS] Login exitoso para usuario: admin
2026-03-17 02:59:08 - [ACCESS] Usuario admin accedió a index.php
2026-03-17 02:59:17 - [ACCESS] Usuario admin accedió a reportes.php
2026-03-17 13:56:49 - [ACCESS] Login exitoso para usuario: admin
2026-03-17 13:56:49 - [ACCESS] Usuario admin accedió a index.php
2026-03-17 13:56:57 - [ACCESS] Usuario admin accedió a reportes.php
2026-03-17 22:59:50 - [ACCESS] Login exitoso para usuario: admin
2026-03-17 22:59:50 - [ACCESS] Usuario admin accedió a index.php
2026-03-17 22:59:54 - [ACCESS] Usuario admin accedió a reportes.php
2026-03-17 22:59:57 - [ACCESS] Usuario admin accedió a pqrs.php
2026-03-17 23:00:07 - [ACCESS] Usuario admin accedió a reportes.php
2026-03-17 23:00:35 - [ACCESS] Usuario admin accedió a reportes.php
2026-03-17 23:00:39 - [ACCESS] Usuario admin accedió a pqrs.php
2026-03-18 02:48:36 - [ACCESS] Login exitoso para usuario: admin
2026-03-18 02:48:36 - [ACCESS] Usuario admin accedió a index.php
2026-03-18 02:48:42 - [ACCESS] Usuario admin accedió a reportes.php
2026-03-18 14:55:44 - [ACCESS] Login exitoso para usuario: admin
2026-03-18 14:55:44 - [ACCESS] Usuario admin accedió a index.php
2026-03-18 14:55:47 - [ACCESS] Usuario admin accedió a reportes.php
2026-03-18 21:32:05 - [ACCESS] Login exitoso para usuario: admin
2026-03-18 21:32:05 - [ACCESS] Usuario admin accedió a index.php
2026-03-18 21:32:07 - [ACCESS] Usuario admin accedió a reportes.php
2026-03-18 21:32:09 - [ACCESS] Usuario admin accedió a reportes.php
2026-03-18 21:32:14 - [ACCESS] Usuario admin accedió a pqrs.php
2026-03-18 23:37:01 - [ACCESS] Login exitoso para usuario: admin
2026-03-18 23:37:01 - [ACCESS] Usuario admin accedió a index.php
2026-03-18 23:37:15 - [ACCESS] Usuario admin accedió a reportes.php
2026-03-18 23:37:29 - [ACCESS] Usuario admin accedió a index.php
2026-03-18 23:37:30 - [ACCESS] Usuario admin accedió a pqrs.php
2026-03-18 23:40:55 - [ACCESS] Usuario admin accedió a pqrs.php
2026-03-19 13:30:08 - [ACCESS] Login exitoso para usuario: admin
2026-03-19 13:30:08 - [ACCESS] Usuario admin accedió a index.php
2026-03-19 13:30:12 - [ACCESS] Usuario admin accedió a reportes.php
2026-03-19 13:30:18 - [ACCESS] Usuario admin accedió a pqrs.php
2026-03-19 13:30:22 - [ACCESS] Usuario admin accedió a index.php
2026-03-19 14:49:18 - [SECURITY] Intento de login fallido para usuario: directoradeexperiencia
2026-03-19 14:49:38 - [ACCESS] Login exitoso para usuario: admin
2026-03-19 14:49:38 - [ACCESS] Usuario admin accedió a index.php
2026-03-19 14:49:41 - [ACCESS] Usuario admin accedió a reportes.php
2026-03-19 14:49:44 - [ACCESS] Usuario admin accedió a pqrs.php
2026-03-20 02:00:33 - [ACCESS] Login exitoso para usuario: admin
2026-03-20 02:00:33 - [ACCESS] Usuario admin accedió a index.php
2026-03-20 02:00:36 - [ACCESS] Usuario admin accedió a reportes.php
2026-03-20 02:00:45 - [ACCESS] Usuario admin accedió a pqrs.php
2026-03-20 03:01:58 - [ACCESS] Login exitoso para usuario: admin
2026-03-20 03:01:58 - [ACCESS] Usuario admin accedió a index.php
2026-03-20 03:02:04 - [ACCESS] Usuario admin accedió a reportes.php
2026-03-20 21:19:18 - [ACCESS] Login exitoso para usuario: admin
2026-03-20 21:19:18 - [ACCESS] Usuario admin accedió a index.php
2026-03-20 21:19:25 - [ACCESS] Usuario admin accedió a reportes.php
2026-03-20 21:19:31 - [ACCESS] Usuario admin accedió a pqrs.php
2026-03-20 22:17:55 - [ACCESS] Login exitoso para usuario: admin
2026-03-20 22:17:55 - [ACCESS] Usuario admin accedió a index.php
2026-03-20 22:17:58 - [ACCESS] Usuario admin accedió a reportes.php
2026-03-20 22:18:02 - [ACCESS] Usuario admin accedió a pqrs.php
2026-03-20 22:33:05 - [ACCESS] Usuario admin accedió a pqrs.php
2026-03-21 01:42:40 - [ACCESS] Login exitoso para usuario: admin
2026-03-21 01:42:40 - [ACCESS] Usuario admin accedió a index.php
2026-03-21 01:42:44 - [ACCESS] Usuario admin accedió a reportes.php
2026-03-21 01:42:48 - [ACCESS] Usuario admin accedió a pqrs.php
2026-03-21 02:18:13 - [ACCESS] Usuario admin accedió a pqrs.php
2026-03-24 13:10:25 - [ACCESS] Login exitoso para usuario: admin
2026-03-24 13:10:25 - [ACCESS] Usuario admin accedió a index.php
2026-03-24 13:10:31 - [ACCESS] Usuario admin accedió a reportes.php
2026-03-24 20:56:37 - [ACCESS] Login exitoso para usuario: admin
2026-03-24 20:56:37 - [ACCESS] Usuario admin accedió a index.php
2026-03-24 20:56:40 - [ACCESS] Usuario admin accedió a reportes.php
2026-03-24 20:56:44 - [ACCESS] Usuario admin accedió a pqrs.php
2026-03-24 21:22:59 - [ACCESS] Login exitoso para usuario: admin
2026-03-24 21:22:59 - [ACCESS] Usuario admin accedió a index.php
2026-03-24 21:23:02 - [ACCESS] Usuario admin accedió a reportes.php
2026-03-24 21:23:55 - [ACCESS] Usuario admin accedió a pqrs.php
2026-03-25 21:24:44 - [SECURITY] Intento de login fallido para usuario: admin
2026-03-25 21:28:25 - [ACCESS] Login exitoso para usuario: admin
2026-03-25 21:28:25 - [ACCESS] Usuario admin accedió a index.php
2026-03-25 21:28:57 - [ACCESS] Usuario admin accedió a index.php
2026-03-25 21:29:29 - [ACCESS] Usuario admin accedió a index.php
2026-03-25 21:30:01 - [ACCESS] Usuario admin accedió a index.php
2026-03-25 21:30:32 - [ACCESS] Usuario admin accedió a index.php
2026-03-25 21:30:34 - [ACCESS] Usuario admin accedió a pqrs.php
2026-03-25 21:51:51 - [ACCESS] Usuario admin accedió a pqrs.php
2026-03-25 21:52:05 - [ACCESS] Usuario admin accedió a pqrs.php
2026-03-25 21:52:28 - [ACCESS] Usuario admin accedió a pqrs.php
2026-03-25 21:53:08 - [ACCESS] Usuario admin accedió a pqrs.php
2026-03-25 21:57:56 - [ACCESS] Usuario admin accedió a pqrs.php
2026-03-25 21:58:07 - [ACCESS] Usuario admin accedió a pqrs.php
2026-03-25 21:59:45 - [ACCESS] Usuario admin accedió a pqrs.php
[25-Mar-2026 22:00:06 Europe/Berlin] Sophía DB Error: Se produjo un error durante el intento de conexión ya que la parte conectada no respondió adecuadamente tras un periodo de tiempo, o bien se produjo un error en la conexión establecida ya que el host conectado no ha podido responder
2026-03-25 22:00:06 - Excepción: Call to a member function prepare() on bool en C:\xampp\htdocs\DesarrollosDuvan\pqrs\dashboard\pqrs.php línea 76
2026-03-25 22:00:06 - [ACCESS] Usuario admin accedió a pqrs.php
[25-Mar-2026 22:00:27 Europe/Berlin] Sophía DB Error: Se produjo un error durante el intento de conexión ya que la parte conectada no respondió adecuadamente tras un periodo de tiempo, o bien se produjo un error en la conexión establecida ya que el host conectado no ha podido responder
2026-03-25 22:00:27 - Excepción: Call to a member function prepare() on bool en C:\xampp\htdocs\DesarrollosDuvan\pqrs\dashboard\pqrs.php línea 76
2026-03-25 22:00:42 - [ACCESS] Usuario admin accedió a reportes.php
[25-Mar-2026 22:01:03 Europe/Berlin] Sophía DB Error: Se produjo un error durante el intento de conexión ya que la parte conectada no respondió adecuadamente tras un periodo de tiempo, o bien se produjo un error en la conexión establecida ya que el host conectado no ha podido responder
2026-03-25 22:01:03 - Excepción: Call to a member function prepare() on bool en C:\xampp\htdocs\DesarrollosDuvan\pqrs\dashboard\reportes.php línea 58
2026-03-25 22:01:03 - [ACCESS] Usuario admin accedió a pqrs.php
[25-Mar-2026 22:01:24 Europe/Berlin] Sophía DB Error: Se produjo un error durante el intento de conexión ya que la parte conectada no respondió adecuadamente tras un periodo de tiempo, o bien se produjo un error en la conexión establecida ya que el host conectado no ha podido responder
2026-03-25 22:01:24 - Excepción: Call to a member function prepare() on bool en C:\xampp\htdocs\DesarrollosDuvan\pqrs\dashboard\pqrs.php línea 76
2026-03-25 22:01:24 - [ACCESS] Usuario admin accedió a pqrs.php
[25-Mar-2026 22:01:46 Europe/Berlin] Sophía DB Error: Se produjo un error durante el intento de conexión ya que la parte conectada no respondió adecuadamente tras un periodo de tiempo, o bien se produjo un error en la conexión establecida ya que el host conectado no ha podido responder
2026-03-25 22:01:46 - Excepción: Call to a member function prepare() on bool en C:\xampp\htdocs\DesarrollosDuvan\pqrs\dashboard\pqrs.php línea 76
2026-03-30 18:33:34 - [ACCESS] Login exitoso para usuario: admin
2026-03-30 18:33:34 - [ACCESS] Usuario admin accedió a index.php
2026-03-30 18:33:53 - [ACCESS] Usuario admin accedió a pqrs.php
2026-03-30 19:04:43 - [ACCESS] Usuario admin accedió a pqrs.php
2026-03-30 19:04:48 - [ACCESS] Usuario admin accedió a pqrs.php
2026-03-30 19:05:53 - [ACCESS] Usuario admin accedió a pqrs.php
2026-03-30 19:06:34 - [ACCESS] Usuario admin accedió a pqrs.php
2026-03-30 19:06:39 - [ACCESS] Usuario admin accedió a pqrs.php
2026-03-30 19:08:57 - [ACCESS] Usuario admin accedió a pqrs.php
2026-03-30 19:09:19 - [ACCESS] Usuario admin accedió a pqrs.php
2026-03-30 19:09:42 - [ACCESS] Usuario admin accedió a pqrs.php
2026-03-30 19:10:45 - [ACCESS] Usuario admin accedió a pqrs.php
2026-03-30 19:12:44 - [ACCESS] Usuario admin accedió a festivos.php
2026-03-30 19:23:43 - [ACCESS] Usuario admin accedió a pqrs.php
2026-03-30 19:28:07 - [ACCESS] Usuario admin accedió a pqrs.php
2026-03-30 21:08:58 - [ACCESS] Usuario admin accedió a pqrs.php
2026-03-30 21:20:48 - [ACCESS] Usuario admin accedió a pqrs.php
2026-03-30 21:20:49 - Excepción: Object of class DateTime could not be converted to string en C:\xampp\htdocs\DesarrollosDuvan\pqrs\config\app.php línea 82
2026-03-30 21:20:54 - [ACCESS] Usuario admin accedió a pqrs.php
2026-03-30 21:20:54 - Excepción: Object of class DateTime could not be converted to string en C:\xampp\htdocs\DesarrollosDuvan\pqrs\config\app.php línea 82
2026-03-30 21:20:54 - [ACCESS] Usuario admin accedió a pqrs.php
2026-03-30 21:20:55 - Excepción: Object of class DateTime could not be converted to string en C:\xampp\htdocs\DesarrollosDuvan\pqrs\config\app.php línea 82
2026-03-30 21:20:57 - [ACCESS] Usuario admin accedió a festivos.php
2026-03-30 21:20:59 - [ACCESS] Usuario admin accedió a usuarios.php
2026-03-30 21:21:01 - [ACCESS] Usuario admin accedió a estado.php
2026-03-30 21:21:03 - [ACCESS] Usuario admin accedió a pqrs.php
2026-03-30 21:21:04 - Excepción: Object of class DateTime could not be converted to string en C:\xampp\htdocs\DesarrollosDuvan\pqrs\config\app.php línea 82
2026-03-30 21:21:38 - [ACCESS] Usuario admin accedió a pqrs.php
2026-03-30 21:21:38 - Excepción: Object of class DateTime could not be converted to string en C:\xampp\htdocs\DesarrollosDuvan\pqrs\config\app.php línea 82
2026-03-30 21:21:56 - [ACCESS] Usuario admin accedió a pqrs.php
2026-03-30 21:24:18 - [ACCESS] Usuario admin accedió a pqrs.php
2026-03-30 21:24:18 - Excepción: Object of class DateTime could not be converted to string en C:\xampp\htdocs\DesarrollosDuvan\pqrs\config\app.php línea 82
2026-03-30 21:27:18 - [ACCESS] Usuario admin accedió a pqrs.php
2026-03-30 21:44:34 - [ACCESS] Usuario admin accedió a pqrs.php
2026-03-30 22:00:13 - [ACCESS] Usuario admin accedió a pqrs.php
2026-03-30 22:04:09 - [ACCESS] Usuario admin accedió a pqrs.php
2026-03-30 22:06:34 - [ACCESS] Usuario admin accedió a pqrs.php
2026-03-30 22:11:35 - [ACCESS] Usuario admin accedió a pqrs.php
2026-03-30 23:09:28 - [ACCESS] Usuario admin accedió a pqrs.php
2026-03-30 23:13:24 - [ACCESS] Usuario admin accedió a pqrs.php
2026-04-11 03:41:19 - [ACCESS] Login exitoso para usuario: admin
2026-04-11 03:41:19 - [ACCESS] Usuario admin accedió a index.php
[10-Apr-2026 20:41:40 America/Bogota] Sophía DB Error: Se produjo un error durante el intento de conexión ya que la parte conectada no respondió adecuadamente tras un periodo de tiempo, o bien se produjo un error en la conexión establecida ya que el host conectado no ha podido responder
2026-04-11 03:42:11 - [ACCESS] Usuario admin accedió a index.php
[10-Apr-2026 20:42:32 America/Bogota] Sophía DB Error: Se produjo un error durante el intento de conexión ya que la parte conectada no respondió adecuadamente tras un periodo de tiempo, o bien se produjo un error en la conexión establecida ya que el host conectado no ha podido responder
2026-04-11 03:42:38 - [ACCESS] Usuario admin accedió a pqrs.php
[10-Apr-2026 20:42:59 America/Bogota] Sophía DB Error: Se produjo un error durante el intento de conexión ya que la parte conectada no respondió adecuadamente tras un periodo de tiempo, o bien se produjo un error en la conexión establecida ya que el host conectado no ha podido responder
2026-04-10 20:42:59 - Excepción: Call to a member function prepare() on bool en C:\xampp\htdocs\DesarrollosDuvan\pqrs\dashboard\pqrs.php línea 76
2026-04-11 03:45:14 - [ACCESS] Usuario admin accedió a index.php
[10-Apr-2026 20:45:35 America/Bogota] Sophía DB Error: Se produjo un error durante el intento de conexión ya que la parte conectada no respondió adecuadamente tras un periodo de tiempo, o bien se produjo un error en la conexión establecida ya que el host conectado no ha podido responder
2026-04-11 03:46:06 - [ACCESS] Usuario admin accedió a index.php
[10-Apr-2026 20:46:28 America/Bogota] Sophía DB Error: Se produjo un error durante el intento de conexión ya que la parte conectada no respondió adecuadamente tras un periodo de tiempo, o bien se produjo un error en la conexión establecida ya que el host conectado no ha podido responder
2026-04-11 03:46:58 - [ACCESS] Usuario admin accedió a index.php
[10-Apr-2026 20:47:20 America/Bogota] Sophía DB Error: Se produjo un error durante el intento de conexión ya que la parte conectada no respondió adecuadamente tras un periodo de tiempo, o bien se produjo un error en la conexión establecida ya que el host conectado no ha podido responder
2026-04-11 03:47:50 - [ACCESS] Usuario admin accedió a index.php
[10-Apr-2026 20:48:11 America/Bogota] Sophía DB Error: Se produjo un error durante el intento de conexión ya que la parte conectada no respondió adecuadamente tras un periodo de tiempo, o bien se produjo un error en la conexión establecida ya que el host conectado no ha podido responder
2026-04-11 03:48:42 - [ACCESS] Usuario admin accedió a index.php
[10-Apr-2026 20:49:03 America/Bogota] Sophía DB Error: Se produjo un error durante el intento de conexión ya que la parte conectada no respondió adecuadamente tras un periodo de tiempo, o bien se produjo un error en la conexión establecida ya que el host conectado no ha podido responder
2026-04-11 03:49:34 - [ACCESS] Usuario admin accedió a index.php
[10-Apr-2026 20:49:56 America/Bogota] Sophía DB Error: Se produjo un error durante el intento de conexión ya que la parte conectada no respondió adecuadamente tras un periodo de tiempo, o bien se produjo un error en la conexión establecida ya que el host conectado no ha podido responder
2026-04-11 03:50:26 - [ACCESS] Usuario admin accedió a index.php
[10-Apr-2026 20:50:47 America/Bogota] Sophía DB Error: Se produjo un error durante el intento de conexión ya que la parte conectada no respondió adecuadamente tras un periodo de tiempo, o bien se produjo un error en la conexión establecida ya que el host conectado no ha podido responder
2026-04-11 03:51:18 - [ACCESS] Usuario admin accedió a index.php
[10-Apr-2026 20:51:40 America/Bogota] Sophía DB Error: Se produjo un error durante el intento de conexión ya que la parte conectada no respondió adecuadamente tras un periodo de tiempo, o bien se produjo un error en la conexión establecida ya que el host conectado no ha podido responder
2026-04-11 03:51:40 - [ACCESS] Usuario admin accedió a usuarios.php
[11-Apr-2026 03:52:01 Europe/Berlin] Sophía DB Error: Se produjo un error durante el intento de conexión ya que la parte conectada no respondió adecuadamente tras un periodo de tiempo, o bien se produjo un error en la conexión establecida ya que el host conectado no ha podido responder
2026-04-11 03:52:01 - [ACCESS] Usuario admin accedió a index.php
[10-Apr-2026 20:52:22 America/Bogota] Sophía DB Error: Se produjo un error durante el intento de conexión ya que la parte conectada no respondió adecuadamente tras un periodo de tiempo, o bien se produjo un error en la conexión establecida ya que el host conectado no ha podido responder
2026-04-11 03:52:22 - [ACCESS] Usuario admin accedió a index.php
[10-Apr-2026 20:52:43 America/Bogota] Sophía DB Error: Se produjo un error durante el intento de conexión ya que la parte conectada no respondió adecuadamente tras un periodo de tiempo, o bien se produjo un error en la conexión establecida ya que el host conectado no ha podido responder
2026-04-11 03:53:13 - [ACCESS] Usuario admin accedió a index.php
[10-Apr-2026 20:53:35 America/Bogota] Sophía DB Error: Se produjo un error durante el intento de conexión ya que la parte conectada no respondió adecuadamente tras un periodo de tiempo, o bien se produjo un error en la conexión establecida ya que el host conectado no ha podido responder
2026-04-13 15:25:40 - [ACCESS] Login exitoso para usuario: admin
2026-04-13 15:25:40 - [ACCESS] Usuario admin accedió a index.php
2026-04-13 15:26:11 - [ACCESS] Usuario admin accedió a index.php
2026-04-13 15:26:31 - [ACCESS] Usuario admin accedió a pqrs.php
2026-04-13 15:26:49 - [ACCESS] Usuario admin accedió a pqrs.php
2026-04-13 15:26:50 - [ACCESS] Usuario admin accedió a pqrs.php
2026-07-08 21:05:59 - [ACCESS] Login exitoso para usuario: admin
2026-07-08 21:05:59 - [ACCESS] Usuario admin accedió a index.php
2026-07-08 21:06:04 - [ACCESS] Usuario admin accedió a festivos.php
2026-08-10 15:08:34 - [SECURITY] Intento de login fallido para usuario: Admin
2026-08-10 15:08:54 - [ACCESS] Login exitoso para usuario: admin
2026-08-10 15:08:54 - [ACCESS] Usuario admin accedió a index.php
2026-08-10 15:09:27 - [ACCESS] Usuario admin accedió a index.php
2026-08-10 15:09:59 - [ACCESS] Usuario admin accedió a index.php
2026-08-10 15:10:31 - [ACCESS] Usuario admin accedió a index.php
2026-08-10 15:11:03 - [ACCESS] Usuario admin accedió a index.php
2026-08-10 15:11:35 - [ACCESS] Usuario admin accedió a index.php
2026-08-10 15:12:07 - [ACCESS] Usuario admin accedió a index.php
2026-08-10 15:12:39 - [ACCESS] Usuario admin accedió a index.php
2026-08-10 15:13:11 - [ACCESS] Usuario admin accedió a index.php
2026-08-10 15:13:43 - [ACCESS] Usuario admin accedió a index.php
2026-08-10 15:14:15 - [ACCESS] Usuario admin accedió a index.php
2026-08-10 15:14:47 - [ACCESS] Usuario admin accedió a index.php
2026-08-10 15:15:19 - [ACCESS] Usuario admin accedió a index.php
2026-08-10 15:15:51 - [ACCESS] Usuario admin accedió a index.php
2026-08-10 15:16:23 - [ACCESS] Usuario admin accedió a index.php
2026-08-10 15:16:55 - [ACCESS] Usuario admin accedió a index.php
2026-08-10 15:17:27 - [ACCESS] Usuario admin accedió a index.php
2026-08-10 15:17:59 - [ACCESS] Usuario admin accedió a index.php
2026-08-10 15:18:31 - [ACCESS] Usuario admin accedió a index.php
2026-08-10 15:19:03 - [ACCESS] Usuario admin accedió a index.php
2026-08-10 15:19:35 - [ACCESS] Usuario admin accedió a index.php
2026-08-10 15:20:07 - [ACCESS] Usuario admin accedió a index.php
2026-08-10 15:20:39 - [ACCESS] Usuario admin accedió a index.php
2026-08-10 15:21:11 - [ACCESS] Usuario admin accedió a index.php
2026-08-10 15:21:43 - [ACCESS] Usuario admin accedió a index.php
2026-08-10 15:22:15 - [ACCESS] Usuario admin accedió a index.php
2026-08-10 15:22:47 - [ACCESS] Usuario admin accedió a index.php
2026-08-10 15:23:19 - [ACCESS] Usuario admin accedió a index.php
2026-08-10 15:23:51 - [ACCESS] Usuario admin accedió a index.php
2026-08-10 15:24:23 - [ACCESS] Usuario admin accedió a index.php
2026-08-10 15:24:54 - [ACCESS] Usuario admin accedió a index.php
2026-08-10 15:25:26 - [ACCESS] Usuario admin accedió a index.php
2026-08-10 15:25:58 - [ACCESS] Usuario admin accedió a index.php
2026-08-10 15:26:30 - [ACCESS] Usuario admin accedió a index.php
2026-08-10 15:26:56 - [ACCESS] Usuario admin accedió a pqrs.php
2026-08-10 15:27:13 - [ACCESS] Usuario admin accedió a reportes.php
2026-08-10 15:31:24 - [ACCESS] Usuario admin accedió a index.php
2026-08-10 15:31:56 - [ACCESS] Usuario admin accedió a index.php
2026-08-10 15:32:02 - [ACCESS] Usuario admin accedió a pqrs.php
2026-08-10 15:34:01 - [ACCESS] Usuario admin accedió a reportes.php
2026-08-10 15:34:55 - [ACCESS] Usuario admin accedió a index.php
2026-08-10 15:35:29 - [ACCESS] Usuario admin accedió a index.php
2026-08-10 15:36:01 - [ACCESS] Usuario admin accedió a index.php
2026-08-10 15:36:32 - [ACCESS] Usuario admin accedió a index.php
2026-08-10 15:36:57 - [ACCESS] Usuario admin accedió a pqrs.php
2026-08-10 15:40:09 - [ACCESS] Usuario admin accedió a reportes.php
2026-08-10 15:40:31 - [ACCESS] Usuario admin accedió a pqrs.php
2026-08-10 15:40:33 - [ACCESS] Usuario admin accedió a reportes.php
2026-08-10 15:40:34 - [ACCESS] Usuario admin accedió a festivos.php
2026-08-10 15:40:49 - [ACCESS] Usuario admin accedió a usuarios.php
2026-08-10 15:41:50 - [ACCESS] Usuario admin accedió a estado.php
2026-08-10 15:42:11 - [ACCESS] Usuario admin accedió a index.php
2026-08-10 15:42:43 - [ACCESS] Usuario admin accedió a index.php
2026-08-10 15:43:14 - [ACCESS] Usuario admin accedió a index.php
2026-08-10 15:43:26 - [ACCESS] Usuario admin accedió a pqrs.php
2026-08-10 15:48:50 - [ACCESS] Usuario admin accedió a index.php
2026-08-10 15:48:58 - [ACCESS] Usuario admin accedió a pqrs.php
2026-08-10 15:49:04 - [ACCESS] Usuario admin accedió a reportes.php
2026-08-10 15:53:28 - [ACCESS] Usuario admin accedió a reportes.php
2026-08-10 15:55:28 - [ACCESS] Usuario admin accedió a reportes.php
2026-08-10 16:00:36 - [ACCESS] Usuario admin accedió a pqrs.php
2026-08-10 16:07:16 - [ACCESS] Usuario admin accedió a pqrs.php
2026-08-10 16:07:20 - [ACCESS] Usuario admin accedió a pqrs.php
2026-08-10 16:07:32 - [ACCESS] Usuario admin accedió a reportes.php
2026-08-10 16:11:48 - [ACCESS] Usuario admin accedió a reportes.php
2026-08-10 16:11:56 - [ACCESS] Usuario admin accedió a pqrs.php
2026-08-10 16:21:13 - [ACCESS] Usuario admin accedió a pqrs.php
2026-08-10 16:21:19 - [ACCESS] Usuario admin accedió a reportes.php
2026-08-10 16:23:01 - [ACCESS] Usuario admin accedió a index.php
2026-08-10 16:23:33 - [ACCESS] Usuario admin accedió a index.php
2026-08-10 16:24:05 - [ACCESS] Usuario admin accedió a index.php
2026-08-10 16:24:37 - [ACCESS] Usuario admin accedió a index.php
2026-08-10 16:25:09 - [ACCESS] Usuario admin accedió a index.php
2026-08-10 16:25:28 - [ACCESS] Usuario admin accedió a reportes.php
2026-08-10 16:31:31 - [ACCESS] Usuario admin accedió a pqrs.php
2026-08-10 16:39:49 - [ACCESS] Usuario admin accedió a pqrs.php
2026-08-10 16:44:25 - [ACCESS] Usuario admin accedió a reportes.php
2026-08-10 16:44:34 - [ACCESS] Usuario admin accedió a reportes.php
2026-08-10 16:45:35 - [ACCESS] Usuario admin accedió a reportes.php
2026-08-10 16:46:06 - [ACCESS] Usuario admin accedió a reportes.php
2026-08-10 16:54:32 - [ACCESS] Usuario admin accedió a reportes.php
2026-08-10 16:55:24 - [ACCESS] Usuario admin accedió a reportes.php
2026-08-10 16:58:22 - [ACCESS] Usuario admin accedió a reportes.php
2026-08-10 17:05:28 - [ACCESS] Usuario admin accedió a reportes.php
2026-08-10 17:07:03 - [ACCESS] Usuario admin accedió a reportes.php
2026-08-10 12:07:04 - Excepción: Cannot access offset of type string on string en C:\laragon\www\Desarrollos\pqrs\dashboard\reportes.php línea 389
2026-08-10 17:07:12 - [ACCESS] Usuario admin accedió a reportes.php
2026-08-10 12:07:13 - Excepción: Cannot access offset of type string on string en C:\laragon\www\Desarrollos\pqrs\dashboard\reportes.php línea 389
2026-08-10 17:07:26 - [ACCESS] Usuario admin accedió a reportes.php
2026-08-10 17:09:18 - [ACCESS] Usuario admin accedió a reportes.php
2026-08-10 17:09:56 - [ACCESS] Usuario admin accedió a reportes.php
2026-08-10 17:12:57 - [ACCESS] Usuario admin accedió a reportes.php
2026-08-10 17:17:53 - [ACCESS] Usuario admin accedió a pqrs.php
2026-08-10 17:21:04 - [ACCESS] Usuario admin accedió a pqrs.php
2026-08-10 17:21:08 - [ACCESS] Usuario admin accedió a reportes.php
2026-08-10 17:21:58 - [ACCESS] Usuario admin accedió a reportes.php
2026-08-10 17:25:59 - [ACCESS] Usuario admin accedió a pqrs.php
2026-08-10 17:26:34 - [ACCESS] Usuario admin accedió a reportes.php
2026-08-10 18:38:00 - [ACCESS] Usuario admin accedió a reportes.php
2026-08-10 18:41:04 - [ACCESS] Usuario admin accedió a reportes.php
2026-08-10 18:45:12 - [ACCESS] Usuario admin accedió a reportes.php
2026-08-10 18:50:45 - [ACCESS] Usuario admin accedió a index.php
2026-08-10 18:51:17 - [ACCESS] Usuario admin accedió a index.php
2026-08-10 18:51:49 - [ACCESS] Usuario admin accedió a index.php
2026-08-10 18:52:21 - [ACCESS] Usuario admin accedió a index.php
2026-08-10 18:52:53 - [ACCESS] Usuario admin accedió a index.php
2026-08-10 18:53:25 - [ACCESS] Usuario admin accedió a index.php
2026-08-10 18:53:57 - [ACCESS] Usuario admin accedió a index.php
2026-08-10 18:54:29 - [ACCESS] Usuario admin accedió a index.php
2026-08-10 18:55:01 - [ACCESS] Usuario admin accedió a index.php
2026-08-10 18:55:33 - [ACCESS] Usuario admin accedió a index.php
2026-08-10 18:56:05 - [ACCESS] Usuario admin accedió a index.php
2026-08-10 18:56:37 - [ACCESS] Usuario admin accedió a index.php
2026-08-10 18:57:09 - [ACCESS] Usuario admin accedió a index.php
2026-08-10 18:57:41 - [ACCESS] Usuario admin accedió a index.php
2026-08-10 18:58:13 - [ACCESS] Usuario admin accedió a index.php
2026-08-10 18:58:45 - [ACCESS] Usuario admin accedió a index.php
2026-08-10 18:59:17 - [ACCESS] Usuario admin accedió a index.php
2026-08-10 18:59:49 - [ACCESS] Usuario admin accedió a index.php
2026-08-10 19:00:21 - [ACCESS] Usuario admin accedió a index.php
2026-08-10 19:00:53 - [ACCESS] Usuario admin accedió a index.php
2026-08-10 19:01:25 - [ACCESS] Usuario admin accedió a index.php
2026-08-10 19:01:36 - [ACCESS] Usuario admin accedió a index.php
2026-08-10 19:02:07 - [ACCESS] Usuario admin accedió a index.php
2026-08-10 19:02:39 - [ACCESS] Usuario admin accedió a index.php
2026-08-10 19:03:11 - [ACCESS] Usuario admin accedió a index.php
2026-08-10 19:03:43 - [ACCESS] Usuario admin accedió a index.php
2026-08-10 19:04:15 - [ACCESS] Usuario admin accedió a index.php
2026-08-10 19:04:34 - [ACCESS] Usuario admin accedió a reportes.php
2026-08-10 19:05:08 - [ACCESS] Usuario admin accedió a pqrs.php
2026-08-10 19:06:16 - [ACCESS] Usuario admin accedió a index.php
2026-08-10 19:06:48 - [ACCESS] Usuario admin accedió a index.php
2026-08-10 19:07:20 - [ACCESS] Usuario admin accedió a index.php
2026-08-10 19:07:52 - [ACCESS] Usuario admin accedió a index.php
2026-08-10 19:08:24 - [ACCESS] Usuario admin accedió a index.php
2026-08-10 19:08:56 - [ACCESS] Usuario admin accedió a index.php
2026-08-10 19:09:28 - [ACCESS] Usuario admin accedió a index.php
2026-08-10 19:10:00 - [ACCESS] Usuario admin accedió a index.php
2026-08-10 19:10:32 - [ACCESS] Usuario admin accedió a index.php
2026-08-10 19:11:04 - [ACCESS] Usuario admin accedió a index.php
2026-08-10 19:11:36 - [ACCESS] Usuario admin accedió a index.php
2026-08-10 19:11:43 - [ACCESS] Usuario admin accedió a index.php
2026-08-10 19:12:15 - [ACCESS] Usuario admin accedió a index.php
2026-08-10 19:12:47 - [ACCESS] Usuario admin accedió a index.php
2026-08-10 19:13:19 - [ACCESS] Usuario admin accedió a index.php
2026-08-10 19:13:51 - [ACCESS] Usuario admin accedió a index.php
2026-08-10 19:14:23 - [ACCESS] Usuario admin accedió a index.php
2026-08-10 19:14:54 - [ACCESS] Usuario admin accedió a index.php
2026-08-10 19:15:25 - [ACCESS] Usuario admin accedió a index.php
2026-08-10 19:15:57 - [ACCESS] Usuario admin accedió a index.php
2026-08-10 19:16:28 - [ACCESS] Usuario admin accedió a index.php
2026-08-10 19:17:00 - [ACCESS] Usuario admin accedió a index.php
2026-08-10 19:17:07 - [ACCESS] Usuario admin accedió a reportes.php
2026-08-10 19:17:56 - [ACCESS] Usuario admin accedió a index.php
2026-08-10 19:18:27 - [ACCESS] Usuario admin accedió a index.php
2026-08-10 19:18:59 - [ACCESS] Usuario admin accedió a index.php
2026-08-10 19:19:31 - [ACCESS] Usuario admin accedió a index.php
2026-08-10 19:20:03 - [ACCESS] Usuario admin accedió a index.php
2026-08-10 19:20:24 - [ACCESS] Usuario admin accedió a reportes.php
2026-08-10 19:23:30 - [ACCESS] Usuario admin accedió a reportes.php
2026-08-10 19:23:35 - [ACCESS] Usuario admin accedió a pqrs.php
2026-08-10 19:25:05 - [ACCESS] Usuario admin accedió a reportes.php
2026-08-10 19:29:20 - [ACCESS] Usuario admin accedió a reportes.php
2026-08-10 19:30:51 - [ACCESS] Usuario admin accedió a reportes.php
2026-08-10 19:31:31 - [ACCESS] Usuario admin accedió a reportes.php
2026-08-10 19:32:37 - [ACCESS] Usuario admin accedió a reportes.php
2026-08-10 19:36:39 - [ACCESS] Usuario admin accedió a index.php
2026-08-10 19:36:54 - [ACCESS] Usuario admin accedió a reportes.php
2026-08-10 19:36:59 - [ACCESS] Usuario admin accedió a pqrs.php
2026-08-10 19:39:28 - [ACCESS] Usuario admin accedió a pqrs.php
2026-08-10 19:40:40 - [ACCESS] Usuario admin accedió a pqrs.php
2026-08-10 19:40:49 - [ACCESS] Usuario admin accedió a reportes.php
2026-08-10 19:41:52 - [ACCESS] Usuario admin accedió a pqrs.php
2026-08-10 19:43:10 - [ACCESS] Usuario admin accedió a pqrs.php
2026-08-10 19:44:10 - [ACCESS] Usuario admin accedió a pqrs.php
2026-08-10 19:44:14 - [ACCESS] Usuario admin accedió a reportes.php
2026-08-10 19:52:42 - [ACCESS] Usuario admin accedió a reportes.php
2026-08-10 19:52:54 - [ACCESS] Usuario admin accedió a reportes.php
2026-08-10 19:53:08 - [ACCESS] Usuario admin accedió a index.php
2026-08-10 19:53:40 - [ACCESS] Usuario admin accedió a index.php
2026-08-10 19:54:12 - [ACCESS] Usuario admin accedió a index.php
2026-08-10 19:54:44 - [ACCESS] Usuario admin accedió a index.php
2026-08-10 19:55:16 - [ACCESS] Usuario admin accedió a index.php
2026-08-10 19:55:48 - [ACCESS] Usuario admin accedió a index.php
2026-08-10 19:56:20 - [ACCESS] Usuario admin accedió a index.php
2026-08-10 19:56:52 - [ACCESS] Usuario admin accedió a index.php
2026-08-10 19:57:24 - [ACCESS] Usuario admin accedió a index.php
2026-08-10 19:57:56 - [ACCESS] Usuario admin accedió a index.php
2026-08-10 19:58:28 - [ACCESS] Usuario admin accedió a index.php
2026-08-10 19:59:00 - [ACCESS] Usuario admin accedió a index.php
2026-08-10 19:59:32 - [ACCESS] Usuario admin accedió a index.php
2026-08-10 20:00:04 - [ACCESS] Usuario admin accedió a index.php
2026-08-10 20:00:20 - [ACCESS] Usuario admin accedió a index.php
2026-08-10 20:00:51 - [ACCESS] Usuario admin accedió a index.php
2026-08-10 20:01:22 - [ACCESS] Usuario admin accedió a index.php
2026-08-10 20:01:54 - [ACCESS] Usuario admin accedió a index.php
2026-08-10 20:02:26 - [ACCESS] Usuario admin accedió a index.php
2026-08-10 20:02:57 - [ACCESS] Usuario admin accedió a pqrs.php
2026-08-10 20:02:58 - [ACCESS] Usuario admin accedió a index.php
2026-08-10 20:03:07 - [ACCESS] Usuario admin accedió a reportes.php
2026-08-10 20:04:10 - [ACCESS] Usuario admin accedió a pqrs.php
2026-08-10 20:06:12 - [ACCESS] Usuario admin accedió a index.php
2026-08-10 20:06:44 - [ACCESS] Usuario admin accedió a index.php
2026-08-10 20:07:16 - [ACCESS] Usuario admin accedió a index.php
2026-08-10 20:07:48 - [ACCESS] Usuario admin accedió a index.php
2026-08-10 20:08:20 - [ACCESS] Usuario admin accedió a index.php
2026-08-10 20:08:52 - [ACCESS] Usuario admin accedió a index.php
2026-08-10 20:09:24 - [ACCESS] Usuario admin accedió a index.php
2026-08-10 20:09:56 - [ACCESS] Usuario admin accedió a index.php
2026-08-10 20:10:28 - [ACCESS] Usuario admin accedió a index.php
2026-08-10 20:11:00 - [ACCESS] Usuario admin accedió a index.php
2026-08-10 20:11:32 - [ACCESS] Usuario admin accedió a index.php
2026-08-10 20:12:04 - [ACCESS] Usuario admin accedió a index.php
2026-08-10 20:12:36 - [ACCESS] Usuario admin accedió a index.php
2026-08-10 20:13:08 - [ACCESS] Usuario admin accedió a index.php
2026-08-10 20:13:40 - [ACCESS] Usuario admin accedió a index.php
2026-08-10 20:14:12 - [ACCESS] Usuario admin accedió a index.php
2026-08-10 20:14:47 - [ACCESS] Usuario admin accedió a index.php
2026-08-10 20:15:05 - [ACCESS] Usuario admin accedió a index.php
2026-08-10 20:15:36 - [ACCESS] Usuario admin accedió a index.php
2026-08-10 20:16:08 - [ACCESS] Usuario admin accedió a index.php
2026-08-10 20:16:40 - [ACCESS] Usuario admin accedió a index.php
2026-08-10 20:17:12 - [ACCESS] Usuario admin accedió a index.php
2026-08-10 20:17:44 - [ACCESS] Usuario admin accedió a index.php
2026-08-10 20:18:16 - [ACCESS] Usuario admin accedió a index.php
2026-08-10 20:18:48 - [ACCESS] Usuario admin accedió a index.php
2026-08-10 20:19:20 - [ACCESS] Usuario admin accedió a index.php
2026-08-10 20:19:52 - [ACCESS] Usuario admin accedió a index.php
2026-08-10 20:20:24 - [ACCESS] Usuario admin accedió a index.php
2026-08-10 20:20:56 - [ACCESS] Usuario admin accedió a index.php
2026-08-10 20:21:28 - [ACCESS] Usuario admin accedió a index.php
2026-08-10 20:22:00 - [ACCESS] Usuario admin accedió a index.php
2026-08-10 20:22:23 - [ACCESS] Usuario admin accedió a index.php
2026-08-10 20:22:44 - [ACCESS] Usuario admin accedió a pqrs.php
2026-08-10 20:23:36 - [ACCESS] Usuario admin accedió a pqrs.php
2026-08-10 20:23:40 - [ACCESS] Usuario admin accedió a index.php
2026-08-10 20:24:10 - [ACCESS] Usuario admin accedió a pqrs.php
2026-08-10 20:24:12 - [ACCESS] Usuario admin accedió a index.php
2026-08-10 20:24:43 - [ACCESS] Usuario admin accedió a index.php
2026-08-10 20:25:14 - [ACCESS] Usuario admin accedió a index.php
2026-08-10 20:25:32 - [ACCESS] Usuario admin accedió a index.php
2026-08-10 20:26:03 - [ACCESS] Usuario admin accedió a index.php
2026-08-10 20:26:10 - [ACCESS] Usuario admin accedió a pqrs.php
2026-08-10 20:30:22 - [ACCESS] Usuario admin accedió a index.php
2026-08-10 20:30:53 - [ACCESS] Usuario admin accedió a index.php
2026-08-10 20:31:25 - [ACCESS] Usuario admin accedió a index.php
2026-08-10 20:31:57 - [ACCESS] Usuario admin accedió a index.php
2026-08-10 20:32:29 - [ACCESS] Usuario admin accedió a index.php
2026-08-10 20:32:38 - [ACCESS] Usuario admin accedió a index.php
2026-08-10 20:33:09 - [ACCESS] Usuario admin accedió a index.php
2026-08-10 20:33:41 - [ACCESS] Usuario admin accedió a index.php
2026-08-10 20:34:04 - [ACCESS] Usuario admin accedió a index.php
2026-08-10 20:34:36 - [ACCESS] Usuario admin accedió a index.php
2026-08-10 20:35:08 - [ACCESS] Usuario admin accedió a index.php
2026-08-10 20:35:11 - [ACCESS] Usuario admin accedió a index.php
2026-08-10 20:35:23 - [ACCESS] Usuario admin accedió a pqrs.php
2026-08-10 20:35:34 - [ACCESS] Usuario admin accedió a index.php
2026-08-10 20:36:06 - [ACCESS] Usuario admin accedió a index.php
2026-08-10 20:36:37 - [ACCESS] Usuario admin accedió a index.php
2026-08-10 20:37:01 - [ACCESS] Usuario admin accedió a pqrs.php
2026-08-10 20:37:19 - [ACCESS] Usuario admin accedió a reportes.php
2026-08-10 20:57:22 - [ACCESS] Usuario admin accedió a index.php
2026-08-10 20:57:32 - [ACCESS] Usuario admin accedió a pqrs.php
2026-08-10 20:58:04 - [ACCESS] Usuario admin accedió a usuarios.php
2026-08-10 20:58:46 - [ACCESS] Usuario admin accedió a pqrs.php
2026-08-10 20:59:10 - [ACCESS] Usuario admin accedió a pqrs.php
2026-08-10 21:06:38 - [ACCESS] Usuario admin accedió a index.php
2026-08-10 21:07:09 - [ACCESS] Usuario admin accedió a index.php
2026-08-10 21:07:41 - [ACCESS] Usuario admin accedió a index.php
2026-08-10 21:08:13 - [ACCESS] Usuario admin accedió a index.php
2026-08-10 21:08:45 - [ACCESS] Usuario admin accedió a index.php
2026-08-10 21:09:17 - [ACCESS] Usuario admin accedió a index.php
2026-08-10 21:09:49 - [ACCESS] Usuario admin accedió a index.php
2026-08-10 21:10:21 - [ACCESS] Usuario admin accedió a index.php
2026-08-10 21:10:53 - [ACCESS] Usuario admin accedió a index.php
2026-08-10 21:11:10 - [ACCESS] Usuario admin accedió a index.php
2026-08-10 21:11:11 - [ACCESS] Usuario admin accedió a pqrs.php
2026-08-10 21:11:18 - [ACCESS] Usuario admin accedió a index.php
2026-08-10 21:11:49 - [ACCESS] Usuario admin accedió a index.php
2026-08-10 21:12:20 - [ACCESS] Usuario admin accedió a index.php
2026-08-10 21:12:33 - [ACCESS] Usuario admin accedió a index.php
2026-08-10 21:13:05 - [ACCESS] Usuario admin accedió a index.php
2026-08-10 21:13:36 - [ACCESS] Usuario admin accedió a index.php
2026-08-10 21:14:05 - [ACCESS] Usuario admin accedió a pqrs.php
2026-08-10 21:14:07 - [ACCESS] Usuario admin accedió a index.php
2026-08-10 21:14:38 - [ACCESS] Usuario admin accedió a index.php
2026-08-10 21:14:39 - [ACCESS] Usuario admin accedió a pqrs.php
2026-08-10 21:15:12 - [ACCESS] Usuario admin accedió a pqrs.php
2026-08-10 21:15:53 - [ACCESS] Usuario admin accedió a pqrs.php
2026-08-10 21:16:08 - [ACCESS] Usuario admin accedió a pqrs.php
2026-08-10 21:16:31 - [ACCESS] Usuario admin accedió a reportes.php
2026-08-10 21:22:17 - [ACCESS] Usuario admin accedió a festivos.php
2026-08-10 21:22:38 - [ACCESS] Usuario admin accedió a usuarios.php
2026-08-10 21:31:15 - [ACCESS] Usuario admin accedió a index.php
2026-08-10 21:31:46 - [ACCESS] Usuario admin accedió a index.php
2026-08-10 21:32:17 - [ACCESS] Usuario admin accedió a index.php
2026-08-10 21:32:48 - [ACCESS] Usuario admin accedió a index.php
2026-08-10 21:33:20 - [ACCESS] Usuario admin accedió a index.php
2026-08-10 21:33:52 - [ACCESS] Usuario admin accedió a index.php
2026-08-10 21:34:24 - [ACCESS] Usuario admin accedió a index.php
2026-08-10 21:34:56 - [ACCESS] Usuario admin accedió a index.php
2026-08-10 21:35:28 - [ACCESS] Usuario admin accedió a index.php
2026-08-10 21:36:00 - [ACCESS] Usuario admin accedió a index.php
2026-08-10 21:36:32 - [ACCESS] Usuario admin accedió a index.php
2026-08-10 21:37:04 - [ACCESS] Usuario admin accedió a index.php
2026-08-10 21:37:36 - [ACCESS] Usuario admin accedió a index.php
2026-08-10 21:38:08 - [ACCESS] Usuario admin accedió a index.php
2026-08-10 21:38:39 - [ACCESS] Usuario admin accedió a index.php
2026-08-10 21:39:10 - [ACCESS] Usuario admin accedió a index.php
2026-08-10 21:39:42 - [ACCESS] Usuario admin accedió a index.php
2026-08-10 21:40:14 - [ACCESS] Usuario admin accedió a index.php
2026-08-10 21:40:46 - [ACCESS] Usuario admin accedió a index.php
2026-08-10 21:41:18 - [ACCESS] Usuario admin accedió a index.php
2026-08-10 21:41:50 - [ACCESS] Usuario admin accedió a index.php
2026-08-10 21:42:22 - [ACCESS] Usuario admin accedió a index.php
2026-08-10 21:42:54 - [ACCESS] Usuario admin accedió a index.php
2026-08-10 21:43:26 - [ACCESS] Usuario admin accedió a index.php
2026-08-10 21:43:58 - [ACCESS] Usuario admin accedió a index.php
2026-08-10 21:44:30 - [ACCESS] Usuario admin accedió a index.php
2026-08-10 21:45:02 - [ACCESS] Usuario admin accedió a index.php
2026-08-10 21:45:34 - [ACCESS] Usuario admin accedió a index.php
2026-08-10 21:46:05 - [ACCESS] Usuario admin accedió a index.php
2026-08-10 21:46:36 - [ACCESS] Usuario admin accedió a index.php
2026-08-10 21:47:08 - [ACCESS] Usuario admin accedió a index.php
2026-08-10 21:47:39 - [ACCESS] Usuario admin accedió a index.php
2026-08-10 21:48:10 - [ACCESS] Usuario admin accedió a index.php
2026-08-10 21:48:42 - [ACCESS] Usuario admin accedió a index.php
2026-08-10 21:49:14 - [ACCESS] Usuario admin accedió a index.php
2026-08-10 21:49:46 - [ACCESS] Usuario admin accedió a index.php
2026-08-10 21:50:18 - [ACCESS] Usuario admin accedió a index.php
2026-08-10 21:50:50 - [ACCESS] Usuario admin accedió a index.php
2026-08-10 21:51:22 - [ACCESS] Usuario admin accedió a index.php
2026-08-10 21:51:54 - [ACCESS] Usuario admin accedió a index.php
2026-08-10 21:52:26 - [ACCESS] Usuario admin accedió a index.php
2026-08-10 21:52:58 - [ACCESS] Usuario admin accedió a index.php
2026-08-10 21:53:29 - [ACCESS] Usuario admin accedió a index.php
2026-08-10 21:54:00 - [ACCESS] Usuario admin accedió a index.php
2026-08-10 21:54:32 - [ACCESS] Usuario admin accedió a index.php
2026-08-10 21:55:03 - [ACCESS] Usuario admin accedió a index.php
2026-08-10 21:55:35 - [ACCESS] Usuario admin accedió a index.php
2026-08-10 21:56:07 - [ACCESS] Usuario admin accedió a index.php
2026-08-10 21:56:39 - [ACCESS] Usuario admin accedió a index.php
2026-08-10 21:57:11 - [ACCESS] Usuario admin accedió a index.php
2026-08-10 21:57:42 - [ACCESS] Usuario admin accedió a index.php
2026-08-10 21:58:13 - [ACCESS] Usuario admin accedió a index.php
2026-08-10 21:58:44 - [ACCESS] Usuario admin accedió a index.php
2026-08-10 21:58:56 - [ACCESS] Usuario admin accedió a pqrs.php
2026-08-10 22:21:09 - [ACCESS] Usuario admin accedió a reportes.php
2026-08-10 22:22:55 - [ACCESS] Usuario admin accedió a reportes.php
2026-08-11 13:07:45 - [ACCESS] Login exitoso para usuario: admin
2026-08-11 13:07:45 - [ACCESS] Usuario admin accedió a index.php
2026-08-11 13:08:16 - [ACCESS] Usuario admin accedió a index.php
2026-08-11 13:08:28 - [ACCESS] Usuario admin accedió a reportes.php
2026-08-11 13:17:37 - [ACCESS] Usuario admin accedió a festivos.php
2026-08-11 13:24:04 - [ACCESS] Usuario admin accedió a festivos.php
2026-08-11 13:27:33 - [ACCESS] Usuario admin accedió a usuarios.php
2026-08-11 13:36:42 - [ACCESS] Usuario admin accedió a pqrs.php
2026-08-11 13:44:24 - [ACCESS] Usuario admin accedió a pqrs.php
2026-08-11 13:46:03 - [ACCESS] Usuario admin accedió a pqrs.php
2026-08-11 13:46:19 - [ACCESS] Usuario admin accedió a usuarios.php
2026-08-11 13:46:28 - [ACCESS] Usuario admin accedió a pqrs.php
2026-08-11 13:46:48 - [ACCESS] Usuario admin accedió a usuarios.php
2026-08-11 13:52:26 - [ACCESS] Usuario admin accedió a usuarios.php
2026-08-11 13:52:36 - [ACCESS] Usuario admin accedió a pqrs.php
2026-08-11 13:53:21 - [ACCESS] Usuario admin accedió a pqrs.php
2026-08-11 13:54:35 - [ACCESS] Usuario admin accedió a estado.php
2026-08-11 13:56:03 - [ACCESS] Usuario admin accedió a index.php
2026-08-11 13:56:06 - [ACCESS] Usuario admin accedió a pqrs.php
2026-08-11 13:56:10 - [ACCESS] Usuario admin accedió a reportes.php
2026-08-11 13:56:16 - [ACCESS] Usuario admin accedió a estado.php
2026-08-11 14:29:03 - [ACCESS] Usuario admin accedió a reportes.php
2026-08-11 14:32:44 - [ACCESS] Usuario admin accedió a usuarios.php
2026-08-11 14:33:36 - [ACCESS] Usuario admin accedió a pqrs.php
2026-08-11 14:33:42 - [ACCESS] Usuario admin accedió a usuarios.php
2026-08-11 14:49:49 - [ACCESS] Usuario admin accedió a index.php
2026-08-11 14:50:21 - [ACCESS] Usuario admin accedió a index.php
2026-08-11 14:50:34 - [ACCESS] Usuario admin accedió a usuarios.php
2026-08-11 14:50:49 - [ACCESS] Usuario admin accedió a usuarios.php
2026-08-11 14:50:53 - [ACCESS] Usuario admin accedió a usuarios.php
2026-08-11 14:50:59 - [ACCESS] Usuario admin accedió a pqrs.php
2026-08-11 14:51:35 - [ACCESS] Usuario admin accedió a pqrs.php
2026-08-11 14:51:40 - [ACCESS] Usuario admin accedió a index.php
2026-08-11 14:51:43 - [ACCESS] Usuario admin accedió a index.php
2026-08-11 14:52:15 - [ACCESS] Usuario admin accedió a index.php
2026-08-11 14:52:47 - [ACCESS] Usuario admin accedió a index.php
2026-08-11 14:53:19 - [ACCESS] Usuario admin accedió a index.php
2026-08-11 14:53:51 - [ACCESS] Usuario admin accedió a index.php
2026-08-11 14:54:23 - [ACCESS] Usuario admin accedió a index.php
2026-08-11 14:54:54 - [ACCESS] Usuario admin accedió a index.php
2026-08-11 14:54:55 - [ACCESS] Usuario admin accedió a usuarios.php
2026-08-11 15:02:52 - [ACCESS] Usuario admin accedió a pqrs.php
2026-08-11 15:28:25 - [ACCESS] Login exitoso para usuario: admin
2026-08-11 15:28:25 - [ACCESS] Usuario admin accedió a index.php
2026-08-11 15:28:30 - [ACCESS] Usuario admin accedió a usuarios.php
2026-08-11 15:44:36 - [ACCESS] Usuario admin accedió a usuarios.php
2026-08-11 15:44:39 - [ACCESS] Usuario admin accedió a pqrs.php
2026-08-11 15:44:57 - [ACCESS] Usuario admin accedió a pqrs.php
2026-08-11 15:46:36 - [ACCESS] Usuario admin accedió a pqrs.php
2026-08-11 15:46:39 - [ACCESS] Usuario admin accedió a usuarios.php
2026-08-11 15:46:47 - [ACCESS] Usuario admin accedió a pqrs.php
2026-08-11 15:47:48 - [ACCESS] Usuario admin accedió a pqrs.php
2026-08-11 15:49:05 - [ACCESS] Usuario admin accedió a pqrs.php
2026-08-11 15:49:13 - [ACCESS] Usuario admin accedió a usuarios.php
2026-08-11 15:50:35 - [ACCESS] Usuario admin accedió a pqrs.php
2026-08-11 15:50:46 - [ACCESS] Usuario admin accedió a usuarios.php
2026-08-11 15:51:01 - [ACCESS] Usuario admin accedió a pqrs.php
2026-08-11 15:53:10 - [ACCESS] Usuario admin accedió a usuarios.php
2026-08-11 15:54:31 - [ACCESS] Usuario admin accedió a pqrs.php
2026-08-11 15:56:36 - [ACCESS] Usuario admin accedió a usuarios.php
2026-08-11 16:09:53 - [ACCESS] Usuario admin accedió a index.php
2026-08-11 16:10:24 - [ACCESS] Usuario admin accedió a index.php
2026-08-11 16:10:55 - [ACCESS] Usuario admin accedió a index.php
2026-08-11 16:11:18 - [ACCESS] Usuario admin accedió a pqrs.php
2026-08-11 16:11:26 - [ACCESS] Usuario admin accedió a reportes.php
2026-08-11 16:12:05 - [ACCESS] Usuario admin accedió a pqrs.php
2026-08-11 16:12:12 - [ACCESS] Usuario admin accedió a pqrs.php
2026-08-11 16:13:15 - [ACCESS] Usuario admin accedió a reportes.php
2026-08-11 16:19:57 - [ACCESS] Usuario admin accedió a reportes.php
2026-08-11 16:23:22 - [ACCESS] Usuario admin accedió a reportes.php
2026-08-11 16:25:23 - [ACCESS] Usuario admin accedió a reportes.php
2026-08-11 16:27:58 - [ACCESS] Usuario admin accedió a reportes.php
2026-08-11 16:30:43 - [ACCESS] Usuario admin accedió a reportes.php
2026-08-11 16:33:32 - [ACCESS] Usuario admin accedió a reportes.php
2026-08-11 16:36:10 - [ACCESS] Usuario admin accedió a usuarios.php
2026-08-11 16:36:13 - [ACCESS] Usuario admin accedió a pqrs.php
2026-08-11 16:36:23 - [ACCESS] Usuario admin accedió a reportes.php
2026-08-11 16:36:42 - [ACCESS] Usuario admin accedió a reportes.php
2026-08-11 16:36:58 - [ACCESS] Usuario admin accedió a reportes.php
2026-08-11 16:37:56 - [ACCESS] Usuario admin accedió a reportes.php
2026-08-11 16:39:58 - [ACCESS] Usuario admin accedió a reportes.php
2026-08-11 16:41:19 - [ACCESS] Usuario admin accedió a reportes.php
2026-08-11 16:44:31 - [ACCESS] Usuario admin accedió a reportes.php
2026-08-11 16:51:01 - [ACCESS] Login exitoso para usuario: admin
2026-08-11 16:51:02 - [ACCESS] Usuario admin accedió a index.php
2026-08-11 16:51:34 - [ACCESS] Usuario admin accedió a index.php
2026-08-11 16:52:06 - [ACCESS] Usuario admin accedió a index.php
2026-08-11 16:52:38 - [ACCESS] Usuario admin accedió a index.php
2026-08-11 16:53:09 - [ACCESS] Usuario admin accedió a index.php
2026-08-11 16:53:40 - [ACCESS] Usuario admin accedió a index.php
2026-08-11 16:54:12 - [ACCESS] Usuario admin accedió a index.php
2026-08-11 16:54:44 - [ACCESS] Usuario admin accedió a index.php
2026-08-11 16:55:16 - [ACCESS] Usuario admin accedió a index.php
2026-08-11 16:55:48 - [ACCESS] Usuario admin accedió a index.php
2026-08-11 16:56:20 - [ACCESS] Usuario admin accedió a index.php
2026-08-11 16:56:52 - [ACCESS] Usuario admin accedió a index.php
2026-08-11 16:57:24 - [ACCESS] Usuario admin accedió a index.php
2026-08-11 16:57:58 - [ACCESS] Usuario admin accedió a index.php
2026-08-11 16:58:30 - [ACCESS] Usuario admin accedió a index.php
2026-08-11 16:59:02 - [ACCESS] Usuario admin accedió a index.php
2026-08-11 16:59:34 - [ACCESS] Usuario admin accedió a index.php
2026-08-11 17:00:06 - [ACCESS] Usuario admin accedió a index.php
2026-08-11 17:00:38 - [ACCESS] Usuario admin accedió a index.php
2026-08-11 17:01:10 - [ACCESS] Usuario admin accedió a index.php
2026-08-11 17:01:42 - [ACCESS] Usuario admin accedió a index.php
2026-08-11 17:02:14 - [ACCESS] Usuario admin accedió a index.php
2026-08-11 17:02:46 - [ACCESS] Usuario admin accedió a index.php
2026-08-11 17:03:18 - [ACCESS] Usuario admin accedió a index.php
2026-08-11 17:03:50 - [ACCESS] Usuario admin accedió a index.php
2026-08-11 17:04:22 - [ACCESS] Usuario admin accedió a index.php
2026-08-11 17:04:54 - [ACCESS] Usuario admin accedió a index.php
2026-08-11 17:05:26 - [ACCESS] Usuario admin accedió a index.php
2026-08-11 17:05:58 - [ACCESS] Usuario admin accedió a index.php
2026-08-11 17:06:30 - [ACCESS] Usuario admin accedió a index.php
2026-08-11 17:07:02 - [ACCESS] Usuario admin accedió a index.php
2026-08-11 17:07:34 - [ACCESS] Usuario admin accedió a index.php
2026-08-11 17:08:06 - [ACCESS] Usuario admin accedió a index.php
2026-08-11 17:08:38 - [ACCESS] Usuario admin accedió a index.php
2026-08-11 17:09:10 - [ACCESS] Usuario admin accedió a index.php
2026-08-11 17:09:42 - [ACCESS] Usuario admin accedió a index.php
2026-08-11 17:10:14 - [ACCESS] Usuario admin accedió a index.php
2026-08-11 17:10:46 - [ACCESS] Usuario admin accedió a index.php
2026-08-11 17:11:18 - [ACCESS] Usuario admin accedió a index.php
2026-08-11 17:11:50 - [ACCESS] Usuario admin accedió a index.php
2026-08-11 17:12:22 - [ACCESS] Usuario admin accedió a index.php
2026-08-11 17:12:54 - [ACCESS] Usuario admin accedió a index.php
2026-08-11 17:13:26 - [ACCESS] Usuario admin accedió a index.php
2026-08-11 17:13:58 - [ACCESS] Usuario admin accedió a index.php
2026-08-11 17:14:30 - [ACCESS] Usuario admin accedió a index.php
2026-08-11 17:15:02 - [ACCESS] Usuario admin accedió a index.php
2026-08-11 17:15:34 - [ACCESS] Usuario admin accedió a index.php
2026-08-11 17:16:06 - [ACCESS] Usuario admin accedió a index.php
2026-08-11 17:16:38 - [ACCESS] Usuario admin accedió a index.php
2026-08-11 17:17:10 - [ACCESS] Usuario admin accedió a index.php
2026-08-11 17:17:42 - [ACCESS] Usuario admin accedió a index.php
2026-08-11 17:18:14 - [ACCESS] Usuario admin accedió a index.php
2026-08-11 17:18:46 - [ACCESS] Usuario admin accedió a index.php
2026-08-11 17:19:18 - [ACCESS] Usuario admin accedió a index.php
2026-08-11 17:19:50 - [ACCESS] Usuario admin accedió a index.php
2026-08-11 17:20:22 - [ACCESS] Usuario admin accedió a index.php
2026-08-11 17:20:54 - [ACCESS] Usuario admin accedió a index.php
2026-08-11 17:21:26 - [ACCESS] Usuario admin accedió a index.php
2026-08-11 17:21:58 - [ACCESS] Usuario admin accedió a index.php
2026-08-11 17:22:30 - [ACCESS] Usuario admin accedió a index.php
2026-08-11 17:23:02 - [ACCESS] Usuario admin accedió a index.php
2026-08-11 17:23:36 - [ACCESS] Usuario admin accedió a index.php
2026-08-11 17:24:08 - [ACCESS] Usuario admin accedió a index.php
2026-08-11 17:24:40 - [ACCESS] Usuario admin accedió a index.php
2026-08-11 17:25:12 - [ACCESS] Usuario admin accedió a index.php
2026-08-11 17:25:44 - [ACCESS] Usuario admin accedió a index.php
2026-08-11 17:26:16 - [ACCESS] Usuario admin accedió a index.php
2026-08-11 17:26:48 - [ACCESS] Usuario admin accedió a index.php
2026-08-11 17:27:20 - [ACCESS] Usuario admin accedió a index.php
2026-08-11 17:27:52 - [ACCESS] Usuario admin accedió a index.php
2026-08-11 17:28:24 - [ACCESS] Usuario admin accedió a index.php
2026-08-11 17:28:56 - [ACCESS] Usuario admin accedió a index.php
2026-08-11 17:29:28 - [ACCESS] Usuario admin accedió a index.php
2026-08-11 17:30:00 - [ACCESS] Usuario admin accedió a index.php
2026-08-11 17:30:32 - [ACCESS] Usuario admin accedió a index.php
2026-08-11 17:31:04 - [ACCESS] Usuario admin accedió a index.php
2026-08-11 17:31:36 - [ACCESS] Usuario admin accedió a index.php
2026-08-11 17:32:08 - [ACCESS] Usuario admin accedió a index.php
2026-08-11 17:32:40 - [ACCESS] Usuario admin accedió a index.php
2026-08-11 17:33:12 - [ACCESS] Usuario admin accedió a index.php
2026-08-11 17:33:44 - [ACCESS] Usuario admin accedió a index.php
2026-08-11 17:34:16 - [ACCESS] Usuario admin accedió a index.php
2026-08-11 17:34:48 - [ACCESS] Usuario admin accedió a index.php
2026-08-11 17:35:20 - [ACCESS] Usuario admin accedió a index.php
2026-08-11 17:35:52 - [ACCESS] Usuario admin accedió a index.php
2026-08-11 17:36:24 - [ACCESS] Usuario admin accedió a index.php
2026-08-11 17:36:56 - [ACCESS] Usuario admin accedió a index.php
2026-08-11 17:37:28 - [ACCESS] Usuario admin accedió a index.php
2026-08-11 17:38:00 - [ACCESS] Usuario admin accedió a index.php
2026-08-11 17:38:32 - [ACCESS] Usuario admin accedió a index.php
2026-08-11 17:39:04 - [ACCESS] Usuario admin accedió a index.php
2026-08-11 17:39:36 - [ACCESS] Usuario admin accedió a index.php
2026-08-11 17:40:08 - [ACCESS] Usuario admin accedió a index.php
2026-08-11 17:40:40 - [ACCESS] Usuario admin accedió a index.php
2026-08-11 17:41:12 - [ACCESS] Usuario admin accedió a index.php
2026-08-11 17:41:44 - [ACCESS] Usuario admin accedió a index.php
2026-08-11 17:42:16 - [ACCESS] Usuario admin accedió a index.php
2026-08-11 17:42:48 - [ACCESS] Usuario admin accedió a index.php
2026-08-11 17:43:20 - [ACCESS] Usuario admin accedió a index.php
2026-08-11 17:43:52 - [ACCESS] Usuario admin accedió a index.php
2026-08-11 17:44:24 - [ACCESS] Usuario admin accedió a index.php
2026-08-11 17:44:56 - [ACCESS] Usuario admin accedió a index.php
2026-08-11 17:45:28 - [ACCESS] Usuario admin accedió a index.php
2026-08-11 17:46:00 - [ACCESS] Usuario admin accedió a index.php
2026-08-11 17:46:32 - [ACCESS] Usuario admin accedió a index.php
2026-08-11 17:47:04 - [ACCESS] Usuario admin accedió a index.php
2026-08-11 17:47:36 - [ACCESS] Usuario admin accedió a index.php
2026-08-11 17:48:08 - [ACCESS] Usuario admin accedió a index.php
2026-08-11 17:48:40 - [ACCESS] Usuario admin accedió a index.php
2026-08-11 17:49:12 - [ACCESS] Usuario admin accedió a index.php
2026-08-11 17:49:44 - [ACCESS] Usuario admin accedió a index.php
2026-08-11 17:50:16 - [ACCESS] Usuario admin accedió a index.php
2026-08-11 17:50:48 - [ACCESS] Usuario admin accedió a index.php
2026-08-11 17:51:20 - [ACCESS] Usuario admin accedió a index.php
2026-08-11 17:51:52 - [ACCESS] Usuario admin accedió a index.php
2026-08-11 17:52:24 - [ACCESS] Usuario admin accedió a index.php
2026-08-11 17:52:56 - [ACCESS] Usuario admin accedió a index.php
2026-08-11 17:53:28 - [ACCESS] Usuario admin accedió a index.php
2026-08-11 17:54:00 - [ACCESS] Usuario admin accedió a index.php
2026-08-11 17:54:32 - [ACCESS] Usuario admin accedió a index.php
2026-08-11 17:55:04 - [ACCESS] Usuario admin accedió a index.php
2026-08-11 17:55:36 - [ACCESS] Usuario admin accedió a index.php
2026-08-11 17:56:08 - [ACCESS] Usuario admin accedió a index.php
2026-08-11 17:56:40 - [ACCESS] Usuario admin accedió a index.php
2026-08-11 17:57:12 - [ACCESS] Usuario admin accedió a index.php
2026-08-11 17:57:44 - [ACCESS] Usuario admin accedió a index.php
2026-08-11 17:58:16 - [ACCESS] Usuario admin accedió a index.php
2026-08-11 17:58:48 - [ACCESS] Usuario admin accedió a index.php
2026-08-11 17:59:20 - [ACCESS] Usuario admin accedió a index.php
2026-08-11 17:59:52 - [ACCESS] Usuario admin accedió a index.php
2026-08-11 18:00:24 - [ACCESS] Usuario admin accedió a index.php
2026-08-11 18:00:56 - [ACCESS] Usuario admin accedió a index.php
2026-08-11 18:01:28 - [ACCESS] Usuario admin accedió a index.php
2026-08-11 18:02:00 - [ACCESS] Usuario admin accedió a index.php
2026-08-11 18:02:32 - [ACCESS] Usuario admin accedió a index.php
2026-08-11 18:03:04 - [ACCESS] Usuario admin accedió a index.php
2026-08-11 18:03:36 - [ACCESS] Usuario admin accedió a index.php
2026-08-11 18:04:08 - [ACCESS] Usuario admin accedió a index.php
2026-08-11 18:04:40 - [ACCESS] Usuario admin accedió a index.php
2026-08-11 18:05:12 - [ACCESS] Usuario admin accedió a index.php
2026-08-11 18:05:44 - [ACCESS] Usuario admin accedió a index.php
2026-08-11 18:06:16 - [ACCESS] Usuario admin accedió a index.php
2026-08-11 18:06:48 - [ACCESS] Usuario admin accedió a index.php
2026-08-11 18:07:20 - [ACCESS] Usuario admin accedió a index.php
2026-08-11 18:07:52 - [ACCESS] Usuario admin accedió a index.php
2026-08-11 18:08:24 - [ACCESS] Usuario admin accedió a index.php
2026-08-11 18:08:56 - [ACCESS] Usuario admin accedió a index.php
2026-08-11 18:09:28 - [ACCESS] Usuario admin accedió a index.php
2026-08-11 18:10:00 - [ACCESS] Usuario admin accedió a index.php
2026-08-11 18:10:32 - [ACCESS] Usuario admin accedió a index.php
2026-08-11 18:11:04 - [ACCESS] Usuario admin accedió a index.php
2026-08-11 18:11:36 - [ACCESS] Usuario admin accedió a index.php
2026-08-11 18:12:08 - [ACCESS] Usuario admin accedió a index.php
2026-08-11 18:12:40 - [ACCESS] Usuario admin accedió a index.php
2026-08-11 18:13:12 - [ACCESS] Usuario admin accedió a index.php
2026-08-11 18:13:44 - [ACCESS] Usuario admin accedió a index.php
2026-08-11 18:14:16 - [ACCESS] Usuario admin accedió a index.php
2026-08-11 18:14:48 - [ACCESS] Usuario admin accedió a index.php
2026-08-11 18:15:20 - [ACCESS] Usuario admin accedió a index.php
2026-08-11 18:15:52 - [ACCESS] Usuario admin accedió a index.php
2026-08-11 18:16:24 - [ACCESS] Usuario admin accedió a index.php
2026-08-11 18:16:56 - [ACCESS] Usuario admin accedió a index.php
2026-08-11 18:17:28 - [ACCESS] Usuario admin accedió a index.php
2026-08-11 18:18:00 - [ACCESS] Usuario admin accedió a index.php
2026-08-11 18:18:32 - [ACCESS] Usuario admin accedió a index.php
2026-08-11 18:19:04 - [ACCESS] Usuario admin accedió a index.php
2026-08-11 18:19:36 - [ACCESS] Usuario admin accedió a index.php
2026-08-11 18:20:08 - [ACCESS] Usuario admin accedió a index.php
2026-08-11 18:20:40 - [ACCESS] Usuario admin accedió a index.php
2026-08-11 18:21:12 - [ACCESS] Usuario admin accedió a index.php
2026-08-11 18:21:44 - [ACCESS] Usuario admin accedió a index.php
2026-08-11 18:22:16 - [ACCESS] Usuario admin accedió a index.php
2026-08-11 18:22:48 - [ACCESS] Usuario admin accedió a index.php
2026-08-11 18:23:20 - [ACCESS] Usuario admin accedió a index.php
2026-08-11 18:23:52 - [ACCESS] Usuario admin accedió a index.php
2026-08-11 18:24:24 - [ACCESS] Usuario admin accedió a index.php
2026-08-11 18:24:56 - [ACCESS] Usuario admin accedió a index.php
2026-08-11 18:25:28 - [ACCESS] Usuario admin accedió a index.php
2026-08-11 18:26:00 - [ACCESS] Usuario admin accedió a index.php
2026-08-11 18:26:32 - [ACCESS] Usuario admin accedió a index.php
2026-08-11 18:27:04 - [ACCESS] Usuario admin accedió a index.php
2026-08-11 18:27:36 - [ACCESS] Usuario admin accedió a index.php
2026-08-11 18:28:08 - [ACCESS] Usuario admin accedió a index.php
2026-08-11 18:28:40 - [ACCESS] Usuario admin accedió a index.php
2026-08-11 18:29:12 - [ACCESS] Usuario admin accedió a index.php
2026-08-11 18:29:44 - [ACCESS] Usuario admin accedió a index.php
2026-08-11 18:30:16 - [ACCESS] Usuario admin accedió a index.php
2026-08-11 18:30:48 - [ACCESS] Usuario admin accedió a index.php
2026-08-11 18:31:20 - [ACCESS] Usuario admin accedió a index.php
2026-08-11 18:31:52 - [ACCESS] Usuario admin accedió a index.php
2026-08-11 18:32:24 - [ACCESS] Usuario admin accedió a index.php
2026-08-11 18:32:56 - [ACCESS] Usuario admin accedió a index.php
2026-08-11 18:33:28 - [ACCESS] Usuario admin accedió a index.php
2026-08-11 18:34:00 - [ACCESS] Usuario admin accedió a index.php
2026-08-11 18:34:32 - [ACCESS] Usuario admin accedió a index.php
2026-08-11 18:35:04 - [ACCESS] Usuario admin accedió a index.php
2026-08-11 18:35:36 - [ACCESS] Usuario admin accedió a index.php
2026-08-11 18:36:08 - [ACCESS] Usuario admin accedió a index.php
2026-08-11 18:36:40 - [ACCESS] Usuario admin accedió a index.php
2026-08-11 18:37:12 - [ACCESS] Usuario admin accedió a index.php
2026-08-11 18:37:44 - [ACCESS] Usuario admin accedió a index.php
2026-08-11 18:38:16 - [ACCESS] Usuario admin accedió a index.php
2026-08-11 18:38:48 - [ACCESS] Usuario admin accedió a index.php
2026-08-11 18:39:20 - [ACCESS] Usuario admin accedió a index.php
2026-08-11 18:39:52 - [ACCESS] Usuario admin accedió a index.php
2026-08-11 18:40:24 - [ACCESS] Usuario admin accedió a index.php
2026-08-11 18:40:56 - [ACCESS] Usuario admin accedió a index.php
2026-08-11 18:41:28 - [ACCESS] Usuario admin accedió a index.php
2026-08-11 18:42:00 - [ACCESS] Usuario admin accedió a index.php
2026-08-11 18:42:32 - [ACCESS] Usuario admin accedió a index.php
2026-08-11 18:43:04 - [ACCESS] Usuario admin accedió a index.php
2026-08-11 18:43:36 - [ACCESS] Usuario admin accedió a index.php
2026-08-11 18:44:08 - [ACCESS] Usuario admin accedió a index.php
2026-08-11 18:44:40 - [ACCESS] Usuario admin accedió a index.php
2026-08-11 18:45:12 - [ACCESS] Usuario admin accedió a index.php
2026-08-11 18:45:44 - [ACCESS] Usuario admin accedió a index.php
2026-08-11 18:46:16 - [ACCESS] Usuario admin accedió a index.php
2026-08-11 18:46:48 - [ACCESS] Usuario admin accedió a index.php
2026-08-11 18:47:20 - [ACCESS] Usuario admin accedió a index.php
2026-08-11 18:47:52 - [ACCESS] Usuario admin accedió a index.php
2026-08-11 18:48:24 - [ACCESS] Usuario admin accedió a index.php
2026-08-11 18:48:56 - [ACCESS] Usuario admin accedió a index.php
2026-08-11 18:49:28 - [ACCESS] Usuario admin accedió a index.php
2026-08-11 18:50:00 - [ACCESS] Usuario admin accedió a index.php
2026-08-11 18:50:32 - [ACCESS] Usuario admin accedió a index.php
2026-08-11 18:51:04 - [ACCESS] Usuario admin accedió a index.php
2026-08-11 18:51:36 - [ACCESS] Usuario admin accedió a index.php
2026-08-11 18:52:08 - [ACCESS] Usuario admin accedió a index.php
2026-08-11 18:52:40 - [ACCESS] Usuario admin accedió a index.php
2026-08-11 18:53:12 - [ACCESS] Usuario admin accedió a index.php
2026-08-11 18:53:44 - [ACCESS] Usuario admin accedió a index.php
2026-08-11 18:54:16 - [ACCESS] Usuario admin accedió a index.php
2026-08-11 18:54:48 - [ACCESS] Usuario admin accedió a index.php
2026-08-11 18:55:20 - [ACCESS] Usuario admin accedió a index.php
2026-08-11 18:55:52 - [ACCESS] Usuario admin accedió a index.php
2026-08-11 18:56:24 - [ACCESS] Usuario admin accedió a index.php
2026-08-11 18:56:56 - [ACCESS] Usuario admin accedió a index.php
2026-08-11 18:57:28 - [ACCESS] Usuario admin accedió a index.php
2026-08-11 18:58:00 - [ACCESS] Usuario admin accedió a index.php
2026-08-11 18:58:32 - [ACCESS] Usuario admin accedió a index.php
2026-08-11 18:59:04 - [ACCESS] Usuario admin accedió a index.php
2026-08-11 18:59:36 - [ACCESS] Usuario admin accedió a index.php
2026-08-11 19:00:08 - [ACCESS] Usuario admin accedió a index.php
2026-08-11 19:00:40 - [ACCESS] Usuario admin accedió a index.php
2026-08-11 19:01:12 - [ACCESS] Usuario admin accedió a index.php
2026-08-11 19:01:44 - [ACCESS] Usuario admin accedió a index.php
2026-08-11 19:02:16 - [ACCESS] Usuario admin accedió a index.php
2026-08-11 19:02:48 - [ACCESS] Usuario admin accedió a index.php
2026-08-11 19:03:20 - [ACCESS] Usuario admin accedió a index.php
2026-08-11 19:03:52 - [ACCESS] Usuario admin accedió a index.php
2026-08-11 19:04:24 - [ACCESS] Usuario admin accedió a index.php
2026-08-11 19:04:56 - [ACCESS] Usuario admin accedió a index.php
2026-08-11 19:05:28 - [ACCESS] Usuario admin accedió a index.php
2026-08-11 19:06:00 - [ACCESS] Usuario admin accedió a index.php
2026-08-11 19:06:32 - [ACCESS] Usuario admin accedió a index.php
2026-08-11 19:07:04 - [ACCESS] Usuario admin accedió a index.php
2026-08-11 19:07:36 - [ACCESS] Usuario admin accedió a index.php
2026-08-11 19:08:08 - [ACCESS] Usuario admin accedió a index.php
2026-08-11 19:08:41 - [ACCESS] Usuario admin accedió a index.php
2026-08-11 19:09:13 - [ACCESS] Usuario admin accedió a index.php
2026-08-11 19:09:45 - [ACCESS] Usuario admin accedió a index.php
2026-08-11 19:10:17 - [ACCESS] Usuario admin accedió a index.php
2026-08-11 19:10:49 - [ACCESS] Usuario admin accedió a index.php
2026-08-11 19:11:21 - [ACCESS] Usuario admin accedió a index.php
2026-08-11 19:11:53 - [ACCESS] Usuario admin accedió a index.php
2026-08-11 19:12:25 - [ACCESS] Usuario admin accedió a index.php
2026-08-11 19:12:57 - [ACCESS] Usuario admin accedió a index.php
2026-08-11 19:13:29 - [ACCESS] Usuario admin accedió a index.php
2026-08-11 19:14:01 - [ACCESS] Usuario admin accedió a index.php
2026-08-11 19:14:33 - [ACCESS] Usuario admin accedió a index.php
2026-08-11 19:15:05 - [ACCESS] Usuario admin accedió a index.php
2026-08-11 19:15:37 - [ACCESS] Usuario admin accedió a index.php
2026-08-11 19:16:09 - [ACCESS] Usuario admin accedió a index.php
2026-08-11 19:16:41 - [ACCESS] Usuario admin accedió a index.php
2026-08-11 19:17:13 - [ACCESS] Usuario admin accedió a index.php
2026-08-11 19:17:45 - [ACCESS] Usuario admin accedió a index.php
2026-08-11 19:18:17 - [ACCESS] Usuario admin accedió a index.php
2026-08-11 19:18:49 - [ACCESS] Usuario admin accedió a index.php
2026-08-11 19:19:21 - [ACCESS] Usuario admin accedió a index.php
2026-08-11 19:19:53 - [ACCESS] Usuario admin accedió a index.php
2026-08-11 19:20:25 - [ACCESS] Usuario admin accedió a index.php
2026-08-11 19:20:57 - [ACCESS] Usuario admin accedió a index.php
2026-08-11 19:21:29 - [ACCESS] Usuario admin accedió a index.php
2026-08-11 19:22:01 - [ACCESS] Usuario admin accedió a index.php
2026-08-11 19:22:33 - [ACCESS] Usuario admin accedió a index.php
2026-08-11 19:23:05 - [ACCESS] Usuario admin accedió a index.php
2026-08-11 19:23:37 - [ACCESS] Usuario admin accedió a index.php
2026-08-11 19:24:09 - [ACCESS] Usuario admin accedió a index.php
2026-08-11 19:24:41 - [ACCESS] Usuario admin accedió a index.php
2026-08-11 19:25:13 - [ACCESS] Usuario admin accedió a index.php
2026-08-11 19:25:45 - [ACCESS] Usuario admin accedió a index.php
2026-08-11 19:26:17 - [ACCESS] Usuario admin accedió a index.php
2026-08-11 19:26:49 - [ACCESS] Usuario admin accedió a index.php
2026-08-11 19:27:21 - [ACCESS] Usuario admin accedió a index.php
2026-08-11 19:27:53 - [ACCESS] Usuario admin accedió a index.php
2026-08-11 19:28:25 - [ACCESS] Usuario admin accedió a index.php
2026-08-11 19:28:57 - [ACCESS] Usuario admin accedió a index.php
2026-08-11 19:29:29 - [ACCESS] Usuario admin accedió a index.php
2026-08-11 19:30:01 - [ACCESS] Usuario admin accedió a index.php
2026-08-11 19:30:33 - [ACCESS] Usuario admin accedió a index.php
2026-08-11 19:31:05 - [ACCESS] Usuario admin accedió a index.php
2026-08-11 19:31:37 - [ACCESS] Usuario admin accedió a index.php
2026-08-11 19:32:09 - [ACCESS] Usuario admin accedió a index.php
2026-08-11 19:32:41 - [ACCESS] Usuario admin accedió a index.php
2026-08-11 19:33:13 - [ACCESS] Usuario admin accedió a index.php
2026-08-11 19:33:45 - [ACCESS] Usuario admin accedió a index.php
2026-08-11 19:34:17 - [ACCESS] Usuario admin accedió a index.php
2026-08-11 19:34:49 - [ACCESS] Usuario admin accedió a index.php
2026-08-11 19:35:21 - [ACCESS] Usuario admin accedió a index.php
2026-08-11 19:35:53 - [ACCESS] Usuario admin accedió a index.php
2026-08-11 19:36:25 - [ACCESS] Usuario admin accedió a index.php
2026-08-11 19:36:57 - [ACCESS] Usuario admin accedió a index.php
2026-08-11 19:37:29 - [ACCESS] Usuario admin accedió a index.php
2026-08-11 19:38:01 - [ACCESS] Usuario admin accedió a index.php
2026-08-11 19:38:33 - [ACCESS] Usuario admin accedió a index.php
2026-08-11 19:39:05 - [ACCESS] Usuario admin accedió a index.php
2026-08-11 19:39:37 - [ACCESS] Usuario admin accedió a index.php
2026-08-11 19:40:09 - [ACCESS] Usuario admin accedió a index.php
2026-08-11 19:40:41 - [ACCESS] Usuario admin accedió a index.php
2026-08-11 19:41:13 - [ACCESS] Usuario admin accedió a index.php
2026-08-11 19:41:45 - [ACCESS] Usuario admin accedió a index.php
2026-08-11 19:42:17 - [ACCESS] Usuario admin accedió a index.php
2026-08-11 19:42:49 - [ACCESS] Usuario admin accedió a index.php
2026-08-11 19:43:21 - [ACCESS] Usuario admin accedió a index.php
2026-08-11 19:43:53 - [ACCESS] Usuario admin accedió a index.php
2026-08-11 19:44:25 - [ACCESS] Usuario admin accedió a index.php
2026-08-11 19:44:57 - [ACCESS] Usuario admin accedió a index.php
2026-08-11 19:45:29 - [ACCESS] Usuario admin accedió a index.php
2026-08-11 19:46:01 - [ACCESS] Usuario admin accedió a index.php
2026-08-11 19:46:33 - [ACCESS] Usuario admin accedió a index.php
2026-08-11 19:47:05 - [ACCESS] Usuario admin accedió a index.php
2026-08-11 19:47:37 - [ACCESS] Usuario admin accedió a index.php
2026-08-11 19:48:09 - [ACCESS] Usuario admin accedió a index.php
2026-08-11 19:48:41 - [ACCESS] Usuario admin accedió a index.php
2026-08-11 19:49:13 - [ACCESS] Usuario admin accedió a index.php
2026-08-11 19:49:45 - [ACCESS] Usuario admin accedió a index.php
2026-08-11 19:50:17 - [ACCESS] Usuario admin accedió a index.php
2026-08-11 19:50:49 - [ACCESS] Usuario admin accedió a index.php
2026-08-11 19:51:21 - [ACCESS] Usuario admin accedió a index.php
2026-08-11 19:51:53 - [ACCESS] Usuario admin accedió a index.php
2026-08-11 19:52:25 - [ACCESS] Usuario admin accedió a index.php
2026-08-11 19:52:57 - [ACCESS] Usuario admin accedió a index.php
2026-08-11 19:53:29 - [ACCESS] Usuario admin accedió a index.php
2026-08-11 19:54:01 - [ACCESS] Usuario admin accedió a index.php
2026-08-11 19:54:33 - [ACCESS] Usuario admin accedió a index.php
2026-08-11 19:55:05 - [ACCESS] Usuario admin accedió a index.php
2026-08-11 19:55:37 - [ACCESS] Usuario admin accedió a index.php
2026-08-11 19:56:09 - [ACCESS] Usuario admin accedió a index.php
2026-08-11 19:56:41 - [ACCESS] Usuario admin accedió a index.php
2026-08-11 19:57:13 - [ACCESS] Usuario admin accedió a index.php
2026-08-11 19:57:45 - [ACCESS] Usuario admin accedió a index.php
2026-08-11 19:58:17 - [ACCESS] Usuario admin accedió a index.php
2026-08-11 19:58:49 - [ACCESS] Usuario admin accedió a index.php
2026-08-11 19:59:21 - [ACCESS] Usuario admin accedió a index.php
2026-08-11 19:59:53 - [ACCESS] Usuario admin accedió a index.php
2026-08-11 20:00:25 - [ACCESS] Usuario admin accedió a index.php
2026-08-11 20:00:57 - [ACCESS] Usuario admin accedió a index.php
2026-08-11 20:01:29 - [ACCESS] Usuario admin accedió a index.php
2026-08-11 20:02:01 - [ACCESS] Usuario admin accedió a index.php
2026-08-11 20:02:33 - [ACCESS] Usuario admin accedió a index.php
2026-08-11 20:03:05 - [ACCESS] Usuario admin accedió a index.php
2026-08-11 20:03:37 - [ACCESS] Usuario admin accedió a index.php
2026-08-11 20:04:09 - [ACCESS] Usuario admin accedió a index.php
2026-08-11 20:04:41 - [ACCESS] Usuario admin accedió a index.php
2026-08-11 20:05:13 - [ACCESS] Usuario admin accedió a index.php
2026-08-11 20:05:45 - [ACCESS] Usuario admin accedió a index.php
2026-08-11 20:06:17 - [ACCESS] Usuario admin accedió a index.php
2026-08-11 20:06:49 - [ACCESS] Usuario admin accedió a index.php
2026-08-11 20:07:21 - [ACCESS] Usuario admin accedió a index.php
2026-08-11 20:07:53 - [ACCESS] Usuario admin accedió a index.php
2026-08-11 20:08:25 - [ACCESS] Usuario admin accedió a index.php
2026-08-11 20:08:57 - [ACCESS] Usuario admin accedió a index.php
2026-08-11 20:09:29 - [ACCESS] Usuario admin accedió a index.php
2026-08-11 20:10:01 - [ACCESS] Usuario admin accedió a index.php
2026-08-11 20:10:33 - [ACCESS] Usuario admin accedió a index.php
2026-08-11 20:11:05 - [ACCESS] Usuario admin accedió a index.php
2026-08-11 20:11:37 - [ACCESS] Usuario admin accedió a index.php
2026-08-11 20:12:09 - [ACCESS] Usuario admin accedió a index.php
2026-08-11 20:12:41 - [ACCESS] Usuario admin accedió a index.php
2026-08-11 20:13:13 - [ACCESS] Usuario admin accedió a index.php
2026-08-11 20:13:45 - [ACCESS] Usuario admin accedió a index.php
2026-08-11 20:14:17 - [ACCESS] Usuario admin accedió a index.php
2026-08-11 20:14:49 - [ACCESS] Usuario admin accedió a index.php
2026-08-11 20:15:21 - [ACCESS] Usuario admin accedió a index.php
2026-08-11 20:15:53 - [ACCESS] Usuario admin accedió a index.php
2026-08-11 20:16:25 - [ACCESS] Usuario admin accedió a index.php
2026-08-11 20:16:57 - [ACCESS] Usuario admin accedió a index.php
2026-08-11 20:17:29 - [ACCESS] Usuario admin accedió a index.php
2026-08-11 20:18:01 - [ACCESS] Usuario admin accedió a index.php
2026-08-11 20:18:33 - [ACCESS] Usuario admin accedió a index.php
2026-08-11 20:19:05 - [ACCESS] Usuario admin accedió a index.php
2026-08-11 20:19:37 - [ACCESS] Usuario admin accedió a index.php
2026-08-11 20:20:09 - [ACCESS] Usuario admin accedió a index.php
2026-08-11 20:20:41 - [ACCESS] Usuario admin accedió a index.php
2026-08-11 20:21:13 - [ACCESS] Usuario admin accedió a index.php
2026-08-11 20:21:45 - [ACCESS] Usuario admin accedió a index.php
2026-08-11 20:22:17 - [ACCESS] Usuario admin accedió a index.php
2026-08-11 20:22:49 - [ACCESS] Usuario admin accedió a index.php
2026-08-11 20:23:21 - [ACCESS] Usuario admin accedió a index.php
2026-08-11 20:23:53 - [ACCESS] Usuario admin accedió a index.php
2026-08-11 20:24:25 - [ACCESS] Usuario admin accedió a index.php
2026-08-11 20:24:57 - [ACCESS] Usuario admin accedió a index.php
2026-08-11 20:25:29 - [ACCESS] Usuario admin accedió a index.php
2026-08-11 20:26:01 - [ACCESS] Usuario admin accedió a index.php
2026-08-11 20:26:33 - [ACCESS] Usuario admin accedió a index.php
2026-08-11 20:27:05 - [ACCESS] Usuario admin accedió a index.php
2026-08-11 20:27:37 - [ACCESS] Usuario admin accedió a index.php
2026-08-11 20:28:09 - [ACCESS] Usuario admin accedió a index.php
2026-08-11 20:28:41 - [ACCESS] Usuario admin accedió a index.php
2026-08-11 20:29:13 - [ACCESS] Usuario admin accedió a index.php
2026-08-11 20:29:45 - [ACCESS] Usuario admin accedió a index.php
2026-08-11 20:30:17 - [ACCESS] Usuario admin accedió a index.php
2026-08-11 20:30:49 - [ACCESS] Usuario admin accedió a index.php
2026-08-11 20:31:21 - [ACCESS] Usuario admin accedió a index.php
2026-08-11 20:31:53 - [ACCESS] Usuario admin accedió a index.php
2026-08-11 20:32:25 - [ACCESS] Usuario admin accedió a index.php
2026-08-11 20:32:57 - [ACCESS] Usuario admin accedió a index.php
2026-08-11 20:33:29 - [ACCESS] Usuario admin accedió a index.php
2026-08-11 20:34:01 - [ACCESS] Usuario admin accedió a index.php
2026-08-11 20:34:33 - [ACCESS] Usuario admin accedió a index.php
2026-08-11 20:35:05 - [ACCESS] Usuario admin accedió a index.php
2026-08-11 20:35:37 - [ACCESS] Usuario admin accedió a index.php
2026-08-11 20:36:09 - [ACCESS] Usuario admin accedió a index.php
2026-08-11 20:36:41 - [ACCESS] Usuario admin accedió a index.php
2026-08-11 20:37:13 - [ACCESS] Usuario admin accedió a index.php
2026-08-11 20:37:45 - [ACCESS] Usuario admin accedió a index.php
2026-08-11 20:38:17 - [ACCESS] Usuario admin accedió a index.php
2026-08-11 20:38:49 - [ACCESS] Usuario admin accedió a index.php
2026-08-11 20:39:21 - [ACCESS] Usuario admin accedió a index.php
2026-08-11 20:39:53 - [ACCESS] Usuario admin accedió a index.php
2026-08-11 20:40:25 - [ACCESS] Usuario admin accedió a index.php
2026-08-11 20:40:57 - [ACCESS] Usuario admin accedió a index.php
2026-08-11 20:41:29 - [ACCESS] Usuario admin accedió a index.php
2026-08-11 20:42:01 - [ACCESS] Usuario admin accedió a index.php
2026-08-11 20:42:33 - [ACCESS] Usuario admin accedió a index.php
2026-08-11 20:43:05 - [ACCESS] Usuario admin accedió a index.php
2026-08-11 20:43:37 - [ACCESS] Usuario admin accedió a index.php
2026-08-11 20:44:09 - [ACCESS] Usuario admin accedió a index.php
2026-08-11 20:44:41 - [ACCESS] Usuario admin accedió a index.php
2026-08-11 20:45:13 - [ACCESS] Usuario admin accedió a index.php
2026-08-11 20:45:45 - [ACCESS] Usuario admin accedió a index.php
2026-08-11 20:46:17 - [ACCESS] Usuario admin accedió a index.php
2026-08-11 20:46:49 - [ACCESS] Usuario admin accedió a index.php
2026-08-11 20:47:21 - [ACCESS] Usuario admin accedió a index.php
2026-08-11 20:47:53 - [ACCESS] Usuario admin accedió a index.php
2026-08-11 20:48:25 - [ACCESS] Usuario admin accedió a index.php
2026-08-11 20:48:57 - [ACCESS] Usuario admin accedió a index.php
2026-08-11 20:49:29 - [ACCESS] Usuario admin accedió a index.php
2026-08-11 20:50:01 - [ACCESS] Usuario admin accedió a index.php
2026-08-11 20:50:33 - [ACCESS] Usuario admin accedió a index.php
2026-08-11 20:51:05 - [ACCESS] Usuario admin accedió a index.php
2026-08-11 20:51:37 - [ACCESS] Usuario admin accedió a index.php
2026-08-11 20:52:09 - [ACCESS] Usuario admin accedió a index.php
2026-08-11 20:52:41 - [ACCESS] Usuario admin accedió a index.php
2026-08-11 20:53:13 - [ACCESS] Usuario admin accedió a index.php
2026-08-11 20:53:45 - [ACCESS] Usuario admin accedió a index.php
2026-08-11 20:54:17 - [ACCESS] Usuario admin accedió a index.php
2026-08-11 20:54:49 - [ACCESS] Usuario admin accedió a index.php
2026-08-11 20:55:21 - [ACCESS] Usuario admin accedió a index.php
2026-08-11 20:55:53 - [ACCESS] Usuario admin accedió a index.php
2026-08-11 20:56:25 - [ACCESS] Usuario admin accedió a index.php
2026-08-11 20:56:57 - [ACCESS] Usuario admin accedió a index.php
2026-08-11 20:57:29 - [ACCESS] Usuario admin accedió a index.php
2026-08-11 20:58:01 - [ACCESS] Usuario admin accedió a index.php
2026-08-11 20:58:33 - [ACCESS] Usuario admin accedió a index.php
2026-08-11 20:59:05 - [ACCESS] Usuario admin accedió a index.php
2026-08-11 20:59:37 - [ACCESS] Usuario admin accedió a index.php
2026-08-11 21:00:09 - [ACCESS] Usuario admin accedió a index.php
2026-08-11 21:00:41 - [ACCESS] Usuario admin accedió a index.php
2026-08-11 21:01:13 - [ACCESS] Usuario admin accedió a index.php
2026-08-11 21:01:45 - [ACCESS] Usuario admin accedió a index.php
2026-08-11 21:02:17 - [ACCESS] Usuario admin accedió a index.php
2026-08-11 21:02:49 - [ACCESS] Usuario admin accedió a index.php
2026-08-11 21:03:21 - [ACCESS] Usuario admin accedió a index.php
2026-08-11 21:03:53 - [ACCESS] Usuario admin accedió a index.php
2026-08-11 21:04:25 - [ACCESS] Usuario admin accedió a index.php
2026-08-11 21:04:57 - [ACCESS] Usuario admin accedió a index.php
2026-08-11 21:05:29 - [ACCESS] Usuario admin accedió a index.php
2026-08-11 21:06:01 - [ACCESS] Usuario admin accedió a index.php
2026-08-11 21:06:33 - [ACCESS] Usuario admin accedió a index.php
2026-08-11 21:07:05 - [ACCESS] Usuario admin accedió a index.php
2026-08-11 21:07:37 - [ACCESS] Usuario admin accedió a index.php
2026-08-11 21:08:09 - [ACCESS] Usuario admin accedió a index.php
2026-08-11 21:08:41 - [ACCESS] Usuario admin accedió a index.php
2026-08-11 21:09:13 - [ACCESS] Usuario admin accedió a index.php
2026-08-11 21:09:45 - [ACCESS] Usuario admin accedió a index.php
2026-08-11 21:10:17 - [ACCESS] Usuario admin accedió a index.php
2026-08-11 21:10:49 - [ACCESS] Usuario admin accedió a index.php
2026-08-11 21:11:21 - [ACCESS] Usuario admin accedió a index.php
2026-08-11 21:11:53 - [ACCESS] Usuario admin accedió a index.php
2026-08-11 21:12:25 - [ACCESS] Usuario admin accedió a index.php
2026-08-11 21:12:57 - [ACCESS] Usuario admin accedió a index.php
2026-08-11 21:13:29 - [ACCESS] Usuario admin accedió a index.php
2026-08-11 21:14:01 - [ACCESS] Usuario admin accedió a index.php
2026-08-11 21:14:33 - [ACCESS] Usuario admin accedió a index.php
2026-08-11 21:15:05 - [ACCESS] Usuario admin accedió a index.php
2026-08-11 21:15:37 - [ACCESS] Usuario admin accedió a index.php
2026-08-11 21:16:09 - [ACCESS] Usuario admin accedió a index.php
2026-08-11 21:16:41 - [ACCESS] Usuario admin accedió a index.php
2026-08-11 21:17:13 - [ACCESS] Usuario admin accedió a index.php
2026-08-11 21:17:45 - [ACCESS] Usuario admin accedió a index.php
2026-08-11 21:18:17 - [ACCESS] Usuario admin accedió a index.php
2026-08-11 21:18:49 - [ACCESS] Usuario admin accedió a index.php
2026-08-11 21:19:21 - [ACCESS] Usuario admin accedió a index.php
2026-08-11 21:19:53 - [ACCESS] Usuario admin accedió a index.php
2026-08-11 21:20:25 - [ACCESS] Usuario admin accedió a index.php
2026-08-11 21:20:57 - [ACCESS] Usuario admin accedió a index.php
2026-08-11 21:21:29 - [ACCESS] Usuario admin accedió a index.php
2026-08-11 21:22:01 - [ACCESS] Usuario admin accedió a index.php
2026-08-11 21:22:33 - [ACCESS] Usuario admin accedió a index.php
2026-08-11 21:23:05 - [ACCESS] Usuario admin accedió a index.php
2026-08-11 21:23:37 - [ACCESS] Usuario admin accedió a index.php
2026-08-11 21:24:09 - [ACCESS] Usuario admin accedió a index.php
2026-08-11 21:24:41 - [ACCESS] Usuario admin accedió a index.php
2026-08-11 21:25:13 - [ACCESS] Usuario admin accedió a index.php
2026-08-11 21:25:45 - [ACCESS] Usuario admin accedió a index.php
2026-08-11 21:26:17 - [ACCESS] Usuario admin accedió a index.php
2026-08-11 21:26:49 - [ACCESS] Usuario admin accedió a index.php
2026-08-11 21:27:21 - [ACCESS] Usuario admin accedió a index.php
2026-08-11 21:27:53 - [ACCESS] Usuario admin accedió a index.php
2026-08-11 21:28:25 - [ACCESS] Usuario admin accedió a index.php
2026-08-11 21:28:57 - [ACCESS] Usuario admin accedió a index.php
2026-08-11 21:29:29 - [ACCESS] Usuario admin accedió a index.php
2026-08-11 21:30:01 - [ACCESS] Usuario admin accedió a index.php
2026-08-11 21:30:33 - [ACCESS] Usuario admin accedió a index.php
2026-08-11 21:31:05 - [ACCESS] Usuario admin accedió a index.php
2026-08-11 21:31:37 - [ACCESS] Usuario admin accedió a index.php
2026-08-11 21:32:09 - [ACCESS] Usuario admin accedió a index.php
2026-08-11 21:32:41 - [ACCESS] Usuario admin accedió a index.php
2026-08-11 21:33:13 - [ACCESS] Usuario admin accedió a index.php
2026-08-11 21:33:45 - [ACCESS] Usuario admin accedió a index.php
2026-08-11 21:34:17 - [ACCESS] Usuario admin accedió a index.php
2026-08-11 21:34:49 - [ACCESS] Usuario admin accedió a index.php
2026-08-11 21:35:21 - [ACCESS] Usuario admin accedió a index.php
2026-08-11 21:35:53 - [ACCESS] Usuario admin accedió a index.php
2026-08-11 21:36:25 - [ACCESS] Usuario admin accedió a index.php
2026-08-11 21:36:57 - [ACCESS] Usuario admin accedió a index.php
2026-08-11 21:37:29 - [ACCESS] Usuario admin accedió a index.php
2026-08-11 21:38:01 - [ACCESS] Usuario admin accedió a index.php
2026-08-11 21:38:33 - [ACCESS] Usuario admin accedió a index.php
2026-08-11 21:39:05 - [ACCESS] Usuario admin accedió a index.php
2026-08-11 21:39:37 - [ACCESS] Usuario admin accedió a index.php
2026-08-11 21:40:09 - [ACCESS] Usuario admin accedió a index.php
2026-08-11 21:40:41 - [ACCESS] Usuario admin accedió a index.php
2026-08-11 21:41:13 - [ACCESS] Usuario admin accedió a index.php
2026-08-11 21:41:45 - [ACCESS] Usuario admin accedió a index.php
2026-08-11 21:42:17 - [ACCESS] Usuario admin accedió a index.php
2026-08-11 21:42:49 - [ACCESS] Usuario admin accedió a index.php
2026-08-11 21:43:21 - [ACCESS] Usuario admin accedió a index.php
2026-08-11 21:43:53 - [ACCESS] Usuario admin accedió a index.php
2026-08-11 21:44:25 - [ACCESS] Usuario admin accedió a index.php
2026-08-11 21:44:57 - [ACCESS] Usuario admin accedió a index.php
2026-08-11 21:45:29 - [ACCESS] Usuario admin accedió a index.php
2026-08-11 21:46:01 - [ACCESS] Usuario admin accedió a index.php
2026-08-11 21:46:33 - [ACCESS] Usuario admin accedió a index.php
2026-08-11 21:47:05 - [ACCESS] Usuario admin accedió a index.php
2026-08-11 21:47:37 - [ACCESS] Usuario admin accedió a index.php
2026-08-11 21:48:09 - [ACCESS] Usuario admin accedió a index.php
2026-08-11 21:48:41 - [ACCESS] Usuario admin accedió a index.php
2026-08-11 21:49:13 - [ACCESS] Usuario admin accedió a index.php
2026-08-11 21:49:45 - [ACCESS] Usuario admin accedió a index.php
2026-08-11 21:50:17 - [ACCESS] Usuario admin accedió a index.php
2026-08-11 21:50:49 - [ACCESS] Usuario admin accedió a index.php
2026-08-11 21:51:21 - [ACCESS] Usuario admin accedió a index.php
2026-08-11 21:51:53 - [ACCESS] Usuario admin accedió a index.php
2026-08-11 21:52:25 - [ACCESS] Usuario admin accedió a index.php
2026-08-11 21:52:57 - [ACCESS] Usuario admin accedió a index.php
2026-08-11 21:53:29 - [ACCESS] Usuario admin accedió a index.php
2026-08-11 21:54:01 - [ACCESS] Usuario admin accedió a index.php
2026-08-11 21:54:33 - [ACCESS] Usuario admin accedió a index.php
2026-08-11 21:55:05 - [ACCESS] Usuario admin accedió a index.php
2026-08-11 21:55:37 - [ACCESS] Usuario admin accedió a index.php
2026-08-11 21:56:09 - [ACCESS] Usuario admin accedió a index.php
2026-08-11 21:56:41 - [ACCESS] Usuario admin accedió a index.php
2026-08-11 21:57:13 - [ACCESS] Usuario admin accedió a index.php
2026-08-11 21:57:45 - [ACCESS] Usuario admin accedió a index.php
2026-08-11 21:58:17 - [ACCESS] Usuario admin accedió a index.php
2026-08-11 21:58:49 - [ACCESS] Usuario admin accedió a index.php
2026-08-11 21:59:21 - [ACCESS] Usuario admin accedió a index.php
2026-08-11 21:59:53 - [ACCESS] Usuario admin accedió a index.php
2026-08-11 22:00:25 - [ACCESS] Usuario admin accedió a index.php
2026-08-11 22:00:57 - [ACCESS] Usuario admin accedió a index.php
2026-08-11 22:01:29 - [ACCESS] Usuario admin accedió a index.php
2026-08-11 22:02:01 - [ACCESS] Usuario admin accedió a index.php
2026-08-11 22:02:33 - [ACCESS] Usuario admin accedió a index.php
2026-08-11 22:03:05 - [ACCESS] Usuario admin accedió a index.php
2026-08-11 22:03:37 - [ACCESS] Usuario admin accedió a index.php
2026-08-11 22:04:09 - [ACCESS] Usuario admin accedió a index.php
2026-08-11 22:04:41 - [ACCESS] Usuario admin accedió a index.php
2026-08-11 22:05:13 - [ACCESS] Usuario admin accedió a index.php
2026-08-11 22:05:45 - [ACCESS] Usuario admin accedió a index.php
2026-08-11 22:06:17 - [ACCESS] Usuario admin accedió a index.php
2026-08-11 22:06:49 - [ACCESS] Usuario admin accedió a index.php
2026-08-11 22:07:21 - [ACCESS] Usuario admin accedió a index.php
2026-08-11 22:07:53 - [ACCESS] Usuario admin accedió a index.php
2026-08-11 22:08:25 - [ACCESS] Usuario admin accedió a index.php
2026-08-11 22:08:57 - [ACCESS] Usuario admin accedió a index.php
2026-08-11 22:09:29 - [ACCESS] Usuario admin accedió a index.php
2026-08-11 22:10:01 - [ACCESS] Usuario admin accedió a index.php
2026-08-11 22:10:33 - [ACCESS] Usuario admin accedió a index.php
2026-08-11 22:11:05 - [ACCESS] Usuario admin accedió a index.php
2026-08-11 22:11:37 - [ACCESS] Usuario admin accedió a index.php
2026-08-11 22:12:09 - [ACCESS] Usuario admin accedió a index.php
2026-08-11 22:12:41 - [ACCESS] Usuario admin accedió a index.php
2026-08-11 22:13:13 - [ACCESS] Usuario admin accedió a index.php
2026-08-11 22:13:45 - [ACCESS] Usuario admin accedió a index.php
2026-08-11 22:14:17 - [ACCESS] Usuario admin accedió a index.php
2026-08-11 22:14:49 - [ACCESS] Usuario admin accedió a index.php
2026-08-11 22:15:21 - [ACCESS] Usuario admin accedió a index.php
2026-08-11 22:15:53 - [ACCESS] Usuario admin accedió a index.php
2026-08-11 22:16:25 - [ACCESS] Usuario admin accedió a index.php
2026-08-11 22:16:57 - [ACCESS] Usuario admin accedió a index.php
2026-08-11 22:17:29 - [ACCESS] Usuario admin accedió a index.php
2026-08-11 22:18:01 - [ACCESS] Usuario admin accedió a index.php
2026-08-11 22:18:33 - [ACCESS] Usuario admin accedió a index.php
2026-08-11 22:19:05 - [ACCESS] Usuario admin accedió a index.php
2026-08-11 22:19:37 - [ACCESS] Usuario admin accedió a index.php
2026-08-11 22:20:09 - [ACCESS] Usuario admin accedió a index.php
2026-08-11 22:20:41 - [ACCESS] Usuario admin accedió a index.php
2026-08-11 22:21:13 - [ACCESS] Usuario admin accedió a index.php
2026-08-11 22:21:45 - [ACCESS] Usuario admin accedió a index.php
2026-08-11 22:22:17 - [ACCESS] Usuario admin accedió a index.php
2026-08-11 22:22:49 - [ACCESS] Usuario admin accedió a index.php
2026-08-11 22:23:21 - [ACCESS] Usuario admin accedió a index.php
2026-08-11 22:23:53 - [ACCESS] Usuario admin accedió a index.php
2026-08-11 22:24:25 - [ACCESS] Usuario admin accedió a index.php
2026-08-11 22:24:57 - [ACCESS] Usuario admin accedió a index.php
2026-08-11 22:25:29 - [ACCESS] Usuario admin accedió a index.php
2026-08-11 22:26:01 - [ACCESS] Usuario admin accedió a index.php
2026-08-11 22:26:33 - [ACCESS] Usuario admin accedió a index.php
2026-08-11 22:27:05 - [ACCESS] Usuario admin accedió a index.php
2026-08-11 22:27:37 - [ACCESS] Usuario admin accedió a index.php
2026-08-11 22:28:09 - [ACCESS] Usuario admin accedió a index.php
2026-08-11 22:28:41 - [ACCESS] Usuario admin accedió a index.php
2026-08-11 22:29:13 - [ACCESS] Usuario admin accedió a index.php
2026-08-11 22:29:45 - [ACCESS] Usuario admin accedió a index.php
2026-08-19 20:37:22 - [SECURITY] Intento de login fallido para usuario: admin
2026-08-19 20:37:31 - [ACCESS] Login exitoso para usuario: admin
2026-08-19 20:37:31 - [ACCESS] Usuario admin accedió a index.php
2026-08-19 20:38:03 - [ACCESS] Usuario admin accedió a index.php
2026-08-19 20:38:34 - [ACCESS] Usuario admin accedió a index.php
2026-08-19 20:39:06 - [ACCESS] Usuario admin accedió a index.php
2026-08-19 20:39:38 - [ACCESS] Usuario admin accedió a index.php
2026-08-19 20:39:49 - [ACCESS] Usuario admin accedió a pqrs.php
2026-08-19 20:39:56 - [ACCESS] Usuario admin accedió a reportes.php
2026-08-25 13:46:35 - [SECURITY] Intento de login fallido para usuario: admin
2026-08-25 13:46:43 - [ACCESS] Login exitoso para usuario: admin
2026-08-25 13:46:43 - [ACCESS] Usuario admin accedió a index.php
2026-08-25 13:46:54 - [ACCESS] Usuario admin accedió a pqrs.php
2026-08-25 13:47:15 - [ACCESS] Usuario admin accedió a reportes.php
2026-08-25 13:48:37 - [ACCESS] Usuario admin accedió a index.php
2026-08-25 13:49:06 - [ACCESS] Usuario admin accedió a usuarios.php
2026-08-25 13:49:43 - [ACCESS] Usuario admin accedió a reportes.php
2026-08-25 13:50:24 - [ACCESS] Usuario admin accedió a usuarios.php
2026-08-25 13:50:56 - [ACCESS] Usuario admin accedió a pqrs.php
2026-08-25 13:51:08 - [ACCESS] Usuario admin accedió a reportes.php
2026-08-25 13:51:21 - [ACCESS] Usuario admin accedió a usuarios.php
2026-08-25 13:51:26 - [ACCESS] Usuario admin accedió a pqrs.php
2026-08-25 14:01:36 - [ACCESS] Usuario admin accedió a estado.php
2026-08-25 14:04:28 - [ACCESS] Usuario admin accedió a index.php
2026-08-25 14:04:35 - [ACCESS] Usuario admin accedió a pqrs.php
2026-08-25 14:23:49 - [ACCESS] Usuario admin accedió a index.php
2026-08-25 14:24:20 - [ACCESS] Usuario admin accedió a index.php
2026-08-25 14:24:22 - [ACCESS] Usuario admin accedió a pqrs.php
2026-08-25 14:27:15 - [ACCESS] Usuario admin accedió a pqrs.php
2026-08-25 14:27:21 - [ACCESS] Usuario admin accedió a index.php
2026-08-25 14:27:46 - [ACCESS] Usuario admin accedió a usuarios.php
2026-08-25 15:21:36 - [ACCESS] Usuario admin accedió a reportes.php
2026-08-25 15:21:39 - [ACCESS] Usuario admin accedió a pqrs.php
2026-08-25 15:23:44 - [ACCESS] Usuario admin accedió a pqrs.php
2026-08-25 15:37:28 - [ACCESS] Usuario admin accedió a usuarios.php
2026-08-25 15:40:48 - [ACCESS] Usuario admin accedió a usuarios.php
2026-08-25 15:42:50 - [ACCESS] Usuario admin accedió a usuarios.php
2026-08-25 15:42:52 - [ACCESS] Usuario admin accedió a festivos.php
2026-08-25 15:42:53 - [ACCESS] Usuario admin accedió a estado.php
2026-08-25 15:42:54 - [ACCESS] Usuario admin accedió a usuarios.php
2026-08-25 15:43:51 - [ACCESS] Usuario admin accedió a usuarios.php
2026-08-25 15:43:55 - [ACCESS] Usuario admin accedió a usuarios.php
2026-08-25 15:44:04 - [ACCESS] Usuario admin accedió a festivos.php
2026-08-25 15:44:05 - [ACCESS] Usuario admin accedió a usuarios.php
2026-08-25 15:47:28 - [ACCESS] Usuario admin accedió a usuarios.php
2026-08-25 15:47:33 - [ACCESS] Usuario admin accedió a usuarios.php
2026-08-25 15:48:34 - [ACCESS] Usuario admin accedió a usuarios.php
2026-08-25 16:14:51 - [ACCESS] Usuario admin accedió a pqrs.php
2026-08-25 16:25:12 - [ACCESS] Usuario admin accedió a pqrs.php
2026-08-25 16:27:48 - [ACCESS] Usuario admin accedió a pqrs.php
2026-08-25 16:41:44 - [ACCESS] Usuario admin accedió a pqrs.php
2026-08-25 16:42:18 - [ACCESS] Usuario admin accedió a pqrs.php
2026-08-25 16:44:49 - [ACCESS] Usuario admin accedió a pqrs.php
2026-08-25 16:51:12 - [ACCESS] Usuario admin accedió a pqrs.php
2026-08-25 16:51:29 - [ACCESS] Usuario admin accedió a pqrs.php
2026-08-25 17:16:01 - [ACCESS] Usuario admin accedió a pqrs.php
2026-08-25 17:16:54 - [ACCESS] Usuario admin accedió a pqrs.php
2026-08-25 17:17:16 - [ACCESS] Usuario admin accedió a pqrs.php
2026-08-25 17:17:26 - [ACCESS] Usuario admin accedió a pqrs.php
2026-08-25 17:21:39 - [ACCESS] Usuario admin accedió a index.php
2026-08-25 17:22:10 - [ACCESS] Usuario admin accedió a index.php
2026-08-25 17:22:11 - [ACCESS] Usuario admin accedió a pqrs.php
2026-08-25 17:25:04 - [ACCESS] Usuario admin accedió a reportes.php
2026-08-25 17:25:08 - [ACCESS] Usuario admin accedió a reportes.php
2026-08-25 17:25:25 - [ACCESS] Usuario admin accedió a usuarios.php
2026-08-25 17:25:32 - [ACCESS] Usuario admin accedió a pqrs.php
2026-08-25 17:25:57 - [ACCESS] Usuario admin accedió a pqrs.php
2026-08-25 17:26:10 - [ACCESS] Usuario admin accedió a pqrs.php
2026-08-25 18:43:06 - [ACCESS] Usuario admin accedió a index.php
2026-08-25 18:43:37 - [ACCESS] Usuario admin accedió a index.php
2026-08-25 18:44:08 - [ACCESS] Usuario admin accedió a index.php
2026-08-25 18:44:18 - [ACCESS] Usuario admin accedió a pqrs.php
2026-08-25 19:09:22 - [ACCESS] Usuario admin accedió a pqrs.php
2026-08-25 19:09:34 - [ACCESS] Usuario admin accedió a pqrs.php
2026-08-25 19:10:40 - [ACCESS] Usuario admin accedió a pqrs.php
2026-08-25 19:27:23 - [ACCESS] Usuario admin accedió a pqrs.php
2026-08-25 19:27:38 - [ACCESS] Usuario admin accedió a pqrs.php
2026-09-07 21:42:33 - [ACCESS] Login exitoso para usuario: admin
2026-09-07 21:42:33 - [ACCESS] Usuario admin accedió a index.php
2026-09-07 21:42:39 - [ACCESS] Usuario admin accedió a festivos.php
2026-09-14 21:10:27 - [ACCESS] Login exitoso para usuario: admin
2026-09-14 21:10:27 - [ACCESS] Usuario admin accedió a index.php
2026-09-14 21:10:32 - [ACCESS] Usuario admin accedió a reportes.php
2026-09-14 21:10:36 - [ACCESS] Usuario admin accedió a pqrs.php
2026-09-14 21:10:40 - [ACCESS] Usuario admin accedió a reportes.php
2026-09-14 21:27:04 - [ACCESS] Usuario admin accedió a reportes.php
2026-09-14 21:27:13 - [ACCESS] Usuario admin accedió a reportes.php
2026-09-14 21:27:30 - [ACCESS] Usuario admin accedió a reportes.php
2026-09-14 21:27:43 - [ACCESS] Usuario admin accedió a reportes.php
2026-09-14 21:27:56 - [ACCESS] Usuario admin accedió a reportes.php
2026-09-14 21:28:09 - [ACCESS] Usuario admin accedió a reportes.php
2026-09-15 13:03:33 - [ACCESS] Login exitoso para usuario: admin
2026-09-15 13:03:33 - [ACCESS] Usuario admin accedió a index.php
2026-09-15 13:03:44 - [ACCESS] Usuario admin accedió a reportes.php
2026-09-15 13:05:20 - [ACCESS] Usuario admin accedió a reportes.php
2026-09-15 13:05:55 - [ACCESS] Usuario admin accedió a reportes.php
2026-09-15 13:06:39 - [ACCESS] Usuario admin accedió a reportes.php
2026-09-15 13:12:02 - [ACCESS] Usuario admin accedió a reportes.php
2026-09-15 13:12:07 - [ACCESS] Usuario admin accedió a reportes.php
2026-09-15 13:19:31 - [ACCESS] Usuario admin accedió a reportes.php
2026-09-15 13:22:34 - [ACCESS] Usuario admin accedió a reportes.php
2026-09-15 13:23:42 - [ACCESS] Usuario admin accedió a reportes.php
2026-09-15 13:24:01 - [ACCESS] Usuario admin accedió a reportes.php
2026-09-22 13:51:54 - [ACCESS] Login exitoso para usuario: admin
2026-09-22 13:51:54 - [ACCESS] Usuario admin accedió a index.php
2026-09-22 13:51:59 - [ACCESS] Usuario admin accedió a reportes.php
2026-09-22 13:52:15 - [ACCESS] Usuario admin accedió a reportes.php
2026-09-22 14:01:16 - [ACCESS] Usuario admin accedió a reportes.php
2026-09-22 14:01:24 - [ACCESS] Usuario admin accedió a reportes.php
2026-09-22 14:14:28 - [ACCESS] Usuario admin accedió a reportes.php
2026-09-22 14:15:16 - [ACCESS] Usuario admin accedió a pqrs.php
2026-09-22 14:16:12 - [ACCESS] Usuario admin accedió a index.php
2026-09-22 14:16:43 - [ACCESS] Usuario admin accedió a index.php
2026-09-22 14:17:14 - [ACCESS] Usuario admin accedió a index.php
2026-09-22 14:17:45 - [ACCESS] Usuario admin accedió a index.php
2026-09-22 14:18:16 - [ACCESS] Usuario admin accedió a index.php
2026-09-22 14:18:47 - [ACCESS] Usuario admin accedió a index.php
2026-09-22 14:19:18 - [ACCESS] Usuario admin accedió a index.php
2026-09-22 14:19:49 - [ACCESS] Usuario admin accedió a index.php
2026-09-22 14:20:20 - [ACCESS] Usuario admin accedió a index.php
2026-09-22 14:20:51 - [ACCESS] Usuario admin accedió a index.php
2026-09-22 14:21:22 - [ACCESS] Usuario admin accedió a index.php
2026-09-22 14:21:54 - [ACCESS] Usuario admin accedió a index.php
2026-09-22 14:22:25 - [ACCESS] Usuario admin accedió a index.php
2026-09-22 14:22:56 - [ACCESS] Usuario admin accedió a index.php
2026-09-22 14:23:27 - [ACCESS] Usuario admin accedió a index.php
2026-09-22 14:23:58 - [ACCESS] Usuario admin accedió a index.php
2026-09-22 14:24:29 - [ACCESS] Usuario admin accedió a index.php
2026-09-22 14:25:00 - [ACCESS] Usuario admin accedió a index.php
2026-09-22 14:25:31 - [ACCESS] Usuario admin accedió a index.php
2026-09-22 14:25:42 - [ACCESS] Usuario admin accedió a reportes.php
2026-09-22 14:26:11 - [ACCESS] Usuario admin accedió a reportes.php
2026-09-22 14:27:43 - [ACCESS] Usuario admin accedió a reportes.php
2026-09-22 14:56:39 - [ACCESS] Usuario admin accedió a index.php
2026-09-22 14:57:07 - [ACCESS] Usuario admin accedió a pqrs.php
2026-09-22 14:58:35 - [ACCESS] Usuario admin accedió a reportes.php
2026-09-22 14:59:07 - [ACCESS] Usuario admin accedió a reportes.php
2026-09-22 15:06:04 - [ACCESS] Usuario admin accedió a festivos.php
2026-09-22 15:06:57 - [ACCESS] Usuario admin accedió a reportes.php
2026-09-22 15:10:05 - [ACCESS] Usuario admin accedió a reportes.php
2026-09-22 15:27:56 - [ACCESS] Usuario admin accedió a index.php
2026-09-22 15:28:20 - [ACCESS] Usuario admin accedió a pqrs.php
2026-09-22 15:46:36 - [ACCESS] Usuario admin accedió a reportes.php
2026-09-22 16:22:02 - [ACCESS] Usuario admin accedió a index.php
2026-09-22 16:22:31 - [ACCESS] Usuario admin accedió a pqrs.php
2026-09-22 16:38:20 - [ACCESS] Usuario admin accedió a pqrs.php
2026-09-22 16:38:26 - [ACCESS] Usuario admin accedió a index.php
2026-09-22 16:38:36 - [ACCESS] Usuario admin accedió a pqrs.php
2026-09-22 16:38:43 - [ACCESS] Usuario admin accedió a gerencial.php
2026-09-22 11:38:44 - Excepción: arsort(): Argument #1 ($array) could not be passed by reference en C:\laragon\www\Desarrollos\pqrs\dashboard\gerencial.php línea 91
2026-09-22 16:38:51 - [ACCESS] Usuario admin accedió a reportes.php
2026-09-22 16:40:26 - [ACCESS] Usuario admin accedió a gerencial.php
2026-09-22 11:40:27 - Excepción: arsort(): Argument #1 ($array) could not be passed by reference en C:\laragon\www\Desarrollos\pqrs\dashboard\gerencial.php línea 91
2026-09-22 16:40:32 - [ACCESS] Usuario admin accedió a gerencial.php
2026-09-22 11:40:34 - Excepción: arsort(): Argument #1 ($array) could not be passed by reference en C:\laragon\www\Desarrollos\pqrs\dashboard\gerencial.php línea 91
2026-09-22 16:40:40 - [ACCESS] Usuario admin accedió a pqrs.php
2026-09-22 16:40:45 - [ACCESS] Usuario admin accedió a gerencial.php
2026-09-22 11:40:46 - Excepción: arsort(): Argument #1 ($array) could not be passed by reference en C:\laragon\www\Desarrollos\pqrs\dashboard\gerencial.php línea 91
2026-09-22 16:41:39 - [ACCESS] Usuario admin accedió a reportes.php
2026-09-22 16:41:47 - [ACCESS] Usuario admin accedió a index.php
2026-09-22 16:42:19 - [ACCESS] Usuario admin accedió a index.php
2026-09-22 16:42:28 - [ACCESS] Usuario admin accedió a index.php
2026-09-22 16:42:31 - [ACCESS] Usuario admin accedió a gerencial.php
2026-09-22 16:43:45 - [ACCESS] Usuario admin accedió a gerencial.php
2026-09-22 16:47:59 - [ACCESS] Usuario admin accedió a index.php
2026-09-22 16:48:00 - [ACCESS] Usuario admin accedió a index.php
2026-09-22 16:48:04 - [ACCESS] Usuario admin accedió a index.php
2026-09-22 16:48:08 - [ACCESS] Usuario admin accedió a gerencial.php
2026-09-22 16:50:18 - [ACCESS] Usuario admin accedió a gerencial.php
2026-09-22 16:51:20 - [ACCESS] Usuario admin accedió a gerencial.php
2026-09-22 16:54:31 - [ACCESS] Usuario admin accedió a gerencial.php
2026-09-22 16:56:09 - [ACCESS] Usuario admin accedió a gerencial.php
2026-09-22 17:10:44 - [ACCESS] Usuario admin accedió a gerencial.php
2026-09-22 17:11:33 - [ACCESS] Usuario admin accedió a gerencial.php
2026-09-22 17:11:46 - [ACCESS] Usuario admin accedió a gerencial.php
2026-09-22 17:11:53 - [ACCESS] Usuario admin accedió a gerencial.php
2026-09-22 17:12:10 - [ACCESS] Usuario admin accedió a gerencial.php
2026-09-22 17:13:44 - [ACCESS] Usuario admin accedió a gerencial.php
2026-09-22 17:13:55 - [ACCESS] Usuario admin accedió a gerencial.php
2026-09-22 17:14:27 - [ACCESS] Usuario admin accedió a gerencial.php
2026-09-22 20:26:05 - [ACCESS] Usuario admin accedió a gerencial.php
2026-09-22 20:26:16 - [ACCESS] Usuario admin accedió a gerencial.php
2026-09-22 20:38:19 - [ACCESS] Usuario admin accedió a gerencial.php
2026-09-22 20:44:30 - [ACCESS] Usuario admin accedió a reportes.php
2026-09-22 20:44:44 - [ACCESS] Usuario admin accedió a reportes.php
2026-09-22 20:50:13 - [ACCESS] Usuario admin accedió a gerencial.php
2026-09-22 20:50:39 - [ACCESS] Usuario admin accedió a reportes.php
2026-09-22 20:53:44 - [ACCESS] Usuario admin accedió a gerencial.php
2026-09-22 21:01:24 - [ACCESS] Usuario admin accedió a usuarios.php
2026-09-22 21:15:46 - [ACCESS] Usuario admin accedió a gerencial.php
2026-09-22 21:21:37 - [ACCESS] Usuario admin accedió a gerencial.php
2026-09-22 21:25:13 - [ACCESS] Usuario admin accedió a gerencial.php
2026-09-22 21:36:09 - [ACCESS] Usuario admin accedió a gerencial.php
2026-09-22 21:40:11 - [ACCESS] Usuario admin accedió a gerencial.php
2026-09-22 21:40:52 - [ACCESS] Usuario admin accedió a gerencial.php
2026-09-22 21:52:35 - [ACCESS] Usuario admin accedió a reportes.php
2026-09-22 22:00:31 - [ACCESS] Usuario admin accedió a gerencial.php
2026-09-22 22:01:09 - [ACCESS] Usuario admin accedió a gerencial.php
2026-09-22 22:01:44 - [ACCESS] Usuario admin accedió a gerencial.php
2026-09-22 22:02:26 - [ACCESS] Usuario admin accedió a reportes.php
2026-09-22 22:04:54 - [ACCESS] Usuario admin accedió a reportes.php
2026-09-22 22:05:34 - [ACCESS] Usuario admin accedió a gerencial.php
2026-09-22 22:10:29 - [ACCESS] Usuario admin accedió a gerencial.php
2026-09-22 22:11:34 - [ACCESS] Usuario admin accedió a gerencial.php
2026-09-22 22:12:06 - [ACCESS] Usuario admin accedió a gerencial.php
2026-09-22 22:17:54 - [ACCESS] Usuario admin accedió a gerencial.php
2026-09-23 13:06:10 - [ACCESS] Login exitoso para usuario: admin
2026-09-23 13:06:10 - [ACCESS] Usuario admin accedió a index.php
2026-09-23 13:06:41 - [ACCESS] Usuario admin accedió a index.php
2026-09-23 13:07:12 - [ACCESS] Usuario admin accedió a index.php
2026-09-23 13:07:44 - [ACCESS] Usuario admin accedió a index.php
2026-09-23 13:08:15 - [ACCESS] Usuario admin accedió a index.php
2026-09-23 13:08:46 - [ACCESS] Usuario admin accedió a index.php
2026-09-23 13:09:17 - [ACCESS] Usuario admin accedió a index.php
2026-09-23 13:09:26 - [ACCESS] Usuario admin accedió a gerencial.php
2026-09-23 16:24:00 - [ACCESS] Usuario admin accedió a reportes.php
2026-09-23 16:24:36 - [ACCESS] Usuario admin accedió a reportes.php
2026-09-23 16:25:26 - [ACCESS] Usuario admin accedió a gerencial.php
2026-09-23 16:35:03 - [ACCESS] Usuario admin accedió a estado.php
2026-09-23 17:24:29 - [ACCESS] Usuario admin accedió a gerencial.php
2026-09-23 19:48:16 - [ACCESS] Usuario admin accedió a gerencial.php
2026-09-23 20:27:40 - [ACCESS] Usuario admin accedió a gerencial.php
2026-09-23 20:48:05 - [ACCESS] Usuario admin accedió a reportes.php
2026-09-23 22:08:35 - [ACCESS] Login exitoso para usuario: admin
2026-09-23 22:08:35 - [ACCESS] Usuario admin accedió a index.php
2026-09-23 22:08:49 - [ACCESS] Usuario admin accedió a reportes.php
2026-09-23 22:09:43 - [ACCESS] Usuario admin accedió a reportes.php
2026-09-23 22:12:07 - [ACCESS] Usuario admin accedió a reportes.php
2026-09-23 22:12:44 - [ACCESS] Usuario admin accedió a reportes.php
